helio_id,x_location,y_location,z_location,x_aimpoint,y_aimpoint,z_aimpoint,focal_length,slant_range
0,-121.07512104931915,235.18142011495436,0.0,0.48000000000000004,-0.32000000000000006,49.44574374157796,"(232.2252682797293, 232.2252682797293)",269.5949701007655
1,111.25163100470041,239.98449929774202,0.0,-0.4799999999999999,-0.3200000000000002,49.44574374157796,"(232.2252682797293, 232.2252682797293)",269.5831807139808
2,-163.5329790262005,177.61217915101645,0.0,0.3199999999999999,-0.4,49.30717967697245,"(232.2252682797293, 232.2252682797293)",246.91563868971792
3,148.75786998507613,199.46532364270652,0.0,0.3199999999999999,-0.4,49.30717967697245,"(232.2252682797293, 232.2252682797293)",253.7935121475871
4,167.06885197236826,153.7669383498232,0.0,-0.32000000000000023,-0.40000000000000013,49.30717967697245,"(232.2252682797293, 232.2252682797293)",232.84688233361177
5,-140.4016446609611,214.8679590167032,0.0,-0.48000000000000004,0.3200000000000002,50.55425625842204,"(232.2252682797293, 232.2252682797293)",261.08356169759793
6,162.0477856430282,168.85749877852547,0.0,0.3199999999999998,0.40000000000000036,50.692820323027554,"(232.2252682797293, 232.2252682797293)",238.9635277108558
7,-171.63861146213688,126.98572584320847,0.0,-0.1600000000000002,0.4800000000000002,50.83138438763306,"(232.2252682797293, 232.2252682797293)",219.07177476540159
8,156.05254514664736,184.21922962929276,0.0,-0.32000000000000023,-0.40000000000000013,49.30717967697245,"(232.2252682797293, 232.2252682797293)",246.91664745871438
9,-114.90460752916695,35.51461398031611,0.0,7.837739514543063e-17,-0.6400000000000002,48.89148748315592,"(162.30954885748267, 162.30954885748267)",130.00231725555184
10,131.4011955620809,220.48715935483,0.0,0.4799999999999999,0.3200000000000003,50.55425625842204,"(232.2252682797293, 232.2252682797293)",261.09322153518644
11,-128.74606509981547,57.92247396986877,0.0,0.48000000000000004,-0.56,49.03005154776143,"(162.30954885748267, 162.30954885748267)",150.07838491133313
12,101.23802356801703,244.37747009173242,0.0,0.48000000000000004,-0.32000000000000006,49.44574374157796,"(232.2252682797293, 232.2252682797293)",269.20979320371157
13,-111.2516310047003,239.98449929774205,0.0,-0.48000000000000004,0.3200000000000002,50.55425625842204,"(232.2252682797293, 232.2252682797293)",268.8217983812345
14,-169.87047012148625,118.16702129334284,0.0,-0.1600000000000002,0.4800000000000002,50.83138438763306,"(232.2252682797293, 232.2252682797293)",212.68687850574824
15,119.06881982647047,47.80177474699451,0.0,-7.837739514543067e-17,0.6400000000000005,51.10851251684408,"(162.30954885748267, 162.30954885748267)",137.8901624621537
16,-148.75786998507613,199.46532364270652,0.0,0.3199999999999998,0.40000000000000036,50.692820323027554,"(232.2252682797293, 232.2252682797293)",253.8128767981749
17,-117.03479156663808,41.5004552964714,0.0,7.837739514543063e-17,-0.6400000000000002,48.89148748315592,"(162.30954885748267, 162.30954885748267)",133.6537988908505
18,-168.0505836343782,109.76670168211373,0.0,0.15999999999999986,0.4800000000000002,50.83138438763306,"(232.2252682797293, 232.2252682797293)",206.93528758995353
19,124.1704651427291,181.71185462519344,0.0,0.6399999999999999,-0.4,49.30717967697245,"(232.2252682797293, 232.2252682797293)",225.512086995584
20,164.98286266266177,145.66453773215505,0.0,-0.32000000000000034,0.48000000000000015,50.83138438763306,"(232.2252682797293, 232.2252682797293)",225.80393273752716
21,91.0514109461989,248.35282536967514,0.0,-0.6400000000000001,-0.3200000000000002,49.44574374157796,"(232.2252682797293, 232.2252682797293)",269.6115177302325
22,-101.23802356801703,244.37747009173242,0.0,-0.48000000000000004,0.3200000000000002,50.55425625842204,"(232.2252682797293, 232.2252682797293)",268.8344487723851
23,-131.40119556208083,220.48715935483003,0.0,0.48000000000000004,-0.32000000000000006,49.44574374157796,"(232.2252682797293, 232.2252682797293)",261.90328928707805
24,140.38687116769935,205.44304714964255,0.0,0.48000000000000004,-0.4,49.30717967697245,"(232.2252682797293, 232.2252682797293)",253.72522662810343
25,122.1761955744737,225.72957021722783,0.0,-0.4799999999999999,-0.3200000000000002,49.44574374157796,"(232.2252682797293, 232.2252682797293)",261.89278738131515
26,-165.88956348405554,101.57609618354886,0.0,0.15999999999999986,0.4800000000000002,50.83138438763306,"(232.2252682797293, 232.2252682797293)",200.93956264400015
27,-161.2057196188587,86.20458324740676,0.0,0.15999999999999986,0.5600000000000003,50.96994845223857,"(162.30954885748267, 162.30954885748267)",189.66239941790772
28,-163.7022629897585,93.78203180203214,0.0,0.15999999999999986,0.4800000000000002,50.83138438763306,"(162.30954885748267, 162.30954885748267)",195.29449559389917
29,-156.0525451466473,184.21922962929278,0.0,0.3199999999999998,0.40000000000000036,50.692820323027554,"(232.2252682797293, 232.2252682797293)",246.6001704976087
30,-162.0477856430282,168.85749877852547,0.0,0.3199999999999999,-0.4,49.30717967697245,"(232.2252682797293, 232.2252682797293)",239.67185207086825
31,-167.0688519723683,153.76693834982314,0.0,-0.32000000000000034,0.40000000000000024,50.692820323027554,"(232.2252682797293, 232.2252682797293)",232.15589470268466
32,80.70920099392754,251.9037716655226,0.0,-0.6400000000000001,-0.3200000000000002,49.44574374157796,"(232.2252682797293, 232.2252682797293)",269.5911813648397
33,5.467415438140109,264.4609473491705,0.0,0.7999999999999998,-0.24,49.58430780618347,"(232.2252682797293, 232.2252682797293)",269.34546566637965
34,-91.0514109461988,248.35282536967517,0.0,0.6399999999999999,0.3200000000000003,50.55425625842204,"(232.2252682797293, 232.2252682797293)",269.2272834019812
35,-5.467415438140109,264.4609473491705,0.0,-0.8000000000000003,0.24,50.41569219381653,"(232.2252682797293, 232.2252682797293)",269.02831784841345
36,148.3054338023201,190.51146872737652,0.0,-0.4799999999999999,-0.40000000000000013,49.30717967697245,"(232.2252682797293, 232.2252682797293)",247.0131416971289
37,-124.1704651427291,181.71185462519344,0.0,-0.6400000000000001,-0.40000000000000013,49.30717967697245,"(232.2252682797293, 232.2252682797293)",225.512086995584
38,163.93914903138858,136.78136908015304,0.0,0.3199999999999999,-0.48000000000000015,49.16861561236694,"(232.2252682797293, 232.2252682797293)",219.15625049893154
39,105.96473703301538,32.75148675215641,0.0,7.837739514543063e-17,-0.6400000000000002,48.89148748315592,"(93.14180625653468, 93.14180625653468)",121.3832543241082
40,154.93045133603522,175.41064669614832,0.0,0.3199999999999998,0.40000000000000036,50.692820323027554,"(232.2252682797293, 232.2252682797293)",238.96208936071704
41,70.22906746543536,255.0242407837523,0.0,0.6399999999999999,-0.32000000000000006,49.44574374157796,"(232.2252682797293, 232.2252682797293)",269.2363296182326
42,-130.39905647567082,65.21936565637102,0.0,0.48000000000000004,-0.56,49.03005154776143,"(162.30954885748267, 162.30954885748267)",154.46746688184066
43,16.392903073741227,264.0090112727383,0.0,-0.8000000000000003,-0.2400000000000002,49.58430780618347,"(232.2252682797293, 232.2252682797293)",269.4099839563137
44,-80.70920099392754,251.9037716655226,0.0,0.6399999999999999,0.3200000000000003,50.55425625842204,"(232.2252682797293, 232.2252682797293)",269.19847602399693
45,-122.17619557447375,225.7295702172278,0.0,-0.4799999999999999,-0.3200000000000002,49.44574374157796,"(232.2252682797293, 232.2252682797293)",261.4445520313089
46,112.7424092574868,230.5862328724848,0.0,-0.4799999999999999,-0.3200000000000002,49.44574374157796,"(232.2252682797293, 232.2252682797293)",261.88143101714905
47,-16.392903073741227,264.0090112727383,0.0,0.7999999999999998,0.2400000000000002,50.41569219381653,"(232.2252682797293, 232.2252682797293)",269.0937183274308
48,59.62891981190889,257.708900169278,0.0,-0.6400000000000001,-0.3200000000000002,49.44574374157796,"(232.2252682797293, 232.2252682797293)",269.54802464870585
49,160.57091962200013,160.54050081081905,0.0,-0.32000000000000023,-0.40000000000000013,49.30717967697245,"(232.2252682797293, 232.2252682797293)",232.8495883306376
50,27.290376953924877,263.10591143132194,0.0,-0.8000000000000003,-0.2400000000000002,49.58430780618347,"(232.2252682797293, 232.2252682797293)",269.44153712006914
51,-140.38687116769935,205.44304714964255,0.0,-0.48000000000000004,0.40000000000000024,50.692820323027554,"(232.2252682797293, 232.2252682797293)",253.35024337199386
52,48.92687257611214,259.95316202022786,0.0,-0.6400000000000001,0.24000000000000002,50.41569219381653,"(232.2252682797293, 232.2252682797293)",269.1645285005127
53,38.14121443652883,261.7531911280179,0.0,0.6399999999999999,-0.24000000000000002,49.58430780618347,"(232.2252682797293, 232.2252682797293)",269.2682247541937
54,-70.22906746543525,255.02424078375233,0.0,-0.6400000000000001,0.3200000000000002,50.55425625842204,"(232.2252682797293, 232.2252682797293)",268.83567733799543
55,131.77596588256583,211.069689993858,0.0,-0.4799999999999999,-0.40000000000000013,49.30717967697245,"(232.2252682797293, 232.2252682797293)",254.24843807843948
56,162.68842272331148,127.87454262845753,0.0,0.3199999999999998,0.48000000000000026,50.83138438763306,"(232.2252682797293, 232.2252682797293)",212.5481212053712
57,-27.290376953924877,263.10591143132194,0.0,0.7999999999999998,0.2400000000000002,50.41569219381653,"(232.2252682797293, 232.2252682797293)",269.12691929536675
58,101.78227987498155,27.610299779378497,0.0,-7.837739514543067e-17,0.6400000000000005,51.10851251684408,"(93.14180625653468, 93.14180625653468)",117.04319552380235
59,-59.62891981190889,257.708900169278,0.0,0.6399999999999999,0.3200000000000003,50.55425625842204,"(232.2252682797293, 232.2252682797293)",269.14145249568503
60,-38.14121443652883,261.7531911280179,0.0,-0.6400000000000001,0.24000000000000002,50.41569219381653,"(232.2252682797293, 232.2252682797293)",268.95581837460844
61,-164.98286266266177,145.66453773215505,0.0,0.3199999999999998,0.48000000000000026,50.83138438763306,"(232.2252682797293, 232.2252682797293)",225.80393273752716
62,-48.92687257611214,259.95316202022786,0.0,0.6399999999999999,-0.24000000000000002,49.58430780618347,"(232.2252682797293, 232.2252682797293)",269.4734866358459
63,120.7765460943476,54.33701093619308,0.0,-0.4799999999999999,-0.6400000000000003,48.89148748315592,"(162.30954885748267, 162.30954885748267)",141.83088256978635
64,161.3616345374807,119.3823703794568,0.0,0.3199999999999998,0.48000000000000026,50.83138438763306,"(232.2252682797293, 232.2252682797293)",206.5333178330323
65,103.11595796444922,235.04884779249687,0.0,0.6399999999999999,-0.32000000000000006,49.44574374157796,"(232.2252682797293, 232.2252682797293)",261.42818908078164
66,-148.30543380232012,190.5114687273765,0.0,0.4799999999999999,0.40000000000000036,50.692820323027554,"(232.2252682797293, 232.2252682797293)",246.67638291033776
67,-112.74240925748674,230.58623287248483,0.0,-0.48000000000000004,0.3200000000000002,50.55425625842204,"(232.2252682797293, 232.2252682797293)",261.11514578710876
68,-119.06881982647045,47.80177474699456,0.0,7.837739514543063e-17,-0.6400000000000002,48.89148748315592,"(162.30954885748267, 162.30954885748267)",137.52951299202158
69,140.3048839955733,196.47814366729247,0.0,-0.48000000000000004,0.40000000000000024,50.692820323027554,"(232.2252682797293, 232.2252682797293)",246.65113828636828
70,151.46015856104336,80.99315507049465,0.0,-0.32000000000000023,-0.5600000000000002,49.03005154776143,"(162.30954885748267, 162.30954885748267)",179.1426235979136
71,138.75370957678362,170.83591719474776,0.0,0.4799999999999999,0.40000000000000036,50.692820323027554,"(232.2252682797293, 232.2252682797293)",225.25048870633415
72,-154.93045133603522,175.41064669614832,0.0,0.3199999999999999,-0.4,49.30717967697245,"(232.2252682797293, 232.2252682797293)",239.6732861615115
73,159.68206069173837,111.07965647255148,0.0,0.3199999999999998,0.48000000000000026,50.83138438763306,"(232.2252682797293, 232.2252682797293)",200.53024719110832
74,153.82713367288017,88.12475086571055,0.0,0.3199999999999998,0.5600000000000003,50.96994845223857,"(162.30954885748267, 162.30954885748267)",183.92922912865512
75,157.95312058497822,103.1712755293485,0.0,-0.32000000000000023,-0.48000000000000026,49.16861561236694,"(162.30954885748267, 162.30954885748267)",195.477672330639
76,-131.77596588256583,211.069689993858,0.0,-0.48000000000000004,0.40000000000000024,50.692820323027554,"(232.2252682797293, 232.2252682797293)",253.35767399359918
77,155.90282871995848,95.46110311434944,0.0,-0.32000000000000023,-0.5600000000000002,49.03005154776143,"(162.30954885748267, 162.30954885748267)",189.81456849077247
78,-163.93914903138858,136.78136908015304,0.0,-0.32000000000000034,0.48000000000000015,50.83138438763306,"(232.2252682797293, 232.2252682797293)",218.93633499637096
79,147.54835710513478,181.6640361797683,0.0,-0.48000000000000004,0.40000000000000024,50.692820323027554,"(232.2252682797293, 232.2252682797293)",239.45523037037302
80,122.939869265457,216.33563683170374,0.0,-0.4799999999999999,-0.3200000000000002,49.44574374157796,"(232.2252682797293, 232.2252682797293)",254.19876214216976
81,93.31329229296718,239.10978883549228,0.0,-0.6400000000000001,-0.3200000000000002,49.44574374157796,"(232.2252682797293, 232.2252682797293)",261.913585918436
82,-103.11595796444918,235.0488477924969,0.0,0.6399999999999999,0.3200000000000003,50.55425625842204,"(232.2252682797293, 232.2252682797293)",261.5696152555872
83,-160.5709196220001,160.5405008108191,0.0,-0.32000000000000034,0.40000000000000024,50.692820323027554,"(232.2252682797293, 232.2252682797293)",232.1531806199076
84,153.79858837784266,167.03971636058998,0.0,0.3199999999999999,-0.4,49.30717967697245,"(232.2252682797293, 232.2252682797293)",232.42834094203602
85,-105.96473703301537,32.75148675215645,0.0,-7.837739514543067e-17,0.6400000000000005,51.10851251684408,"(93.14180625653468, 93.14180625653468)",121.94979757094485
86,84.23259677894417,203.32823750026688,0.0,-0.8000000000000003,-0.4000000000000002,49.30717967697245,"(232.2252682797293, 232.2252682797293)",226.20109468707906
87,-162.68842272331145,127.87454262845759,0.0,-0.32000000000000023,-0.48000000000000026,49.16861561236694,"(232.2252682797293, 232.2252682797293)",212.7344496602588
88,83.35116397257387,242.76211627830966,0.0,0.6399999999999999,0.3200000000000003,50.55425625842204,"(232.2252682797293, 232.2252682797293)",261.10352203110097
89,-93.31329229296713,239.1097888354923,0.0,-0.6400000000000001,0.3200000000000002,50.55425625842204,"(232.2252682797293, 232.2252682797293)",261.0835789213081
90,-140.30488399557325,196.4781436672925,0.0,0.48000000000000004,-0.4,49.30717967697245,"(232.2252682797293, 232.2252682797293)",247.00725694445362
91,132.06456782856492,202.1090580261332,0.0,0.4799999999999999,0.40000000000000036,50.692820323027554,"(232.2252682797293, 232.2252682797293)",246.1113662810455
92,3.02774157127519e-14,256.6726741114185,0.0,-0.8000000000000003,-0.32000000000000023,49.44574374157796,"(232.2252682797293, 232.2252682797293)",261.7073864473365
93,-122.939869265457,216.33563683170374,0.0,0.4799999999999999,0.3200000000000003,50.55425625842204,"(232.2252682797293, 232.2252682797293)",253.8719210766548
94,-138.75370957678362,170.83591719474776,0.0,0.48000000000000004,-0.4,49.30717967697245,"(232.2252682797293, 232.2252682797293)",226.13925618462594
95,113.89368128056836,221.23188871124972,0.0,0.48000000000000004,-0.32000000000000006,49.44574374157796,"(232.2252682797293, 232.2252682797293)",253.75733303156014
96,73.24659723777809,245.99958867565846,0.0,-0.6400000000000001,0.3200000000000002,50.55425625842204,"(232.2252682797293, 232.2252682797293)",261.48312061978413
97,-161.36163453748065,119.38237037945689,0.0,-0.32000000000000023,-0.48000000000000026,49.16861561236694,"(232.2252682797293, 232.2252682797293)",206.68562758141235
98,31.39692850929799,106.37395479690885,0.0,-1.2800000000000002,0.6400000000000003,51.10851251684408,"(93.14180625653468, 93.14180625653468)",121.89967557578217
99,146.76343144509497,173.25347852006996,0.0,-0.4799999999999999,-0.40000000000000013,49.30717967697245,"(232.2252682797293, 232.2252682797293)",232.95355046348624
100,-147.54835710513478,181.6640361797683,0.0,0.48000000000000004,-0.4,49.30717967697245,"(232.2252682797293, 232.2252682797293)",239.7726125832776
101,-83.35116397257381,242.76211627830966,0.0,0.6399999999999999,-0.32000000000000006,49.44574374157796,"(232.2252682797293, 232.2252682797293)",261.8937044947191
102,-84.23259677894417,203.32823750026688,0.0,0.7999999999999998,-0.39999999999999997,49.30717967697245,"(232.2252682797293, 232.2252682797293)",226.20109468707906
103,-101.78227987498157,27.610299779378472,0.0,0.0,0.0,50.0,"(93.14180625653468, 93.14180625653468)",116.71315757212734
104,155.6814062424186,146.11121539074236,0.0,0.3199999999999999,-0.48000000000000015,49.16861561236694,"(232.2252682797293, 232.2252682797293)",219.18873999499502
105,10.608270267525969,256.45336074506326,0.0,0.7999999999999998,0.32000000000000034,50.55425625842204,"(232.2252682797293, 232.2252682797293)",261.2589395179498
106,84.12669533356306,72.27644506481096,0.0,-1.12,-1.3716044150450358e-16,50.0,"(93.14180625653468, 93.14180625653468)",122.43726383948622
107,109.66983293283579,38.88884611213371,0.0,7.837739514543063e-17,-0.6400000000000002,48.89148748315592,"(93.14180625653468, 93.14180625653468)",126.41352569558549
108,-10.608270267526022,256.45336074506326,0.0,-0.8000000000000003,0.3200000000000001,50.55425625842204,"(232.2252682797293, 232.2252682797293)",261.2589395179498
109,63.0168597354286,248.81667352609583,0.0,0.6399999999999999,0.3200000000000003,50.55425625842204,"(232.2252682797293, 232.2252682797293)",261.1459404429458
110,139.91411817664283,187.60698084133483,0.0,0.4799999999999999,0.40000000000000036,50.692820323027554,"(232.2252682797293, 232.2252682797293)",238.86835081217575
111,-120.77654609434758,54.33701093619311,0.0,0.4799999999999999,0.6400000000000006,51.10851251684408,"(162.30954885748267, 162.30954885748267)",142.12177527000108
112,-159.68206069173837,111.07965647255148,0.0,0.3199999999999999,-0.48000000000000015,49.16861561236694,"(232.2252682797293, 232.2252682797293)",201.1560815364853
113,21.19841211159104,255.795795429584,0.0,0.7999999999999998,-0.32,49.44574374157796,"(232.2252682797293, 232.2252682797293)",261.64150561285305
114,-73.24659723777803,245.99958867565846,0.0,-0.6400000000000001,-0.3200000000000002,49.44574374157796,"(232.2252682797293, 232.2252682797293)",261.51470188490794
115,52.67943301611391,251.20855672649208,0.0,-0.6400000000000001,-0.3200000000000002,49.44574374157796,"(232.2252682797293, 232.2252682797293)",261.8290632459082
116,-31.396928509298004,106.37395479690885,0.0,1.2799999999999998,-0.6400000000000001,48.89148748315592,"(93.14180625653468, 93.14180625653468)",122.10710759981261
117,-151.4601585610434,80.99315507049458,0.0,0.3199999999999998,0.5600000000000003,50.96994845223857,"(162.30954885748267, 162.30954885748267)",179.17769005273382
118,-157.95312058497828,103.17127552934845,0.0,0.3199999999999998,0.48000000000000026,50.83138438763306,"(162.30954885748267, 162.30954885748267)",195.39628555403743
119,31.752328088312126,254.70110187527382,0.0,-0.8000000000000003,0.3200000000000001,50.55425625842204,"(232.2252682797293, 232.2252682797293)",261.3907647203508
120,42.2519826600219,253.17115079882944,0.0,-0.8000000000000003,0.3200000000000001,50.55425625842204,"(232.2252682797293, 232.2252682797293)",261.4247702439335
121,-21.198412111590983,255.795795429584,0.0,0.7999999999999998,0.32000000000000034,50.55425625842204,"(232.2252682797293, 232.2252682797293)",261.35712160117663
122,-153.7985883778427,167.03971636058992,0.0,-0.32000000000000034,0.40000000000000024,50.692820323027554,"(232.2252682797293, 232.2252682797293)",232.15131744510063
123,104.6528609162518,225.75007845055146,0.0,0.6399999999999999,0.3200000000000003,50.55425625842204,"(232.2252682797293, 232.2252682797293)",253.36362866845656
124,-153.82713367288017,88.12475086571055,0.0,0.3199999999999998,0.5600000000000003,50.96994845223857,"(162.30954885748267, 162.30954885748267)",184.463709327777
125,-113.89368128056836,221.23188871124972,0.0,-0.48000000000000004,0.3200000000000002,50.55425625842204,"(232.2252682797293, 232.2252682797293)",253.41755760290985
126,-63.01685973542855,248.81667352609583,0.0,-0.6400000000000001,-0.3200000000000002,49.44574374157796,"(232.2252682797293, 232.2252682797293)",261.54318247711905
127,-155.90282871995848,95.46110311434944,0.0,0.3199999999999998,0.5600000000000003,50.96994845223857,"(162.30954885748267, 162.30954885748267)",189.76229138269207
128,-31.752328088312183,254.70110187527382,0.0,0.7999999999999998,-0.32,49.44574374157796,"(232.2252682797293, 232.2252682797293)",261.8020206946572
129,-132.06456782856498,202.10905802613317,0.0,-0.4799999999999999,-0.40000000000000013,49.30717967697245,"(232.2252682797293, 232.2252682797293)",246.48654129781454
130,-52.67943301611397,251.20855672649208,0.0,0.6399999999999999,-0.32000000000000006,49.44574374157796,"(232.2252682797293, 232.2252682797293)",261.82906324590823
131,-42.25198266002185,253.17115079882944,0.0,0.7999999999999998,0.32000000000000034,50.55425625842204,"(232.2252682797293, 232.2252682797293)",261.4247702439335
132,123.59856713906511,207.39458916067824,0.0,-0.48000000000000004,0.40000000000000024,50.692820323027554,"(232.2252682797293, 232.2252682797293)",246.6009180789565
133,154.95235420539115,137.1465984515952,0.0,-0.32000000000000023,-0.48000000000000026,49.16861561236694,"(232.2252682797293, 232.2252682797293)",213.23258977716742
134,95.23319976722203,229.88248493628836,0.0,0.6399999999999999,0.3200000000000003,50.55425625842204,"(232.2252682797293, 232.2252682797293)",253.38220292310865
135,-146.7634314450949,173.25347852007,0.0,-0.48000000000000004,0.40000000000000024,50.692820323027554,"(232.2252682797293, 232.2252682797293)",232.04941151432132
136,154.12318258135107,128.59149291077077,0.0,0.3199999999999998,0.48000000000000026,50.83138438763306,"(232.2252682797293, 232.2252682797293)",206.52313000422544
137,-84.12669533356305,72.27644506481097,0.0,1.1199999999999999,1.3716044150450355e-16,50.0,"(93.14180625653468, 93.14180625653468)",122.43726383948622
138,-104.65286091625168,225.75007845055148,0.0,-0.6400000000000001,0.3200000000000002,50.55425625842204,"(232.2252682797293, 232.2252682797293)",253.36362866845653
139,-139.91411817664283,187.60698084133483,0.0,-0.4799999999999999,-0.40000000000000013,49.30717967697245,"(232.2252682797293, 232.2252682797293)",239.20638813474295
140,132.04078066577034,193.22932481050196,0.0,0.4799999999999999,0.40000000000000036,50.692820323027554,"(232.2252682797293, 232.2252682797293)",238.87475703507008
141,-155.6814062424186,146.11121539074236,0.0,-0.32000000000000034,0.48000000000000015,50.83138438763306,"(232.2252682797293, 232.2252682797293)",218.9279495280809
142,-122.35572241943308,61.19647500755729,0.0,0.64,-0.6400000000000001,48.89148748315592,"(162.30954885748267, 162.30954885748267)",146.0892703902449
143,-123.59856713906505,207.39458916067827,0.0,0.48000000000000004,-0.4,49.30717967697245,"(232.2252682797293, 232.2252682797293)",246.99246967354247
144,152.93077468124994,120.20494475774626,0.0,0.3199999999999998,0.48000000000000026,50.83138438763306,"(232.2252682797293, 232.2252682797293)",200.51917759860262
145,114.921349436069,212.32570465148453,0.0,0.6399999999999999,0.40000000000000036,50.692820323027554,"(232.2252682797293, 232.2252682797293)",246.05384198028673
146,85.65079504837503,233.62204631833814,0.0,-0.6400000000000001,0.3200000000000002,50.55425625842204,"(232.2252682797293, 232.2252682797293)",253.8339594149035
147,-95.23319976722203,229.88248493628836,0.0,-0.6400000000000001,-0.3200000000000002,49.44574374157796,"(232.2252682797293, 232.2252682797293)",253.74384541738434
148,111.60948912403512,44.80712638715678,0.0,-7.837739514543067e-17,0.6400000000000005,51.10851251684408,"(162.30954885748267, 162.30954885748267)",130.4587795723676
149,151.66608271554898,112.20917854884098,0.0,-0.32000000000000023,-0.48000000000000026,49.16861561236694,"(162.30954885748267, 162.30954885748267)",195.4895727717132
150,145.6957926950182,164.9552621654108,0.0,-0.48000000000000004,0.40000000000000024,50.692820323027554,"(232.2252682797293, 232.2252682797293)",225.8662407458157
151,113.24221409827427,50.947337251140546,0.0,7.837739514543063e-17,-0.6400000000000002,48.89148748315592,"(162.30954885748267, 162.30954885748267)",133.6990275464182
152,150.06902444509035,104.39253858773642,0.0,-0.32000000000000023,-0.5600000000000002,49.03005154776143,"(162.30954885748267, 162.30954885748267)",189.83108276658072
153,95.20217806770012,25.82532715250253,0.0,7.837739514543063e-17,-0.6400000000000002,48.89148748315592,"(93.14180625653468, 93.14180625653468)",110.24629607582588
154,146.47784963132113,89.69007953499462,0.0,-0.32000000000000023,-0.5600000000000002,49.03005154776143,"(162.30954885748267, 162.30954885748267)",179.16090942844917
155,148.42480091917912,96.9476004925328,0.0,0.3199999999999998,0.5600000000000003,50.96994845223857,"(162.30954885748267, 162.30954885748267)",183.9117647929073
156,75.92202208633188,236.96237207773936,0.0,0.6399999999999999,0.3200000000000003,50.55425625842204,"(232.2252682797293, 232.2252682797293)",253.42203522548786
157,-154.95235420539115,137.1465984515952,0.0,-0.32000000000000034,0.48000000000000015,50.83138438763306,"(232.2252682797293, 232.2252682797293)",212.53882877769516
158,-109.66983293283577,38.88884611213376,0.0,-7.837739514543067e-17,0.6400000000000005,51.10851251684408,"(93.14180625653468, 93.14180625653468)",126.89573096093584
159,139.47747117054624,179.1711686201574,0.0,0.48000000000000004,-0.4,49.30717967697245,"(232.2252682797293, 232.2252682797293)",232.37319027614413
160,-85.65079504837493,233.62204631833816,0.0,0.6399999999999999,-0.32000000000000006,49.44574374157796,"(232.2252682797293, 232.2252682797293)",254.20437431297267
161,-132.04078066577034,193.22932481050196,0.0,0.48000000000000004,-0.4,49.30717967697245,"(232.2252682797293, 232.2252682797293)",239.7608614902218
162,146.89350411226013,154.94349280366148,0.0,-0.4799999999999999,-0.48000000000000026,49.16861561236694,"(232.2252682797293, 232.2252682797293)",219.75660306542068
163,123.94179928217754,198.52146008994836,0.0,-0.4799999999999999,-0.40000000000000013,49.30717967697245,"(232.2252682797293, 232.2252682797293)",239.75347628059254
164,106.0477431763389,216.89397773834517,0.0,-0.6400000000000001,0.40000000000000024,50.692820323027554,"(232.2252682797293, 232.2252682797293)",246.62051612413413
165,142.2603451387401,76.07356484814639,0.0,0.3199999999999998,0.5600000000000003,50.96994845223857,"(162.30954885748267, 162.30954885748267)",168.6632612616148
166,-114.92134943606904,212.3257046514845,0.0,0.6399999999999999,-0.4,49.30717967697245,"(232.2252682797293, 232.2252682797293)",247.05839162160254
167,66.06350633572055,239.8977539474196,0.0,-0.6400000000000001,0.3200000000000002,50.55425625842204,"(232.2252682797293, 232.2252682797293)",253.77665528927608
168,5.143121608660909,248.77473247599926,0.0,-0.8000000000000003,0.3200000000000001,50.55425625842204,"(232.2252682797293, 232.2252682797293)",253.61547194526185
169,-5.143121608660909,248.77473247599926,0.0,0.7999999999999998,-0.32,49.44574374157796,"(232.2252682797293, 232.2252682797293)",254.0243846875783
170,-75.92202208633188,236.96237207773936,0.0,-0.6400000000000001,-0.3200000000000002,49.44574374157796,"(232.2252682797293, 232.2252682797293)",253.8014746261406
171,-154.12318258135107,128.59149291077077,0.0,0.3199999999999999,-0.48000000000000015,49.16861561236694,"(232.2252682797293, 232.2252682797293)",207.1948350932242
172,56.09209496801333,242.42317566702621,0.0,-0.8000000000000003,-0.32000000000000023,49.44574374157796,"(232.2252682797293, 232.2252682797293)",254.17679157806674
173,15.420575769512574,248.34960249882258,0.0,0.7999999999999998,0.32000000000000034,50.55425625842204,"(232.2252682797293, 232.2252682797293)",253.55113444313002
174,-15.420575769512574,248.34960249882258,0.0,-0.8000000000000003,-0.32000000000000023,49.44574374157796,"(232.2252682797293, 232.2252682797293)",253.95907941420853
175,46.024828081475064,244.53432155519013,0.0,-0.8000000000000003,-0.32000000000000023,49.44574374157796,"(232.2252682797293, 232.2252682797293)",254.1477619088351
176,25.67167778053084,247.50006904709957,0.0,0.7999999999999998,0.32000000000000034,50.55425625842204,"(232.2252682797293, 232.2252682797293)",253.51986059397728
177,-66.06350633572043,239.89775394741963,0.0,0.6399999999999999,-0.32000000000000006,49.44574374157796,"(232.2252682797293, 232.2252682797293)",254.16295686661408
178,35.87890958141855,246.22758388457387,0.0,0.7999999999999998,-0.32,49.44574374157796,"(232.2252682797293, 232.2252682797293)",253.8919506225042
179,144.50628078800244,82.78500475770254,0.0,0.3199999999999998,0.5600000000000003,50.96994845223857,"(162.30954885748267, 162.30954885748267)",173.63343750586967
180,-25.67167778053084,247.50006904709957,0.0,-0.8000000000000003,0.3200000000000001,50.55425625842204,"(232.2252682797293, 232.2252682797293)",253.51986059397728
181,96.99291242412316,221.09160172074124,0.0,0.6399999999999999,0.40000000000000036,50.692820323027554,"(232.2252682797293, 232.2252682797293)",246.08622235911497
182,-56.09209496801333,242.42317566702621,0.0,0.7999999999999998,-0.32,49.44574374157796,"(232.2252682797293, 232.2252682797293)",254.17679157806674
183,-145.6957926950182,164.9552621654108,0.0,0.48000000000000004,-0.4,49.30717967697245,"(232.2252682797293, 232.2252682797293)",226.14358948134242
184,146.68860906889503,145.95161359186466,0.0,0.4799999999999999,0.48000000000000026,50.83138438763306,"(232.2252682797293, 232.2252682797293)",212.42122625963034
185,-152.9307746812499,120.20494475774632,0.0,0.3199999999999999,-0.48000000000000015,49.16861561236694,"(232.2252682797293, 232.2252682797293)",201.1671160821773
186,-106.04774317633886,216.8939777383452,0.0,-0.6400000000000001,-0.40000000000000013,49.30717967697245,"(232.2252682797293, 232.2252682797293)",246.492724133145
187,-46.024828081475064,244.53432155519013,0.0,0.7999999999999998,0.32000000000000034,50.55425625842204,"(232.2252682797293, 232.2252682797293)",253.74974325772965
188,-35.87890958141855,246.22758388457387,0.0,-0.8000000000000003,0.3200000000000001,50.55425625842204,"(232.2252682797293, 232.2252682797293)",253.48925526580467
189,63.992238743455744,90.58796144937438,0.0,-1.12,-0.6400000000000003,48.89148748315592,"(93.14180625653468, 93.14180625653468)",122.28050593904536
190,-123.94179928217754,198.52146008994836,0.0,-0.48000000000000004,0.40000000000000024,50.692820323027554,"(232.2252682797293, 232.2252682797293)",238.88216941092202
191,115.63101433728404,203.47434297443834,0.0,0.6399999999999999,0.40000000000000036,50.692820323027554,"(232.2252682797293, 232.2252682797293)",238.8134924687465
192,-139.47747117054627,179.17116862015737,0.0,0.4799999999999999,0.40000000000000036,50.692820323027554,"(232.2252682797293, 232.2252682797293)",232.63057945715948
193,-151.66608271554892,112.20917854884107,0.0,0.3199999999999998,0.48000000000000026,50.83138438763306,"(162.30954885748267, 162.30954885748267)",195.36378455890897
194,131.95315849764413,184.78267394790842,0.0,-0.4799999999999999,-0.40000000000000013,49.30717967697245,"(232.2252682797293, 232.2252682797293)",232.94283025638873
195,-146.89350411226022,154.94349280366143,0.0,-0.48000000000000004,0.48000000000000015,50.83138438763306,"(232.2252682797293, 232.2252682797293)",218.81433781701995
196,-150.06902444509035,104.39253858773642,0.0,0.3199999999999998,0.5600000000000003,50.96994845223857,"(162.30954885748267, 162.30954885748267)",189.72609306140157
197,87.77233093735836,224.91140329867525,0.0,0.6399999999999999,0.40000000000000036,50.692820323027554,"(232.2252682797293, 232.2252682797293)",246.10399293392317
198,146.35987767770922,137.36270841895657,0.0,0.4799999999999999,0.48000000000000026,50.83138438763306,"(232.2252682797293, 232.2252682797293)",206.40165748882882
199,124.20335168913513,190.07840502810527,0.0,-0.6400000000000001,-0.40000000000000013,49.30717967697245,"(232.2252682797293, 232.2252682797293)",233.021636786641
200,-148.42480091917915,96.94760049253274,0.0,-0.32000000000000023,-0.5600000000000002,49.03005154776143,"(162.30954885748267, 162.30954885748267)",183.97475414821784
201,-146.47784963132113,89.69007953499462,0.0,0.3199999999999998,0.5600000000000003,50.96994845223857,"(162.30954885748267, 162.30954885748267)",179.14160705854542
202,-96.99291242412312,221.09160172074127,0.0,0.6399999999999999,-0.4,49.30717967697245,"(232.2252682797293, 232.2252682797293)",247.02613867551185
203,-111.6094891240351,44.80712638715682,0.0,7.837739514543063e-17,-0.6400000000000002,48.89148748315592,"(162.30954885748267, 162.30954885748267)",130.04805614731004
204,-63.99223874345572,90.58796144937439,0.0,-1.12,-1.3716044150450358e-16,50.0,"(93.14180625653468, 93.14180625653468)",121.07475857571401
205,-113.24221409827426,50.94733725114057,0.0,-7.837739514543067e-17,0.6400000000000005,51.10851251684408,"(162.30954885748267, 162.30954885748267)",134.0399466087024
206,-95.20217806770013,25.82532715250251,0.0,0.0,0.0,50.0,"(93.14180625653468, 93.14180625653468)",110.59114897390236
207,107.12262809262475,208.07950950556796,0.0,-0.6400000000000001,0.40000000000000024,50.692820323027554,"(232.2252682797293, 232.2252682797293)",239.40201484992855
208,78.40175572463605,228.34685483109024,0.0,0.6399999999999999,-0.32000000000000006,49.44574374157796,"(232.2252682797293, 232.2252682797293)",246.53661538578535
209,-115.63101433728404,203.47434297443834,0.0,0.6399999999999999,-0.4,49.30717967697245,"(232.2252682797293, 232.2252682797293)",239.82263126314223
210,145.6586963635144,128.92088567218883,0.0,0.4799999999999999,0.48000000000000026,50.83138438763306,"(232.2252682797293, 232.2252682797293)",200.3939735342086
211,-142.26034513874012,76.07356484814632,0.0,0.3199999999999998,0.5600000000000003,50.96994845223857,"(162.30954885748267, 162.30954885748267)",169.20221316868555
212,-87.77233093735833,224.91140329867528,0.0,-0.6400000000000001,-0.40000000000000013,49.30717967697245,"(232.2252682797293, 232.2252682797293)",246.55317787181914
213,137.60536906897048,163.2481237747292,0.0,0.48000000000000004,-0.48000000000000015,49.16861561236694,"(232.2252682797293, 232.2252682797293)",219.15249968533578
214,-146.68860906889503,145.95161359186466,0.0,-0.4799999999999999,-0.48000000000000026,49.16861561236694,"(232.2252682797293, 232.2252682797293)",212.6892747324482
215,-131.95315849764407,184.78267394790845,0.0,-0.48000000000000004,0.40000000000000024,50.692820323027554,"(232.2252682797293, 232.2252682797293)",232.06017299362276
216,144.86255933616798,120.86496307640454,0.0,-0.4799999999999999,-0.48000000000000026,49.16861561236694,"(162.30954885748267, 162.30954885748267)",195.61853792429332
217,68.89720011812508,231.39208549092498,0.0,0.6399999999999999,0.3200000000000003,50.55425625842204,"(232.2252682797293, 232.2252682797293)",246.1891282874476
218,-124.20335168913519,190.07840502810524,0.0,0.6399999999999999,0.40000000000000036,50.692820323027554,"(232.2252682797293, 232.2252682797293)",232.6661166291426
219,130.39905647567082,65.219365656371,0.0,0.4799999999999999,0.5600000000000004,50.96994845223857,"(162.30954885748267, 162.30954885748267)",153.81069679263757
220,2.8479536908033047e-14,241.43140104790947,0.0,-0.8000000000000003,-0.32000000000000023,49.44574374157796,"(232.2252682797293, 232.2252682797293)",246.7574952920072
221,-78.401755724636,228.34685483109024,0.0,-0.6400000000000001,0.3200000000000002,50.55425625842204,"(232.2252682797293, 232.2252682797293)",246.16837734237774
222,96.81733344978461,32.26398406609208,0.0,0.0,0.0,50.0,"(93.14180625653468, 93.14180625653468)",113.64224885201729
223,-144.50628078800244,82.78500475770254,0.0,0.3199999999999998,0.5600000000000003,50.96994845223857,"(162.30954885748267, 162.30954885748267)",174.16526249374007
224,143.72417330179468,112.96847444932969,0.0,-0.4799999999999999,-0.5600000000000003,49.03005154776143,"(162.30954885748267, 162.30954885748267)",189.96711310967032
225,59.274906408462485,234.04189129774295,0.0,0.7999999999999998,-0.32,49.44574374157796,"(232.2252682797293, 232.2252682797293)",246.55565770489088
226,98.43118048967222,212.3290899357837,0.0,0.6399999999999999,0.40000000000000036,50.692820323027554,"(232.2252682797293, 232.2252682797293)",238.84475329149666
227,9.978349125984106,241.22511055169292,0.0,0.7999999999999998,0.32000000000000034,50.55425625842204,"(232.2252682797293, 232.2252682797293)",246.32346053196812
228,-107.12262809262475,208.07950950556796,0.0,-0.6400000000000001,-0.40000000000000013,49.30717967697245,"(232.2252682797293, 232.2252682797293)",239.23514360748024
229,142.51702055570507,105.44030358967308,0.0,0.4799999999999999,0.5600000000000004,50.96994845223857,"(162.30954885748267, 162.30954885748267)",183.7724923230559
230,-9.978349125984156,241.22511055169292,0.0,-0.8000000000000003,0.3200000000000001,50.55425625842204,"(232.2252682797293, 232.2252682797293)",246.32346053196812
231,140.9967232632574,98.08157231934038,0.0,-0.4799999999999999,-0.5600000000000003,49.03005154776143,"(162.30954885748267, 162.30954885748267)",179.3035665281539
232,-68.89720011812503,231.39208549092498,0.0,-0.6400000000000001,-0.3200000000000002,49.44574374157796,"(232.2252682797293, 232.2252682797293)",246.5652398548451
233,49.55131808837955,236.29174401079004,0.0,0.7999999999999998,0.32000000000000034,50.55425625842204,"(232.2252682797293, 232.2252682797293)",246.20131561933295
234,-146.35987767770922,137.36270841895657,0.0,-0.4799999999999999,-0.48000000000000026,49.16861561236694,"(232.2252682797293, 232.2252682797293)",206.63761452546237
235,-114.75326554990029,57.3940900221003,0.0,0.64,-0.6400000000000001,48.89148748315592,"(162.30954885748267, 162.30954885748267)",138.10843162992853
236,19.93964629780088,240.60659159190777,0.0,0.7999999999999998,-0.32,49.44574374157796,"(232.2252682797293, 232.2252682797293)",246.69177159089972
237,39.74305175249374,238.1377988672842,0.0,0.7999999999999998,-0.32,49.44574374157796,"(232.2252682797293, 232.2252682797293)",246.6243392177369
238,29.86686870128748,239.57690115271245,0.0,0.7999999999999998,0.32000000000000034,50.55425625842204,"(232.2252682797293, 232.2252682797293)",246.26100062969556
239,137.92532877132308,154.25960334435754,0.0,-0.48000000000000004,0.48000000000000015,50.83138438763306,"(232.2252682797293, 232.2252682797293)",213.04466920298495
240,-59.27490640846243,234.04189129774295,0.0,-0.8000000000000003,0.3200000000000001,50.55425625842204,"(232.2252682797293, 232.2252682797293)",246.1726426252816
241,-19.939646297800827,240.60659159190777,0.0,-0.8000000000000003,-0.32000000000000023,49.44574374157796,"(232.2252682797293, 232.2252682797293)",246.69177159089972
242,-49.55131808837961,236.29174401079004,0.0,-0.8000000000000003,-0.32000000000000023,49.44574374157796,"(232.2252682797293, 232.2252682797293)",246.59012549844692
243,-29.866868701287533,239.57690115271245,0.0,-0.8000000000000003,0.3200000000000001,50.55425625842204,"(232.2252682797293, 232.2252682797293)",246.26100062969556
244,-39.74305175249369,238.1377988672842,0.0,-0.8000000000000003,0.3200000000000001,50.55425625842204,"(232.2252682797293, 232.2252682797293)",246.23078516651742
245,116.24129435364011,195.04931201066518,0.0,0.6399999999999999,-0.4,49.30717967697245,"(232.2252682797293, 232.2252682797293)",232.3688679435706
246,89.57152430259787,216.2158221769574,0.0,-0.6400000000000001,0.40000000000000024,50.692820323027554,"(232.2252682797293, 232.2252682797293)",239.34149295769228
247,-137.60536906897048,163.2481237747292,0.0,0.4799999999999999,0.48000000000000026,50.83138438763306,"(232.2252682797293, 232.2252682797293)",219.41937222319882
248,131.663307160902,72.7456502122866,0.0,0.48000000000000004,-0.56,49.03005154776143,"(162.30954885748267, 162.30954885748267)",158.0718962545013
249,-98.4311804896721,212.32908993578374,0.0,0.6399999999999999,-0.4,49.30717967697245,"(232.2252682797293, 232.2252682797293)",239.79149792313572
250,-145.6586963635144,128.92088567218883,0.0,0.48000000000000004,-0.48000000000000015,49.16861561236694,"(232.2252682797293, 232.2252682797293)",201.29247514204556
251,88.96511233834566,24.13340931825196,0.0,0.0,0.0,50.0,"(93.14180625653468, 93.14180625653468)",104.86759584684278
252,137.5806657123882,84.24223103547693,0.0,0.4799999999999999,0.5600000000000004,50.96994845223857,"(162.30954885748267, 162.30954885748267)",168.51481826557216
253,138.09815707884155,145.66614730078123,0.0,-0.48000000000000004,0.48000000000000015,50.83138438763306,"(232.2252682797293, 232.2252682797293)",207.04287629903024
254,-144.86255933616798,120.86496307640454,0.0,-0.48000000000000004,0.48000000000000015,50.83138438763306,"(162.30954885748267, 162.30954885748267)",194.7374961689008
255,80.55879975643647,219.7330642105346,0.0,0.6399999999999999,0.40000000000000036,50.692820323027554,"(232.2252682797293, 232.2252682797293)",238.8802412147029
256,127.8486310398111,170.9968276133307,0.0,-0.64,-0.48000000000000026,49.16861561236694,"(232.2252682797293, 232.2252682797293)",219.84354317571697
257,139.43129177158693,91.0732511488441,0.0,-0.4799999999999999,-0.5600000000000003,49.03005154776143,"(162.30954885748267, 162.30954885748267)",174.2864545398678
258,-89.57152430259787,216.2158221769574,0.0,-0.6400000000000001,-0.40000000000000013,49.30717967697245,"(232.2252682797293, 232.2252682797293)",239.29569239725154
259,-143.72417330179465,112.96847444932975,0.0,0.4799999999999999,0.5600000000000004,50.96994845223857,"(162.30954885748267, 162.30954885748267)",189.8116023084561
260,-116.24129435364007,195.0493120106652,0.0,-0.6400000000000001,0.40000000000000024,50.692820323027554,"(232.2252682797293, 232.2252682797293)",231.99520674954684
261,108.08059281371271,199.68690013588738,0.0,-0.6400000000000001,-0.40000000000000013,49.30717967697245,"(232.2252682797293, 232.2252682797293)",232.99384729097662
262,107.24136341444655,113.11835414970061,0.0,-0.8000000000000004,0.5600000000000002,50.96994845223857,"(162.30954885748267, 162.30954885748267)",164.1348681498413
263,-137.92532877132308,154.25960334435754,0.0,0.48000000000000004,-0.48000000000000015,49.16861561236694,"(232.2252682797293, 232.2252682797293)",213.34932068488953
264,137.89059016186965,137.197797845415,0.0,-0.48000000000000004,0.48000000000000015,50.83138438763306,"(232.2252682797293, 232.2252682797293)",201.05224721004032
265,71.4084086540256,222.87480543804907,0.0,-0.8000000000000003,0.4000000000000002,50.692820323027554,"(232.2252682797293, 232.2252682797293)",239.33001351135906
266,-142.51702055570505,105.44030358967316,0.0,-0.4799999999999999,-0.5600000000000003,49.03005154776143,"(162.30954885748267, 162.30954885748267)",183.88726308317496
267,116.55422506513827,186.68855118767792,0.0,0.6399999999999999,0.40000000000000036,50.692820323027554,"(232.2252682797293, 232.2252682797293)",225.18724188629866
268,67.15209704884026,209.59031081381664,0.0,0.7999999999999998,-0.39999999999999997,49.30717967697245,"(232.2252682797293, 232.2252682797293)",225.67616042940665
269,-80.55879975643639,219.73306421053462,0.0,0.6399999999999999,-0.4,49.30717967697245,"(232.2252682797293, 232.2252682797293)",239.75614488121565
270,-140.9967232632574,98.08157231934038,0.0,0.4799999999999999,0.5600000000000004,50.96994845223857,"(162.30954885748267, 162.30954885748267)",179.23184967568824
271,-96.81733344978461,32.26398406609206,0.0,7.837739514543063e-17,-0.6400000000000002,48.89148748315592,"(93.14180625653468, 93.14180625653468)",113.34304465675878
272,106.11592104242608,47.74123907867208,0.0,7.837739514543063e-17,-0.6400000000000002,48.89148748315592,"(93.14180625653468, 93.14180625653468)",126.45833520090964
273,99.73519285405918,203.98324425110766,0.0,0.6399999999999999,-0.4,49.30717967697245,"(232.2252682797293, 232.2252682797293)",232.42970065180648
274,62.13598805593753,225.63567695260633,0.0,0.7999999999999998,0.4000000000000004,50.692820323027554,"(232.2252682797293, 232.2252682797293)",238.8785792728174
275,137.5657192475267,129.1091525988614,0.0,0.64,-0.48000000000000015,49.16861561236694,"(162.30954885748267, 162.30954885748267)",194.83211702381152
276,-67.15209704884026,209.59031081381664,0.0,-0.8000000000000003,0.4000000000000002,50.692820323027554,"(232.2252682797293, 232.2252682797293)",225.23975882037942
277,-71.4084086540256,222.87480543804907,0.0,-0.8000000000000003,-0.4000000000000002,49.30717967697245,"(232.2252682797293, 232.2252682797293)",239.30813626734422
278,97.9981341996067,38.9657136961727,0.0,0.0,0.0,50.0,"(93.14180625653468, 93.14180625653468)",116.71315757212733
279,128.6923558932465,162.042275580424,0.0,0.6399999999999998,0.48000000000000026,50.83138438763306,"(232.2252682797293, 232.2252682797293)",212.3290003256711
280,91.21935588965127,207.9310023539553,0.0,-0.6400000000000001,-0.40000000000000013,49.30717967697245,"(232.2252682797293, 232.2252682797293)",232.9616830596023
281,4.837359694806198,233.98491335283055,0.0,0.7999999999999998,0.32000000000000034,50.55425625842204,"(232.2252682797293, 232.2252682797293)",239.10525889518462
282,-4.837359694806198,233.98491335283055,0.0,-0.8000000000000003,-0.32000000000000023,49.44574374157796,"(232.2252682797293, 232.2252682797293)",239.4994243599355
283,52.75738355837869,228.01096071378382,0.0,0.7999999999999998,-0.39999999999999997,49.30717967697245,"(232.2252682797293, 232.2252682797293)",239.37906058827164
284,122.35572241943309,61.196475007557254,0.0,-0.6400000000000002,0.6400000000000003,51.10851251684408,"(162.30954885748267, 162.30954885748267)",146.31170305380067
285,-99.19551701283281,49.612848975941446,0.0,-7.837739514543067e-17,0.6400000000000005,51.10851251684408,"(93.14180625653468, 93.14180625653468)",121.8612759819459
286,-138.0981570788416,145.66614730078118,0.0,0.48000000000000004,-0.48000000000000015,49.16861561236694,"(232.2252682797293, 232.2252682797293)",207.31655686767138
287,-127.8486310398111,170.9968276133307,0.0,-0.6400000000000002,0.48000000000000015,50.83138438763306,"(232.2252682797293, 232.2252682797293)",218.72780790082555
288,14.503812543053423,233.58505762840335,0.0,0.7999999999999998,-0.32,49.44574374157796,"(232.2252682797293, 232.2252682797293)",239.4665989997762
289,136.88988212278983,121.15970610356347,0.0,0.64,-0.56,49.03005154776143,"(162.30954885748267, 162.30954885748267)",189.16570298864468
290,-108.08059281371277,199.68690013588736,0.0,0.6399999999999999,0.40000000000000036,50.692820323027554,"(232.2252682797293, 232.2252682797293)",232.6052404823224
291,43.288622214725216,229.99659761026757,0.0,0.7999999999999998,0.32000000000000034,50.55425625842204,"(232.2252682797293, 232.2252682797293)",238.9819142390834
292,-62.135988055937425,225.63567695260636,0.0,0.7999999999999998,-0.39999999999999997,49.30717967697245,"(232.2252682797293, 232.2252682797293)",239.75876170788288
293,-14.503812543053423,233.58505762840335,0.0,-0.8000000000000003,0.3200000000000001,50.55425625842204,"(232.2252682797293, 232.2252682797293)",239.07344983171947
294,-131.663307160902,72.7456502122866,0.0,0.4799999999999999,0.5600000000000004,50.96994845223857,"(162.30954885748267, 162.30954885748267)",158.9671581466277
295,24.145479893858607,232.78602949112692,0.0,-0.8000000000000003,-0.32000000000000023,49.44574374157796,"(232.2252682797293, 232.2252682797293)",239.5946149779056
296,33.74588514696599,231.58919439644916,0.0,0.7999999999999998,-0.32,49.44574374157796,"(232.2252682797293, 232.2252682797293)",239.39963944810967
297,-137.5806657123882,84.24223103547693,0.0,0.48000000000000004,-0.56,49.03005154776143,"(162.30954885748267, 162.30954885748267)",169.28116185895686
298,-107.24136341444661,113.11835414970058,0.0,0.7999999999999997,0.5600000000000004,50.96994845223857,"(162.30954885748267, 162.30954885748267)",164.13486814984134
299,136.12391100906382,113.57393900342707,0.0,0.64,-0.56,49.03005154776143,"(162.30954885748267, 162.30954885748267)",183.81075085404032
300,-52.75738355837869,228.01096071378382,0.0,-0.8000000000000003,-0.4000000000000002,49.30717967697245,"(232.2252682797293, 232.2252682797293)",239.37906058827164
301,-24.145479893858607,232.78602949112692,0.0,0.7999999999999998,0.32000000000000034,50.55425625842204,"(232.2252682797293, 232.2252682797293)",239.20381405894557
302,-99.73519285405914,203.9832442511077,0.0,-0.6400000000000001,0.40000000000000024,50.692820323027554,"(232.2252682797293, 232.2252682797293)",232.0253361572656
303,-43.288622214725216,229.99659761026757,0.0,-0.8000000000000003,0.3200000000000001,50.55425625842204,"(232.2252682797293, 232.2252682797293)",238.9819142390834
304,117.65651573831153,178.16321678982263,0.0,0.6399999999999998,0.48000000000000026,50.83138438763306,"(232.2252682797293, 232.2252682797293)",218.74190298860648
305,-116.55422506513827,186.68855118767792,0.0,-0.6400000000000001,0.40000000000000024,50.692820323027554,"(232.2252682797293, 232.2252682797293)",225.18724188629866
306,135.0354449507889,106.13905693264874,0.0,0.64,-0.56,49.03005154776143,"(162.30954885748267, 162.30954885748267)",178.46784116084694
307,-33.74588514696599,231.58919439644916,0.0,-0.8000000000000003,0.3200000000000001,50.55425625842204,"(232.2252682797293, 232.2252682797293)",239.0117245047654
308,-88.96511233834568,24.13340931825194,0.0,0.0,0.0,50.0,"(93.14180625653468, 93.14180625653468)",104.86759584684278
309,129.36615534786336,153.4735329251848,0.0,0.64,-0.48000000000000015,49.16861561236694,"(232.2252682797293, 232.2252682797293)",206.61477713857957
310,-91.21935588965124,207.93100235395534,0.0,-0.6400000000000001,0.40000000000000024,50.692820323027554,"(232.2252682797293, 232.2252682797293)",232.0420192200634
311,-137.89059016186965,137.197797845415,0.0,0.48000000000000004,-0.48000000000000015,49.16861561236694,"(232.2252682797293, 232.2252682797293)",201.2936884319619
312,-139.43129177158696,91.07325114884404,0.0,0.4799999999999999,0.5600000000000004,50.96994845223857,"(162.30954885748267, 162.30954885748267)",174.25772248010045
313,90.51772993671295,30.164666721498413,0.0,0.0,0.0,50.0,"(93.14180625653468, 93.14180625653468)",107.71892383102782
314,123.56900476359948,68.27344528592047,0.0,0.64,-0.56,49.03005154776143,"(162.30954885748267, 162.30954885748267)",149.17616886378002
315,-128.6923558932465,162.042275580424,0.0,-0.64,-0.48000000000000026,49.16861561236694,"(232.2252682797293, 232.2252682797293)",212.66981137643077
316,-137.5657192475267,129.1091525988614,0.0,0.6399999999999998,0.48000000000000026,50.83138438763306,"(162.30954885748267, 162.30954885748267)",195.5252141535476
317,64.79605633341814,217.61834415434728,0.0,0.7999999999999998,-0.39999999999999997,49.30717967697245,"(232.2252682797293, 232.2252682797293)",232.50525065411037
318,129.65290967900035,145.00749498073898,0.0,0.6399999999999998,0.48000000000000026,50.83138438763306,"(232.2252682797293, 232.2252682797293)",200.29068202992556
319,82.54763459446168,211.52342813906608,0.0,0.7999999999999998,-0.39999999999999997,49.30717967697245,"(232.2252682797293, 232.2252682797293)",232.43367467667153
320,132.4324674252754,92.12401771173441,0.0,-0.64,-0.5600000000000003,49.03005154776143,"(162.30954885748267, 162.30954885748267)",169.4182831946311
321,2.6784276787426416e-14,227.06006392327873,0.0,-0.96,-0.32000000000000023,49.44574374157796,"(232.2252682797293, 232.2252682797293)",232.69614660305854
322,-117.65651573831153,178.16321678982263,0.0,0.64,-0.48000000000000015,49.16861561236694,"(232.2252682797293, 232.2252682797293)",219.82951872320706
323,119.02113251202307,169.27312709402972,0.0,-0.6400000000000002,0.48000000000000015,50.83138438763306,"(232.2252682797293, 232.2252682797293)",213.0580578786086
324,-106.11592104242607,47.74123907867211,0.0,-7.837739514543067e-17,0.6400000000000005,51.10851251684408,"(93.14180625653468, 93.14180625653468)",126.85107596356067
325,-136.88988212278983,121.15970610356347,0.0,-0.6400000000000002,0.5600000000000002,50.96994845223857,"(162.30954885748267, 162.30954885748267)",188.96098839698067
326,124.61875226965061,75.68121410971197,0.0,0.6399999999999998,0.5600000000000004,50.96994845223857,"(162.30954885748267, 162.30954885748267)",153.66152240844306
327,-64.79605633341808,217.61834415434728,0.0,-0.8000000000000003,0.4000000000000002,50.692820323027554,"(232.2252682797293, 232.2252682797293)",232.05401590080106
328,133.88148175007618,99.05135559051098,0.0,0.6399999999999998,0.5600000000000004,50.96994845223857,"(162.30954885748267, 162.30954885748267)",173.35447854104092
329,107.06373151702316,184.7228867959454,0.0,-0.6400000000000001,-0.40000000000000013,49.30717967697245,"(232.2252682797293, 232.2252682797293)",219.7766479088547
330,129.80041119699644,136.913672253636,0.0,-0.64,-0.48000000000000026,49.16861561236694,"(162.30954885748267, 162.30954885748267)",195.72755250556256
331,-97.99813419960671,38.96571369617267,0.0,7.837739514543063e-17,-0.6400000000000002,48.89148748315592,"(93.14180625653468, 93.14180625653468)",116.45868113757307
332,73.73484803246679,214.75438252681238,0.0,0.7999999999999998,0.4000000000000004,50.692820323027554,"(232.2252682797293, 232.2252682797293)",232.02813492822975
333,-136.12391100906382,113.57393900342707,0.0,-0.64,-0.5600000000000003,49.03005154776143,"(162.30954885748267, 162.30954885748267)",183.81075085404032
334,-129.36615534786336,153.4735329251848,0.0,-0.64,-0.48000000000000026,49.16861561236694,"(232.2252682797293, 232.2252682797293)",206.61477713857957
335,92.56417149553373,199.67317466408593,0.0,0.6399999999999999,0.40000000000000036,50.692820323027554,"(232.2252682797293, 232.2252682797293)",225.23235442126506
336,-82.54763459446166,211.5234281390661,0.0,0.7999999999999998,0.4000000000000004,50.692820323027554,"(232.2252682797293, 232.2252682797293)",232.57190744796773
337,-135.03544495078884,106.1390569326488,0.0,-0.6400000000000002,0.5600000000000002,50.96994845223857,"(162.30954885748267, 162.30954885748267)",178.34519486527208
338,99.19551701283281,49.61284897594142,0.0,7.837739514543063e-17,-0.6400000000000002,48.89148748315592,"(93.14180625653468, 93.14180625653468)",121.47212426708266
339,28.089026891563197,225.31595415577758,0.0,0.7999999999999998,-0.39999999999999997,49.30717967697245,"(232.2252682797293, 232.2252682797293)",232.64475260972208
340,129.58942448580368,128.93833903122587,0.0,0.6399999999999998,0.48000000000000026,50.83138438763306,"(162.30954885748267, 162.30954885748267)",188.97970415006122
341,114.7532655499003,57.39409002210027,0.0,-0.6400000000000002,0.6400000000000003,51.10851251684408,"(162.30954885748267, 162.30954885748267)",138.37887309915078
342,125.26227576283414,83.2857631775688,0.0,0.6399999999999998,0.5600000000000004,50.96994845223857,"(162.30954885748267, 162.30954885748267)",158.02594456241334
343,120.19360854893719,160.7582779268618,0.0,-0.64,-0.48000000000000026,49.16861561236694,"(232.2252682797293, 232.2252682797293)",207.40322076818
344,37.377324706974115,223.96251522652813,0.0,-0.8000000000000003,-0.4000000000000002,49.30717967697245,"(232.2252682797293, 232.2252682797293)",232.86743939042455
345,-73.73484803246673,214.75438252681238,0.0,-0.8000000000000003,-0.4000000000000002,49.30717967697245,"(232.2252682797293, 232.2252682797293)",232.46956434275472
346,-28.089026891563247,225.31595415577758,0.0,0.7999999999999998,0.4000000000000004,50.692820323027554,"(232.2252682797293, 232.2252682797293)",232.36076334193788
347,129.26724345172357,121.32080835351584,0.0,0.6399999999999998,0.5600000000000004,50.96994845223857,"(162.30954885748267, 162.30954885748267)",183.64660693137623
348,-119.02113251202307,169.27312709402972,0.0,0.64,-0.48000000000000015,49.16861561236694,"(232.2252682797293, 232.2252682797293)",213.43023111428812
349,55.74653495665656,220.11041881103606,0.0,-0.8000000000000003,-0.4000000000000002,49.30717967697245,"(232.2252682797293, 232.2252682797293)",232.9239218876416
350,-37.37732470697407,223.96251522652813,0.0,-0.8000000000000003,0.4000000000000002,50.692820323027554,"(232.2252682797293, 232.2252682797293)",232.13759051354393
351,-129.65290967900035,145.00749498073898,0.0,-0.64,-0.48000000000000026,49.16861561236694,"(232.2252682797293, 232.2252682797293)",200.57042359443017
352,-92.56417149553363,199.67317466408596,0.0,-0.6400000000000001,-0.40000000000000013,49.30717967697245,"(232.2252682797293, 232.2252682797293)",225.63361117750912
353,-123.56900476359948,68.27344528592047,0.0,0.6399999999999998,0.5600000000000004,50.96994845223857,"(162.30954885748267, 162.30954885748267)",150.36928935815678
354,-107.06373151702316,184.7228867959454,0.0,-0.6400000000000001,0.40000000000000024,50.692820323027554,"(232.2252682797293, 232.2252682797293)",218.79373679130097
355,-107.56429233114675,53.79850976469849,0.0,7.837739514543063e-17,-0.6400000000000002,48.89148748315592,"(162.30954885748267, 162.30954885748267)",130.09229753685327
356,91.66267285261102,36.44662723604301,0.0,-7.837739514543067e-17,0.6400000000000005,51.10851251684408,"(93.14180625653468, 93.14180625653468)",110.88841328195718
357,-90.51772993671295,30.164666721498392,0.0,-7.837739514543067e-17,0.6400000000000005,51.10851251684408,"(93.14180625653468, 93.14180625653468)",108.06130403431037
358,128.614315303083,113.83509431949682,0.0,-0.64,-0.5600000000000003,49.03005154776143,"(162.30954885748267, 162.30954885748267)",179.43483938079447
359,46.60174858695168,222.2263478021496,0.0,0.7999999999999998,-0.39999999999999997,49.30717967697245,"(232.2252682797293, 232.2252682797293)",232.5757701847793
360,9.38438239831588,226.8660529824716,0.0,0.7999999999999998,-0.32,49.44574374157796,"(232.2252682797293, 232.2252682797293)",232.66300923239322
361,108.94459312856735,175.92753385609373,0.0,-0.64,-0.48000000000000026,49.16861561236694,"(232.2252682797293, 232.2252682797293)",213.41498029327556
362,96.10635117127619,190.6534992522304,0.0,-0.8000000000000003,0.4000000000000002,50.692820323027554,"(232.2252682797293, 232.2252682797293)",219.44702528708814
363,-9.384382398315926,226.8660529824716,0.0,0.7999999999999998,0.32000000000000034,50.55425625842204,"(232.2252682797293, 232.2252682797293)",232.34149132820457
364,18.75272786942823,226.28435170443979,0.0,-0.8000000000000003,-0.4000000000000002,49.30717967697245,"(232.2252682797293, 232.2252682797293)",232.80743639861532
365,-55.74653495665651,220.11041881103606,0.0,-0.8000000000000003,0.4000000000000002,50.692820323027554,"(232.2252682797293, 232.2252682797293)",232.0809166436713
366,119.68574080508229,99.85887802526696,0.0,-0.8000000000000002,-0.5600000000000003,49.03005154776143,"(162.30954885748267, 162.30954885748267)",164.33110100032513
367,-132.4324674252754,92.12401771173441,0.0,0.64,-0.56,49.03005154776143,"(162.30954885748267, 162.30954885748267)",169.4182831946311
368,120.97370761152037,152.32338184120798,0.0,-0.6400000000000002,0.48000000000000015,50.83138438763306,"(232.2252682797293, 232.2252682797293)",201.07246486468148
369,115.91995132505932,64.04724606691464,0.0,-0.64,-0.6400000000000003,48.89148748315592,"(162.30954885748267, 162.30954885748267)",141.98957569109555
370,-18.75272786942818,226.28435170443979,0.0,-0.8000000000000003,0.4000000000000002,50.692820323027554,"(232.2252682797293, 232.2252682797293)",232.19776660250534
371,-129.8004111969965,136.91367225363598,0.0,-0.6400000000000002,0.48000000000000015,50.83138438763306,"(162.30954885748267, 162.30954885748267)",194.62884776916576
372,-46.60174858695173,222.2263478021496,0.0,0.7999999999999998,0.4000000000000004,50.692820323027554,"(232.2252682797293, 232.2252682797293)",232.4298095783834
373,-124.61875226965061,75.68121410971197,0.0,-0.64,-0.5600000000000003,49.03005154776143,"(162.30954885748267, 162.30954885748267)",153.58189899216146
374,-133.88148175007612,99.05135559051105,0.0,-0.64,-0.5600000000000003,49.03005154776143,"(162.30954885748267, 162.30954885748267)",173.4348885787149
375,-120.19360854893719,160.7582779268618,0.0,0.6399999999999998,0.48000000000000026,50.83138438763306,"(232.2252682797293, 232.2252682797293)",207.05969421623672
376,83.04860893947497,22.528449862743777,0.0,0.0,0.0,50.0,"(93.14180625653468, 93.14180625653468)",99.52186945591407
377,121.59307925840456,144.25194443523029,0.0,0.64,-0.48000000000000015,49.16861561236694,"(162.30954885748267, 162.30954885748267)",194.92187122878022
378,-129.58942448580368,128.93833903122587,0.0,-0.64,-0.48000000000000026,49.16861561236694,"(162.30954885748267, 162.30954885748267)",189.19464398882437
379,-4.549027961953631,220.0381986603474,0.0,-0.96,-0.4000000000000002,49.30717967697245,"(232.2252682797293, 232.2252682797293)",225.91387411584026
380,-96.10635117127617,190.65349925223043,0.0,0.7999999999999998,-0.39999999999999997,49.30717967697245,"(232.2252682797293, 232.2252682797293)",219.82601857275668
381,4.549027961953631,220.0381986603474,0.0,0.96,0.4000000000000004,50.692820323027554,"(232.2252682797293, 232.2252682797293)",225.4408602378386
382,110.6117529837211,167.49557474719612,0.0,0.64,-0.48000000000000015,49.16861561236694,"(232.2252682797293, 232.2252682797293)",206.7054254904794
383,116.93196157294533,71.01301095457919,0.0,0.6399999999999998,0.6400000000000006,51.10851251684408,"(162.30954885748267, 162.30954885748267)",145.21797770586505
384,126.83328201403036,99.6920841453725,0.0,0.6399999999999998,0.5600000000000004,50.96994845223857,"(162.30954885748267, 162.30954885748267)",168.37413749653382
385,84.82168909644696,195.93485797938706,0.0,0.7999999999999998,0.4000000000000004,50.692820323027554,"(232.2252682797293, 232.2252682797293)",218.77679711510044
386,-108.94459312856735,175.92753385609373,0.0,0.6399999999999998,0.48000000000000026,50.83138438763306,"(232.2252682797293, 232.2252682797293)",213.0127926348606
387,-129.26724345172357,121.32080835351584,0.0,-0.6400000000000002,0.5600000000000002,50.96994845223857,"(162.30954885748267, 162.30954885748267)",183.64660693137623
388,-125.26227576283414,83.2857631775688,0.0,-0.6400000000000002,0.5600000000000002,50.96994845223857,"(162.30954885748267, 162.30954885748267)",158.02594456241334
389,58.43236082145447,212.18662006337837,0.0,0.7999999999999998,0.4000000000000004,50.692820323027554,"(232.2252682797293, 232.2252682797293)",225.2661170350012
390,98.49705251180349,181.98283486945442,0.0,-0.8000000000000004,0.4800000000000001,50.83138438763306,"(232.2252682797293, 232.2252682797293)",213.04228064387502
391,127.8757501135497,106.6921493494757,0.0,0.64,-0.56,49.03005154776143,"(162.30954885748267, 162.30954885748267)",173.48171546827652
392,121.84766145745046,136.27788378179235,0.0,0.64,-0.48000000000000015,49.16861561236694,"(162.30954885748267, 162.30954885748267)",189.2394481436015
393,-120.97370761152037,152.32338184120798,0.0,0.64,-0.48000000000000015,49.16861561236694,"(232.2252682797293, 232.2252682797293)",201.38599788060506
394,-128.614315303083,113.83509431949682,0.0,0.6399999999999998,0.5600000000000004,50.96994845223857,"(162.30954885748267, 162.30954885748267)",179.26477808756397
395,31.734455326786318,217.78527698217192,0.0,0.7999999999999998,-0.39999999999999997,49.30717967697245,"(232.2252682797293, 232.2252682797293)",225.81619425065438
396,89.76417913132987,65.14274728495337,0.0,7.837739514543063e-17,-0.6400000000000002,48.89148748315592,"(93.14180625653468, 93.14180625653468)",121.55391908035342
397,92.53784291407742,43.02683294123975,0.0,7.837739514543063e-17,-0.6400000000000002,48.89148748315592,"(93.14180625653468, 93.14180625653468)",113.40380160569663
398,117.56149138439218,78.16558074340345,0.0,0.64,-0.6400000000000001,48.89148748315592,"(162.30954885748267, 162.30954885748267)",149.23582764259783
399,125.30682564216765,92.70745126477095,0.0,0.64,-0.56,49.03005154776143,"(162.30954885748267, 162.30954885748267)",163.2316784080137
400,-119.68574080508229,99.85887802526696,0.0,-0.8000000000000004,0.5600000000000002,50.96994845223857,"(162.30954885748267, 162.30954885748267)",163.0706049203041
401,-31.734455326786318,217.78527698217192,0.0,-0.8000000000000003,-0.4000000000000002,49.30717967697245,"(232.2252682797293, 232.2252682797293)",225.81619425065438
402,121.97036766220111,128.65453035748558,0.0,0.64,-0.56,49.03005154776143,"(162.30954885748267, 162.30954885748267)",183.90595131024608
403,-84.82168909644695,195.9348579793871,0.0,-0.8000000000000003,-0.4000000000000002,49.30717967697245,"(232.2252682797293, 232.2252682797293)",219.17622741552822
404,-58.43236082145438,212.1866200633784,0.0,-0.8000000000000003,0.4000000000000002,50.692820323027554,"(232.2252682797293, 232.2252682797293)",225.2661170350012
405,111.88254021898047,159.1205448173437,0.0,0.7999999999999999,-0.4800000000000001,49.16861561236694,"(232.2252682797293, 232.2252682797293)",200.5722249184344
406,73.24817421706484,200.54897777461596,0.0,-0.8000000000000003,0.4000000000000002,50.692820323027554,"(232.2252682797293, 232.2252682797293)",219.34563465318215
407,-91.66267285261104,36.446627236042985,0.0,0.0,0.0,50.0,"(93.14180625653468, 93.14180625653468)",110.59114897390236
408,121.75520091259864,121.14347630121203,0.0,0.64,-0.56,49.03005154776143,"(162.30954885748267, 162.30954885748267)",178.56252123745048
409,-110.6117529837211,167.49557474719612,0.0,-0.6400000000000002,0.48000000000000015,50.83138438763306,"(232.2252682797293, 232.2252682797293)",206.32939272244306
410,84.54428326390607,28.174039822328005,0.0,0.0,0.0,50.0,"(93.14180625653468, 93.14180625653468)",102.18371862737092
411,-115.91995132505932,64.04724606691464,0.0,0.6399999999999998,0.6400000000000006,51.10851251684408,"(162.30954885748267, 162.30954885748267)",142.192760569499
412,-121.59307925840456,144.25194443523029,0.0,0.6399999999999998,0.48000000000000026,50.83138438763306,"(162.30954885748267, 162.30954885748267)",195.43573703507164
413,-98.49705251180342,181.98283486945445,0.0,0.7999999999999999,-0.4800000000000001,49.16861561236694,"(232.2252682797293, 232.2252682797293)",213.4716456754066
414,118.00094012841559,85.63444234170439,0.0,0.7999999999999997,0.5600000000000004,50.96994845223857,"(162.30954885748267, 162.30954885748267)",153.5306378282859
415,100.65321881888963,173.66248011422044,0.0,-0.8000000000000002,-0.4800000000000003,49.16861561236694,"(232.2252682797293, 232.2252682797293)",207.4509863805951
416,87.71408884273654,187.41840933890302,0.0,0.7999999999999997,0.4800000000000003,50.83138438763306,"(232.2252682797293, 232.2252682797293)",212.32959606302103
417,108.68858541425249,60.05182451441075,0.0,-0.8000000000000004,0.6400000000000003,51.10851251684408,"(162.30954885748267, 162.30954885748267)",134.64618553761412
418,-4.5461760740326875,110.81749709344942,0.0,1.2799999999999998,-0.6400000000000001,48.89148748315592,"(93.14180625653468, 93.14180625653468)",121.84865831964466
419,85.65749390488257,34.05886663751102,0.0,-7.837739514543067e-17,0.6400000000000005,51.10851251684408,"(93.14180625653468, 93.14180625653468)",105.1955653109253
420,61.42521912048873,204.48014565863562,0.0,-0.8000000000000003,-0.4000000000000002,49.30717967697245,"(232.2252682797293, 232.2252682797293)",219.72494156875734
421,112.97167277906549,151.09897930292308,0.0,-0.8000000000000002,-0.4800000000000003,49.16861561236694,"(162.30954885748267, 162.30954885748267)",195.80023813749415
422,-73.24817421706481,200.54897777461596,0.0,0.7999999999999998,-0.39999999999999997,49.30717967697245,"(232.2252682797293, 232.2252682797293)",219.76082849598365
423,4.546176074032672,110.81749709344942,0.0,-1.2800000000000002,0.6400000000000003,51.10851251684408,"(93.14180625653468, 93.14180625653468)",121.59401813044545
424,-126.83328201403032,99.69208414537255,0.0,-0.6400000000000002,0.5600000000000002,50.96994845223857,"(162.30954885748267, 162.30954885748267)",168.3741374965338
425,-121.84766145745046,136.27788378179235,0.0,-0.6400000000000002,0.48000000000000015,50.83138438763306,"(162.30954885748267, 162.30954885748267)",188.9872801919759
426,-89.76417913132988,65.14274728495337,0.0,-7.837739514543067e-17,0.6400000000000005,51.10851251684408,"(93.14180625653468, 93.14180625653468)",121.77968760886377
427,118.01941159061498,93.26614908507479,0.0,-0.8000000000000002,-0.5600000000000003,49.03005154776143,"(162.30954885748267, 162.30954885748267)",159.13938788889064
428,-116.93196157294533,71.01301095457919,0.0,0.64,-0.6400000000000001,48.89148748315592,"(162.30954885748267, 162.30954885748267)",146.10851335662397
429,49.3930858408059,207.71497438485187,0.0,-0.8000000000000003,0.4000000000000002,50.692820323027554,"(232.2252682797293, 232.2252682797293)",219.24553929947368
430,-83.04860893947497,22.52844986274376,0.0,0.0,0.0,50.0,"(93.14180625653468, 93.14180625653468)",99.52186945591407
431,-111.88254021898047,159.1205448173437,0.0,-0.8000000000000002,-0.4800000000000003,49.16861561236694,"(232.2252682797293, 232.2252682797293)",200.5722249184344
432,-61.425219120488705,204.48014565863562,0.0,0.7999999999999998,0.4000000000000004,50.692820323027554,"(232.2252682797293, 232.2252682797293)",219.29533916375314
433,-3.629678879047019e-14,213.50687930972362,0.0,0.96,-0.39999999999999997,49.30717967697245,"(232.2252682797293, 232.2252682797293)",219.51827391750766
434,109.66650494411019,66.60068481010045,0.0,-0.8000000000000004,0.6400000000000003,51.10851251684408,"(162.30954885748267, 162.30954885748267)",138.44038683443839
435,-127.8757501135497,106.6921493494757,0.0,-0.6400000000000002,0.5600000000000002,50.96994845223857,"(162.30954885748267, 162.30954885748267)",173.3519681968478
436,113.69095693105454,143.1533461809198,0.0,0.7999999999999997,0.4800000000000003,50.83138438763306,"(162.30954885748267, 162.30954885748267)",188.90177740305438
437,-87.71408884273654,187.41840933890302,0.0,-0.8000000000000002,-0.4800000000000003,49.16861561236694,"(232.2252682797293, 232.2252682797293)",212.7849238848696
438,107.56429233114676,53.79850976469846,0.0,-7.837739514543067e-17,0.6400000000000005,51.10851251684408,"(162.30954885748267, 162.30954885748267)",130.41466250689894
439,-121.97036766220117,128.65453035748553,0.0,-0.64,-0.5600000000000003,49.03005154776143,"(162.30954885748267, 162.30954885748267)",183.90595131024608
440,37.19274875001518,210.24244802844913,0.0,0.96,0.4000000000000004,50.692820323027554,"(232.2252682797293, 232.2252682797293)",218.89821175344684
441,76.63242255608539,192.21574689348859,0.0,-0.8000000000000004,0.4800000000000001,50.83138438763306,"(232.2252682797293, 232.2252682797293)",212.93709479203335
442,102.41036667262523,165.37583676824892,0.0,-0.8000000000000004,0.4800000000000001,50.83138438763306,"(232.2252682797293, 232.2252682797293)",201.06428427486082
443,12.454083154301625,213.14333985692028,0.0,-0.96,0.4000000000000002,50.692820323027554,"(232.2252682797293, 232.2252682797293)",219.11053902688104
444,-100.65321881888963,173.66248011422044,0.0,0.7999999999999997,0.4800000000000003,50.83138438763306,"(232.2252682797293, 232.2252682797293)",207.04771591589503
445,120.80217701228115,106.92065795154872,0.0,-0.64,-0.5600000000000003,49.03005154776143,"(162.30954885748267, 162.30954885748267)",169.42325739388966
446,-49.39308584080597,207.71497438485184,0.0,0.7999999999999998,-0.39999999999999997,49.30717967697245,"(232.2252682797293, 232.2252682797293)",219.68701918212489
447,24.86575502340508,212.05395950015387,0.0,-0.96,-0.4000000000000002,49.30717967697245,"(232.2252682797293, 232.2252682797293)",219.6243440457346
448,-12.454083154301602,213.14333985692028,0.0,0.96,0.4000000000000004,50.692820323027554,"(232.2252682797293, 232.2252682797293)",219.11053902688104
449,90.35191896697003,179.23799317391214,0.0,0.7999999999999999,-0.4800000000000001,49.16861561236694,"(232.2252682797293, 232.2252682797293)",206.72604098749096
450,-117.56149138439218,78.16558074340345,0.0,0.6399999999999998,0.6400000000000006,51.10851251684408,"(162.30954885748267, 162.30954885748267)",150.31263515347243
451,-125.30682564216762,92.70745126477101,0.0,0.6399999999999998,0.5600000000000004,50.96994845223857,"(162.30954885748267, 162.30954885748267)",164.16970277476833
452,-37.192748750015156,210.24244802844913,0.0,-0.96,-0.4000000000000002,49.30717967697245,"(232.2252682797293, 232.2252682797293)",219.34960898323223
453,-121.75520091259864,121.14347630121203,0.0,-0.6400000000000002,0.5600000000000002,50.96994845223857,"(162.30954885748267, 162.30954885748267)",178.3457380881527
454,114.25813250944421,135.55013066984475,0.0,-0.8000000000000002,-0.5600000000000003,49.03005154776143,"(162.30954885748267, 162.30954885748267)",184.84665937554612
455,-24.865755023405057,212.05395950015387,0.0,0.96,-0.39999999999999997,49.30717967697245,"(232.2252682797293, 232.2252682797293)",219.6243440457346
456,121.43454885306181,113.96961237438326,0.0,0.6399999999999998,0.5600000000000004,50.96994845223857,"(162.30954885748267, 162.30954885748267)",173.35223926083694
457,110.2843094435485,73.3270477690168,0.0,0.7999999999999999,-0.6400000000000001,48.89148748315592,"(162.30954885748267, 162.30954885748267)",140.88405061720184
458,-92.53784291407743,43.02683294123973,0.0,-7.837739514543067e-17,0.6400000000000005,51.10851251684408,"(93.14180625653468, 93.14180625653468)",113.89458296891668
459,-112.97167277906549,151.09897930292308,0.0,-0.8000000000000004,0.4800000000000001,50.83138438763306,"(162.30954885748267, 162.30954885748267)",194.55690874155928
460,114.48145989032767,128.039314825521,0.0,0.7999999999999997,0.5600000000000004,50.96994845223857,"(162.30954885748267, 162.30954885748267)",178.2481014664794
461,65.28979129207052,196.35851062195894,0.0,0.7999999999999998,0.4000000000000004,50.692820323027554,"(232.2252682797293, 232.2252682797293)",212.4345383838842
462,-76.63242255608539,192.21574689348859,0.0,0.7999999999999999,-0.4800000000000001,49.16861561236694,"(232.2252682797293, 232.2252682797293)",213.41270743557016
463,77.25788664270739,20.95761082524857,0.0,1.959434878635765e-17,-0.16,49.72287187078898,"(93.14180625653468, 93.14180625653468)",94.27140882867393
464,103.96555120073609,157.4314598814752,0.0,0.7999999999999997,0.4800000000000003,50.83138438763306,"(162.30954885748267, 162.30954885748267)",194.57831675765243
465,86.51669257310104,40.22721041193755,0.0,-7.837739514543067e-17,0.6400000000000005,51.10851251684408,"(93.14180625653468, 93.14180625653468)",108.00169153153067
466,-118.0009401284156,85.63444234170437,0.0,0.7999999999999999,-0.56,49.03005154776143,"(162.30954885748267, 162.30954885748267)",154.74847728093783
467,110.72235233755963,80.35229962464824,0.0,-0.8000000000000004,0.6400000000000003,51.10851251684408,"(162.30954885748267, 162.30954885748267)",146.29889211486494
468,-84.54428326390607,28.174039822327984,0.0,0.0,0.0,50.0,"(93.14180625653468, 93.14180625653468)",102.18371862737092
469,-108.68858541425249,60.05182451441075,0.0,0.7999999999999997,0.6400000000000006,51.10851251684408,"(162.30954885748267, 162.30954885748267)",134.64618553761412
470,-102.41036667262523,165.37583676824892,0.0,0.7999999999999997,0.4800000000000003,50.83138438763306,"(232.2252682797293, 232.2252682797293)",201.06428427486082
471,-90.35191896697002,179.23799317391214,0.0,-0.8000000000000004,0.4800000000000001,50.83138438763306,"(232.2252682797293, 232.2252682797293)",206.29540943267375
472,79.74293359890062,184.20312700675476,0.0,-0.8000000000000002,-0.4800000000000003,49.16861561236694,"(232.2252682797293, 232.2252682797293)",207.39473068269288
473,-113.69095693105454,143.1533461809198,0.0,-0.8000000000000002,-0.4800000000000003,49.16861561236694,"(162.30954885748267, 162.30954885748267)",189.18895066354656
474,92.58944362665744,171.0679558471606,0.0,0.7999999999999999,-0.4800000000000001,49.16861561236694,"(232.2252682797293, 232.2252682797293)",200.67774136128645
475,53.72482138419836,199.83259270667554,0.0,-0.8000000000000003,0.4000000000000002,50.692820323027554,"(232.2252682797293, 232.2252682797293)",212.87573185543772
476,-118.01941159061498,93.26614908507479,0.0,0.7999999999999999,-0.56,49.03005154776143,"(162.30954885748267, 162.30954885748267)",159.13938788889064
477,-85.65749390488259,34.058866637510995,0.0,7.837739514543063e-17,-0.6400000000000002,48.89148748315592,"(93.14180625653468, 93.14180625653468)",104.55426895305787
478,-65.28979129207052,196.35851062195894,0.0,-0.8000000000000003,-0.4000000000000002,49.30717967697245,"(232.2252682797293, 232.2252682797293)",212.8474633411533
479,105.14708784672936,149.54131244591022,0.0,0.7999999999999999,-0.4800000000000001,49.16861561236694,"(162.30954885748267, 162.30954885748267)",189.24127903637503
480,110.7638988227432,87.5323996418535,0.0,-0.8000000000000002,-0.6400000000000003,48.89148748315592,"(162.30954885748267, 162.30954885748267)",150.3703864710389
481,41.976896320678556,202.62616246654602,0.0,0.96,0.4000000000000004,50.692820323027554,"(232.2252682797293, 232.2252682797293)",212.47957219937618
482,-109.66650494411019,66.60068481010045,0.0,-0.8000000000000002,-0.6400000000000003,48.89148748315592,"(162.30954885748267, 162.30954885748267)",136.9803020174537
483,-114.25813250944421,135.55013066984475,0.0,-0.8000000000000004,0.5600000000000002,50.96994845223857,"(162.30954885748267, 162.30954885748267)",183.55658216478162
484,-120.80217701228115,106.92065795154872,0.0,0.64,-0.56,49.03005154776143,"(162.30954885748267, 162.30954885748267)",169.42325739388966
485,-53.72482138419836,199.83259270667554,0.0,0.7999999999999998,-0.39999999999999997,49.30717967697245,"(232.2252682797293, 232.2252682797293)",213.30083285517992
486,6.037751553793423,206.84043873674887,0.0,-0.96,0.4000000000000002,50.692820323027554,"(232.2252682797293, 232.2252682797293)",212.68847007990993
487,30.086022627417837,204.72970664536837,0.0,-0.96,0.4000000000000002,50.692820323027554,"(232.2252682797293, 232.2252682797293)",212.80095528701742
488,-6.037751553793423,206.84043873674887,0.0,0.96,-0.39999999999999997,49.30717967697245,"(232.2252682797293, 232.2252682797293)",213.1402494657122
489,-103.96555120073609,157.4314598814752,0.0,0.7999999999999999,-0.4800000000000001,49.16861561236694,"(162.30954885748267, 162.30954885748267)",195.77896373596806
490,18.09269362931297,206.13606180838886,0.0,0.96,0.4000000000000004,50.692820323027554,"(232.2252682797293, 232.2252682797293)",212.58085132890935
491,106.15680133219288,141.9841269300024,0.0,0.7999999999999999,-0.56,49.03005154776143,"(162.30954885748267, 162.30954885748267)",183.90984112864635
492,78.79021319267075,26.256519286712315,0.0,9.797174393178826e-18,-0.08,49.86143593539449,"(93.14180625653468, 93.14180625653468)",96.89000328529939
493,68.8623906815925,188.54097328602347,0.0,0.7999999999999999,-0.4800000000000001,49.16861561236694,"(232.2252682797293, 232.2252682797293)",206.83077655060436
494,-79.74293359890059,184.20312700675476,0.0,0.7999999999999997,0.4800000000000003,50.83138438763306,"(232.2252682797293, 232.2252682797293)",206.94245864157594
495,110.59009546261714,95.0121590741619,0.0,-0.8000000000000004,0.5600000000000002,50.96994845223857,"(162.30954885748267, 162.30954885748267)",154.6832226395791
496,-41.976896320678556,202.62616246654602,0.0,-0.96,-0.4000000000000002,49.30717967697245,"(232.2252682797293, 232.2252682797293)",212.91596087980554
497,-121.43454885306181,113.96961237438326,0.0,-0.64,-0.5600000000000003,49.03005154776143,"(162.30954885748267, 162.30954885748267)",173.52896328284038
498,94.60538407861807,163.22782146503877,0.0,-0.8000000000000002,-0.4800000000000003,49.16861561236694,"(162.30954885748267, 162.30954885748267)",195.75492556064668
499,-18.09269362931297,206.13606180838886,0.0,-0.96,-0.4000000000000002,49.30717967697245,"(232.2252682797293, 232.2252682797293)",213.03021378671096
500,-114.48145989032767,128.039314825521,0.0,-0.8000000000000002,-0.5600000000000003,49.03005154776143,"(162.30954885748267, 162.30954885748267)",178.50827446134193
501,114.35969081784651,113.78512285771428,0.0,0.7999999999999997,0.5600000000000004,50.96994845223857,"(162.30954885748267, 162.30954885748267)",168.2666558472392
502,-30.086022627417837,204.72970664536837,0.0,0.96,-0.39999999999999997,49.30717967697245,"(232.2252682797293, 232.2252682797293)",213.2445779781851
503,-92.58944362665736,171.06795584716065,0.0,-0.8000000000000002,-0.4800000000000003,49.16861561236694,"(232.2252682797293, 232.2252682797293)",200.67774136128645
504,103.40450845423817,68.75272982360939,0.0,0.7999999999999997,0.6400000000000006,51.10851251684408,"(162.30954885748267, 162.30954885748267)",133.33832596385875
505,82.45321537103804,176.17751804301614,0.0,-0.8000000000000004,0.4800000000000001,50.83138438763306,"(232.2252682797293, 232.2252682797293)",200.95906387833253
506,-110.2843094435485,73.3270477690168,0.0,0.7999999999999997,0.6400000000000006,51.10851251684408,"(162.30954885748267, 162.30954885748267)",142.2505211576034
507,53.47570757556274,146.413185102365,0.0,1.1199999999999999,0.5600000000000004,50.96994845223857,"(162.30954885748267, 162.30954885748267)",163.13248409028301
508,106.81786232180207,134.4991267206227,0.0,-0.8000000000000004,0.5600000000000002,50.96994845223857,"(162.30954885748267, 162.30954885748267)",179.2183852249016
509,109.98339075524257,102.6197341418014,0.0,0.7999999999999997,0.5600000000000004,50.96994845223857,"(162.30954885748267, 162.30954885748267)",157.90863749374518
510,114.5798129131838,120.85896190474924,0.0,-0.8000000000000004,0.5600000000000002,50.96994845223857,"(162.30954885748267, 162.30954885748267)",174.30512645491945
511,57.74734294731501,192.23675985760497,0.0,-0.9599999999999999,-0.4800000000000003,49.16861561236694,"(232.2252682797293, 232.2252682797293)",207.3737071260099
512,-105.14708784672936,149.54131244591022,0.0,-0.8000000000000004,0.4800000000000001,50.83138438763306,"(162.30954885748267, 162.30954885748267)",188.92172783709563
513,-68.86239068159249,188.54097328602347,0.0,-0.8000000000000004,0.4800000000000001,50.83138438763306,"(232.2252682797293, 232.2252682797293)",206.35708937989864
514,101.84885062404976,56.27278413237903,0.0,7.837739514543063e-17,-0.6400000000000002,48.89148748315592,"(93.14180625653468, 93.14180625653468)",126.50150560153175
515,103.84272389440463,75.3596856284667,0.0,0.7999999999999997,0.6400000000000006,51.10851251684408,"(162.30954885748267, 162.30954885748267)",137.16017796605473
516,96.2451495994503,155.42002891928888,0.0,0.7999999999999997,0.4800000000000003,50.83138438763306,"(162.30954885748267, 162.30954885748267)",188.94448598023396
517,-86.51669257310105,40.227210411937534,0.0,7.837739514543063e-17,-0.6400000000000002,48.89148748315592,"(93.14180625653468, 93.14180625653468)",107.45066090516914
518,-110.72235233755964,80.35229962464823,0.0,-0.8000000000000002,-0.6400000000000003,48.89148748315592,"(162.30954885748267, 162.30954885748267)",145.02776868664495
519,-53.475707575562716,146.413185102365,0.0,-1.12,0.5600000000000002,50.96994845223857,"(162.30954885748267, 162.30954885748267)",163.132484090283
520,-77.2578866427074,20.95761082524855,0.0,-9.79717439317884e-18,0.08000000000000011,50.13856406460551,"(93.14180625653468, 93.14180625653468)",94.43797588220806
521,56.35713506588407,95.52517315408791,0.0,-1.2800000000000002,0.6400000000000003,51.10851251684408,"(93.14180625653468, 93.14180625653468)",122.21831071802873
522,92.95164634286414,49.8191990361882,0.0,7.837739514543063e-17,-0.6400000000000002,48.89148748315592,"(93.14180625653468, 93.14180625653468)",116.51831132289095
523,46.435641713873515,195.2779010452695,0.0,0.9600000000000001,-0.4800000000000001,49.16861561236694,"(232.2252682797293, 232.2252682797293)",206.8979037404072
524,-94.60538407861807,163.22782146503877,0.0,-0.8000000000000004,0.4800000000000001,50.83138438763306,"(162.30954885748267, 162.30954885748267)",194.6025002730348
525,72.0361999398975,180.6871231909988,0.0,0.7999999999999999,-0.4800000000000001,49.16861561236694,"(232.2252682797293, 232.2252682797293)",200.7826572899569
526,-82.45321537103804,176.17751804301614,0.0,0.7999999999999997,0.4800000000000003,50.83138438763306,"(232.2252682797293, 232.2252682797293)",200.95906387833253
527,84.92304663888416,168.4683250538668,0.0,0.7999999999999997,0.4800000000000003,50.83138438763306,"(162.30954885748267, 162.30954885748267)",194.629375914775
528,-57.74734294731499,192.23675985760497,0.0,0.9599999999999999,0.4800000000000003,50.83138438763306,"(232.2252682797293, 232.2252682797293)",206.8841141938746
529,-106.15680133219288,141.9841269300024,0.0,0.7999999999999997,0.5600000000000004,50.96994845223857,"(162.30954885748267, 162.30954885748267)",184.49519417684425
530,-110.7638988227432,87.5323996418535,0.0,-0.8000000000000004,0.6400000000000003,51.10851251684408,"(162.30954885748267, 162.30954885748267)",149.179181561981
531,103.90749512525389,82.11405056843422,0.0,0.7999999999999997,0.6400000000000006,51.10851251684408,"(162.30954885748267, 162.30954885748267)",141.00090963790424
532,-3.412349422894276e-14,200.72301177997826,0.0,-0.96,0.4000000000000002,50.692820323027554,"(232.2252682797293, 232.2252682797293)",206.63976548792363
533,97.69396250148864,147.93460872938226,0.0,-0.8000000000000002,-0.5600000000000003,49.03005154776143,"(162.30954885748267, 162.30954885748267)",184.8124872017936
534,34.96580798527495,197.65404051008463,0.0,-0.96,-0.4000000000000002,49.30717967697245,"(232.2252682797293, 232.2252682797293)",207.2372182052788
535,102.79620314259255,62.428336971839954,0.0,-7.837739514543067e-17,0.6400000000000005,51.10851251684408,"(162.30954885748267, 162.30954885748267)",130.37230541017217
536,-46.43564171387358,195.27790104526946,0.0,-0.9600000000000001,0.4800000000000001,50.83138438763306,"(232.2252682797293, 232.2252682797293)",206.3930373818228
537,23.37690127183496,199.35708651801716,0.0,0.96,-0.39999999999999997,49.30717967697245,"(232.2252682797293, 232.2252682797293)",206.97006799171476
538,11.708386576450074,200.38123949562168,0.0,-0.96,-0.4000000000000002,49.30717967697245,"(232.2252682797293, 232.2252682797293)",207.13471973463507
539,-110.59009546261713,95.01215907416191,0.0,-0.8000000000000002,-0.5600000000000003,49.03005154776143,"(162.30954885748267, 162.30954885748267)",153.59638214021723
540,-11.708386576450051,200.38123949562168,0.0,0.96,0.4000000000000004,50.692820323027554,"(232.2252682797293, 232.2252682797293)",206.69481416077747
541,-34.96580798527493,197.65404051008463,0.0,0.96,0.4000000000000004,50.692820323027554,"(232.2252682797293, 232.2252682797293)",206.80808061884744
542,-106.81786232180207,134.4991267206227,0.0,0.7999999999999999,-0.56,49.03005154776143,"(162.30954885748267, 162.30954885748267)",179.51745863850599
543,-114.35969081784651,113.78512285771428,0.0,-0.8000000000000004,0.5600000000000002,50.96994845223857,"(162.30954885748267, 162.30954885748267)",168.2666558472392
544,103.76862677136928,89.15157575789789,0.0,0.7999999999999997,0.6400000000000006,51.10851251684408,"(162.30954885748267, 162.30954885748267)",145.08244964161602
545,-23.37690127183494,199.35708651801716,0.0,-0.96,0.4000000000000002,50.692820323027554,"(232.2252682797293, 232.2252682797293)",206.53377876432637
546,61.373871563405075,184.58141422726916,0.0,-0.9600000000000001,0.4800000000000001,50.83138438763306,"(232.2252682797293, 232.2252682797293)",200.90463385230052
547,98.79050591474501,140.50091366506595,0.0,0.7999999999999997,0.5600000000000004,50.96994845223857,"(162.30954885748267, 162.30954885748267)",178.27937124654937
548,79.9609591565243,31.79382818675122,0.0,0.0,0.0,50.0,"(93.14180625653468, 93.14180625653468)",99.52186945591407
549,-56.35713506588408,95.5251731540879,0.0,1.2799999999999998,-0.6400000000000001,48.89148748315592,"(93.14180625653468, 93.14180625653468)",122.31172231096357
550,-96.2451495994503,155.42002891928888,0.0,-0.8000000000000002,-0.4800000000000003,49.16861561236694,"(162.30954885748267, 162.30954885748267)",189.29381490247707
551,-72.0361999398975,180.6871231909988,0.0,-0.8000000000000002,-0.4800000000000003,49.16861561236694,"(232.2252682797293, 232.2252682797293)",200.7826572899569
552,87.01545695724516,160.7694761489723,0.0,0.7999999999999999,-0.4800000000000001,49.16861561236694,"(162.30954885748267, 162.30954885748267)",189.34637925743726
553,107.5277627510273,120.26210253216667,0.0,-0.8000000000000002,-0.5600000000000003,49.03005154776143,"(162.30954885748267, 162.30954885748267)",169.51941068123259
554,-114.57981291318386,120.8589619047492,0.0,0.7999999999999999,-0.56,49.03005154776143,"(162.30954885748267, 162.30954885748267)",174.5251027579826
555,-109.98339075524257,102.6197341418014,0.0,-0.8000000000000004,0.5600000000000002,50.96994845223857,"(162.30954885748267, 162.30954885748267)",157.90863749374518
556,-103.40450845423817,68.75272982360939,0.0,-0.8000000000000002,-0.6400000000000003,48.89148748315592,"(162.30954885748267, 162.30954885748267)",133.16686395580498
557,74.95151123039817,173.13512457374128,0.0,-0.8000000000000002,-0.4800000000000003,49.16861561236694,"(162.30954885748267, 162.30954885748267)",195.69889037928021
558,-78.79021319267075,26.256519286712294,0.0,0.0,0.0,50.0,"(93.14180625653468, 93.14180625653468)",96.93968485610009
559,-84.92304663888414,168.46832505386683,0.0,0.7999999999999999,-0.4800000000000001,49.16861561236694,"(162.30954885748267, 162.30954885748267)",195.7282044693509
560,103.22191071459856,96.3109517028229,0.0,0.7999999999999999,-0.6400000000000001,48.89148748315592,"(162.30954885748267, 162.30954885748267)",149.26524169687963
561,107.33488549447918,127.33673686647101,0.0,0.7999999999999997,0.5600000000000004,50.96994845223857,"(162.30954885748267, 162.30954885748267)",173.26268635530295
562,50.502539863397104,187.84712948609584,0.0,0.9600000000000001,-0.4800000000000001,49.16861561236694,"(232.2252682797293, 232.2252682797293)",200.84601992030036
563,80.80728238623071,37.572536058531895,0.0,-7.837739514543067e-17,0.6400000000000005,51.10851251684408,"(93.14180625653468, 93.14180625653468)",102.49833734284277
564,-61.373871563405075,184.58141422726916,0.0,0.9599999999999999,0.4800000000000003,50.83138438763306,"(232.2252682797293, 232.2252682797293)",200.90463385230052
565,86.94243435781401,46.59844782077047,0.0,-7.837739514543067e-17,0.6400000000000005,51.10851251684408,"(93.14180625653468, 93.14180625653468)",110.82980587297664
566,102.43602330641905,103.75134078907794,0.0,0.9599999999999999,0.5600000000000004,50.96994845223857,"(162.30954885748267, 162.30954885748267)",153.43979850467863
567,-97.69396250148864,147.93460872938226,0.0,-0.8000000000000004,0.5600000000000002,50.96994845223857,"(162.30954885748267, 162.30954885748267)",183.5909881029084
568,-103.84272389440464,75.35968562846669,0.0,0.7999999999999999,-0.6400000000000001,48.89148748315592,"(162.30954885748267, 162.30954885748267)",138.2621764185056
569,88.89843547090247,153.38131222539297,0.0,0.7999999999999999,-0.4800000000000001,49.16861561236694,"(162.30954885748267, 162.30954885748267)",183.9896477886115
570,-101.84885062404976,56.27278413237903,0.0,-7.837739514543067e-17,0.6400000000000005,51.10851251684408,"(93.14180625653468, 93.14180625653468)",126.80802457038867
571,39.459226204152195,190.47314786129203,0.0,-0.9600000000000001,0.4800000000000001,50.83138438763306,"(232.2252682797293, 232.2252682797293)",200.78580557387147
572,101.2082198255085,111.28365700814263,0.0,-0.9599999999999999,-0.5600000000000003,49.03005154776143,"(162.30954885748267, 162.30954885748267)",159.22089909947317
573,97.42549518014475,76.99157821323338,0.0,-0.9600000000000001,0.6400000000000003,51.10851251684408,"(162.30954885748267, 162.30954885748267)",134.61556079881026
574,64.72473504027953,177.2123276492102,0.0,0.9599999999999999,0.4800000000000003,50.83138438763306,"(162.30954885748267, 162.30954885748267)",194.6383485077598
575,-50.502539863397104,187.84712948609584,0.0,-0.9599999999999999,-0.4800000000000003,49.16861561236694,"(232.2252682797293, 232.2252682797293)",200.84601992030036
576,-74.95151123039814,173.1351245737413,0.0,-0.8000000000000004,0.4800000000000001,50.83138438763306,"(162.30954885748267, 162.30954885748267)",194.65885106536848
577,77.48944082691686,165.5714370627522,0.0,0.9599999999999999,0.4800000000000003,50.83138438763306,"(162.30954885748267, 162.30954885748267)",188.93323567728513
578,-92.95164634286414,49.8191990361882,0.0,-7.837739514543067e-17,0.6400000000000005,51.10851251684408,"(93.14180625653468, 93.14180625653468)",116.92169271514294
579,-87.01545695724509,160.76947614897236,0.0,-0.8000000000000004,0.4800000000000001,50.83138438763306,"(162.30954885748267, 162.30954885748267)",188.96997333233094
580,28.281537619390416,192.45052667816492,0.0,0.9600000000000001,-0.4800000000000001,49.16861561236694,"(232.2252682797293, 232.2252682797293)",200.96319887839803
581,-103.90749512525389,82.11405056843422,0.0,-0.8000000000000002,-0.6400000000000003,48.89148748315592,"(162.30954885748267, 162.30954885748267)",140.960157437493
582,5.675622192397355,194.4346622944305,0.0,0.96,-0.39999999999999997,49.30717967697245,"(232.2252682797293, 232.2252682797293)",201.03228768469867
583,-98.79050591474501,140.50091366506595,0.0,-0.8000000000000002,-0.5600000000000003,49.03005154776143,"(162.30954885748267, 162.30954885748267)",178.61765469355768
584,90.42672712562212,146.0242371010986,0.0,-0.9600000000000001,0.5600000000000002,50.96994845223857,"(162.30954885748267, 162.30954885748267)",179.190719110565
585,-5.675622192397355,194.4346622944305,0.0,-0.96,-0.4000000000000002,49.30717967697245,"(232.2252682797293, 232.2252682797293)",201.03228768469867
586,17.007538744825982,193.77253214700815,0.0,-0.9600000000000001,0.4800000000000001,50.83138438763306,"(232.2252682797293, 232.2252682797293)",200.67053862266957
587,70.16359365025887,139.18887239505835,0.0,-0.9599999999999999,-0.5600000000000003,49.03005154776143,"(162.30954885748267, 162.30954885748267)",164.29321003679243
588,-39.459226204152195,190.47314786129203,0.0,0.9599999999999999,0.4800000000000003,50.83138438763306,"(232.2252682797293, 232.2252682797293)",200.78580557387147
589,97.32106147699214,83.61222707727863,0.0,-0.9600000000000001,0.6400000000000003,51.10851251684408,"(162.30954885748267, 162.30954885748267)",138.40389287477504
590,-17.007538744825982,193.77253214700815,0.0,0.9599999999999999,0.4800000000000003,50.83138438763306,"(232.2252682797293, 232.2252682797293)",200.67053862266957
591,-28.281537619390416,192.45052667816492,0.0,-0.9599999999999999,-0.4800000000000003,49.16861561236694,"(232.2252682797293, 232.2252682797293)",200.96319887839803
592,87.06634578112947,53.23544079337206,0.0,-7.837739514543067e-17,0.6400000000000005,51.10851251684408,"(93.14180625653468, 93.14180625653468)",113.83720398715315
593,-102.79620314259255,62.428336971839954,0.0,7.837739514543063e-17,-0.6400000000000002,48.89148748315592,"(162.30954885748267, 162.30954885748267)",130.13474577238125
594,-103.76862677136927,89.15157575789792,0.0,0.7999999999999999,-0.6400000000000001,48.89148748315592,"(162.30954885748267, 162.30954885748267)",146.2446659890604
595,-107.5277627510273,120.26210253216667,0.0,0.7999999999999999,-0.56,49.03005154776143,"(162.30954885748267, 162.30954885748267)",169.51941068123259
596,54.27754445568839,180.68604972367456,0.0,-0.9600000000000001,0.4800000000000001,50.83138438763306,"(162.30954885748267, 162.30954885748267)",195.21587105885865
597,100.32965834218064,126.3295401900913,0.0,0.7999999999999997,0.5600000000000004,50.96994845223857,"(162.30954885748267, 162.30954885748267)",168.2916093409355
598,-64.72473504027951,177.2123276492102,0.0,0.9600000000000001,-0.4800000000000001,49.16861561236694,"(162.30954885748267, 162.30954885748267)",195.72072063004134
599,79.80017263441951,158.30568914816214,0.0,-0.9599999999999999,-0.4800000000000003,49.16861561236694,"(162.30954885748267, 162.30954885748267)",184.80436500103212
600,-88.89843547090247,153.38131222539297,0.0,0.7999999999999997,0.4800000000000003,50.83138438763306,"(162.30954885748267, 162.30954885748267)",184.41380166608482
601,-107.33488549447918,127.33673686647101,0.0,-0.8000000000000002,-0.5600000000000003,49.03005154776143,"(162.30954885748267, 162.30954885748267)",173.52579947428353
602,96.89729878504764,64.42614450369148,0.0,0.9600000000000001,-0.6400000000000001,48.89148748315592,"(93.14180625653468, 93.14180625653468)",125.80916503602731
603,96.83236414023975,90.34920087622271,0.0,-0.9600000000000001,0.6400000000000003,51.10851251684408,"(162.30954885748267, 162.30954885748267)",142.20818280841695
604,94.79839728126018,57.57125369363725,0.0,7.837739514543063e-17,-0.6400000000000002,48.89148748315592,"(93.14180625653468, 93.14180625653468)",121.51404746775668
605,67.69954121885405,169.80955900493308,0.0,0.9600000000000001,-0.4800000000000001,49.16861561236694,"(162.30954885748267, 162.30954885748267)",189.39443769402098
606,99.7244385602861,133.3808777664533,0.0,-0.8000000000000004,0.5600000000000002,50.96994845223857,"(162.30954885748267, 162.30954885748267)",174.19668183905145
607,-103.22191071459856,96.3109517028229,0.0,0.7999999999999997,0.6400000000000006,51.10851251684408,"(162.30954885748267, 162.30954885748267)",150.28495919460534
608,81.24649663069442,43.54560188968934,0.0,7.837739514543063e-17,-0.6400000000000002,48.89148748315592,"(93.14180625653468, 93.14180625653468)",104.61232325797543
609,-77.48944082691686,165.5714370627522,0.0,-0.9599999999999999,-0.4800000000000003,49.16861561236694,"(162.30954885748267, 162.30954885748267)",189.3340640907558
610,43.64551646562599,183.54446134202522,0.0,0.9599999999999999,0.4800000000000003,50.83138438763306,"(162.30954885748267, 162.30954885748267)",194.72668014719088
611,-79.9609591565243,31.793828186751202,0.0,0.0,0.0,50.0,"(93.14180625653468, 93.14180625653468)",99.52186945591407
612,96.11751781171245,97.35170328169447,0.0,-0.9600000000000001,0.6400000000000003,51.10851251684408,"(162.30954885748267, 162.30954885748267)",146.2507369821235
613,-70.16359365025886,139.18887239505838,0.0,0.9600000000000001,-0.56,49.03005154776143,"(162.30954885748267, 162.30954885748267)",164.29321003679243
614,-102.43602330641907,103.75134078907793,0.0,0.9600000000000001,-0.56,49.03005154776143,"(162.30954885748267, 162.30954885748267)",154.84036750012206
615,-54.27754445568837,180.68604972367456,0.0,-0.9599999999999999,-0.4800000000000003,49.16861561236694,"(162.30954885748267, 162.30954885748267)",195.14469216584374
616,9.092252687521839,155.60785010272696,0.0,-1.12,-0.5600000000000003,49.03005154776143,"(162.30954885748267, 162.30954885748267)",164.00193128569475
617,74.38552911655746,29.576943013938816,0.0,1.959434878635765e-17,-0.16,49.72287187078898,"(93.14180625653468, 93.14180625653468)",94.2860366588996
618,70.28671160403916,23.306236759516327,0.0,1.959434878635765e-17,-0.16,49.72287187078898,"(93.14180625653468, 93.14180625653468)",89.23704434169672
619,81.75500806774232,151.05028783637908,0.0,0.9599999999999999,0.5600000000000004,50.96994845223857,"(162.30954885748267, 162.30954885748267)",178.25009314714714
620,32.86485750662692,185.77782843481225,0.0,-0.9600000000000001,0.4800000000000001,50.83138438763306,"(162.30954885748267, 162.30954885748267)",195.09801599904608
621,-101.2082198255085,111.28365700814263,0.0,0.9600000000000001,-0.56,49.03005154776143,"(162.30954885748267, 162.30954885748267)",159.22089909947317
622,-90.42672712562212,146.0242371010986,0.0,0.9600000000000001,-0.56,49.03005154776143,"(162.30954885748267, 162.30954885748267)",179.56173984460096
623,86.70782156777604,60.03094892992227,0.0,-7.837739514543067e-17,0.6400000000000005,51.10851251684408,"(93.14180625653468, 93.14180625653468)",116.8657827916723
624,-9.092252687521821,155.60785010272696,0.0,1.1199999999999999,-0.56,49.03005154776143,"(162.30954885748267, 162.30954885748267)",164.00193128569475
625,97.33726579295592,70.63861072780385,0.0,0.96,1.175660927181459e-16,50.0,"(162.30954885748267, 162.30954885748267)",129.53142741157558
626,94.98621345163546,104.44224013107146,0.0,-0.9599999999999999,-0.5600000000000003,49.03005154776143,"(162.30954885748267, 162.30954885748267)",150.4496336420469
627,-3.2073154892765204e-14,188.66239794109853,0.0,0.9600000000000001,-0.4800000000000001,49.16861561236694,"(162.30954885748267, 162.30954885748267)",195.43111589546217
628,-86.94243435781401,46.59844782077047,0.0,7.837739514543063e-17,-0.6400000000000002,48.89148748315592,"(93.14180625653468, 93.14180625653468)",110.36682197514814
629,-43.645516465626045,183.54446134202522,0.0,0.9600000000000001,-0.4800000000000001,49.16861561236694,"(162.30954885748267, 162.30954885748267)",195.63283781774587
630,57.679096775427546,173.46940942386365,0.0,0.9599999999999999,0.4800000000000003,50.83138438763306,"(162.30954885748267, 162.30954885748267)",189.01381259209802
631,21.972280164922392,187.3785454667625,0.0,0.9599999999999999,0.4800000000000003,50.83138438763306,"(162.30954885748267, 162.30954885748267)",194.82405358190243
632,-80.80728238623071,37.57253605853188,0.0,0.0,0.0,50.0,"(93.14180625653468, 93.14180625653468)",102.18371862737092
633,11.004878154955907,188.34116133676142,0.0,-0.9600000000000001,0.4800000000000001,50.83138438763306,"(162.30954885748267, 162.30954885748267)",194.9841118830531
634,70.43015732619499,162.69096996503868,0.0,0.9599999999999999,0.4800000000000003,50.83138438763306,"(162.30954885748267, 162.30954885748267)",183.63641026410932
635,-97.42549518014475,76.99157821323338,0.0,0.9600000000000001,-0.6400000000000001,48.89148748315592,"(162.30954885748267, 162.30954885748267)",134.52414335737376
636,100.46044909396949,119.18124953349187,0.0,-0.8000000000000002,-0.5600000000000003,49.03005154776143,"(162.30954885748267, 162.30954885748267)",164.30335159494007
637,-67.69954121885405,169.80955900493308,0.0,-0.9600000000000001,0.4800000000000001,50.83138438763306,"(162.30954885748267, 162.30954885748267)",188.972208416136
638,93.59352359972414,111.79325528202718,0.0,-0.9599999999999999,-0.5600000000000003,49.03005154776143,"(162.30954885748267, 162.30954885748267)",154.8146270620709
639,-32.864857506626905,185.77782843481225,0.0,-0.9599999999999999,-0.4800000000000003,49.16861561236694,"(162.30954885748267, 162.30954885748267)",195.26251905321413
640,-79.80017263441948,158.30568914816214,0.0,-0.9600000000000001,0.4800000000000001,50.83138438763306,"(162.30954885748267, 162.30954885748267)",183.59888511339244
641,-11.004878154955886,188.34116133676142,0.0,-0.9599999999999999,-0.4800000000000003,49.16861561236694,"(162.30954885748267, 162.30954885748267)",195.37626085824215
642,81.401208783346,49.77157582320343,0.0,7.837739514543063e-17,-0.6400000000000002,48.89148748315592,"(93.14180625653468, 93.14180625653468)",107.5074942349791
643,-21.97228016492237,187.3785454667625,0.0,0.9600000000000001,-0.4800000000000001,49.16861561236694,"(162.30954885748267, 162.30954885748267)",195.53586714382314
644,91.75287287355418,119.19969126136102,0.0,0.9599999999999999,0.5600000000000004,50.96994845223857,"(162.30954885748267, 162.30954885748267)",157.8501116643517
645,75.30755198263785,35.015355408481874,0.0,9.797174393178826e-18,-0.08,49.86143593539449,"(93.14180625653468, 93.14180625653468)",96.89723499875943
646,-100.32965834218064,126.3295401900913,0.0,-0.8000000000000004,0.5600000000000002,50.96994845223857,"(162.30954885748267, 162.30954885748267)",168.2916093409355
647,-97.32106147699213,83.61222707727865,0.0,-0.9599999999999999,-0.6400000000000003,48.89148748315592,"(162.30954885748267, 162.30954885748267)",137.01923034658157
648,47.46223123917517,176.5385250207224,0.0,0.9600000000000001,-0.4800000000000001,49.16861561236694,"(162.30954885748267, 162.30954885748267)",189.51403238802803
649,92.78989010300134,131.96677370600344,0.0,-0.9599999999999999,-0.5600000000000003,49.03005154776143,"(162.30954885748267, 162.30954885748267)",169.57692531126756
650,90.79172791582486,84.71299999952586,0.0,0.9599999999999999,0.6400000000000006,51.10851251684408,"(162.30954885748267, 162.30954885748267)",133.22945890810888
651,-57.679096775427546,173.46940942386365,0.0,-0.9599999999999999,-0.4800000000000003,49.16861561236694,"(162.30954885748267, 162.30954885748267)",189.45449516748857
652,-99.7244385602861,133.3808777664533,0.0,0.7999999999999999,-0.56,49.03005154776143,"(162.30954885748267, 162.30954885748267)",174.4971846176461
653,91.77438881851573,138.97080181427222,0.0,0.9599999999999999,0.5600000000000004,50.96994845223857,"(162.30954885748267, 162.30954885748267)",173.21298715908733
654,72.80487951792507,155.56195009702725,0.0,-0.9600000000000001,0.5600000000000002,50.96994845223857,"(162.30954885748267, 162.30954885748267)",179.06646148678757
655,60.820298309533584,166.522220987762,0.0,-0.9599999999999999,-0.4800000000000003,49.16861561236694,"(162.30954885748267, 162.30954885748267)",184.7270955634201
656,-81.75500806774225,151.05028783637914,0.0,-0.9599999999999999,-0.5600000000000003,49.03005154776143,"(162.30954885748267, 162.30954885748267)",178.6545791780116
657,-87.06634578112947,53.23544079337206,0.0,0.0,0.0,50.0,"(93.14180625653468, 93.14180625653468)",113.64224885201727
658,-96.83236414023975,90.34920087622271,0.0,0.9600000000000001,-0.6400000000000001,48.89148748315592,"(162.30954885748267, 162.30954885748267)",142.2419020842538
659,37.08373724739661,179.00645419218608,0.0,0.9599999999999999,0.4800000000000003,50.83138438763306,"(162.30954885748267, 162.30954885748267)",189.10433331343037
660,90.14534692243302,91.30284744773891,0.0,0.9599999999999999,0.6400000000000006,51.10851251684408,"(162.30954885748267, 162.30954885748267)",137.06151197433624
661,-70.43015732619497,162.6909699650387,0.0,0.9600000000000001,-0.4800000000000001,49.16861561236694,"(162.30954885748267, 162.30954885748267)",184.7670770554839
662,81.10226533436922,56.15002038291204,0.0,7.837739514543063e-17,-0.6400000000000002,48.89148748315592,"(93.14180625653468, 93.14180625653468)",110.4221961644197
663,-47.46223123917517,176.5385250207224,0.0,-0.9600000000000001,0.4800000000000001,50.83138438763306,"(162.30954885748267, 162.30954885748267)",189.0579048372677
664,-96.89729878504764,64.42614450369148,0.0,-0.96,-1.175660927181459e-16,50.0,"(93.14180625653468, 93.14180625653468)",125.91542158839019
665,-96.11751781171246,97.35170328169445,0.0,-0.9599999999999999,-0.6400000000000003,48.89148748315592,"(162.30954885748267, 162.30954885748267)",145.0782707935603
666,26.578957848886454,180.8647926224457,0.0,0.9600000000000001,-0.4800000000000001,49.16861561236694,"(162.30954885748267, 162.30954885748267)",189.63074005492237
667,89.10646533837586,97.97715386181034,0.0,0.9599999999999999,0.6400000000000006,51.10851251684408,"(162.30954885748267, 162.30954885748267)",140.9127422387757
668,-81.24649663069442,43.54560188968934,0.0,0.0,0.0,50.0,"(93.14180625653468, 93.14180625653468)",104.86759584684278
669,-94.79839728126018,57.57125369363725,0.0,-7.837739514543067e-17,0.6400000000000005,51.10851251684408,"(93.14180625653468, 93.14180625653468)",121.81947227725676
670,-37.08373724739661,179.00645419218608,0.0,-0.9599999999999999,-0.4800000000000003,49.16861561236694,"(162.30954885748267, 162.30954885748267)",189.57284719188914
671,5.333943473939919,182.72948108531907,0.0,1.1199999999999999,-0.4800000000000001,49.16861561236694,"(162.30954885748267, 162.30954885748267)",189.73935817428637
672,15.98366614628842,182.10721190336523,0.0,0.9599999999999999,0.4800000000000003,50.83138438763306,"(162.30954885748267, 162.30954885748267)",189.20355252221978
673,-94.98621345163546,104.44224013107146,0.0,-0.9600000000000001,0.5600000000000002,50.96994845223857,"(162.30954885748267, 162.30954885748267)",149.09857234704148
674,-5.333943473939919,182.72948108531907,0.0,-1.12,0.4800000000000001,50.83138438763306,"(162.30954885748267, 162.30954885748267)",189.25237201745438
675,51.00332111440161,169.78639522782424,0.0,0.9599999999999999,0.4800000000000003,50.83138438763306,"(162.30954885748267, 162.30954885748267)",183.71940314502072
676,-26.578957848886454,180.8647926224457,0.0,-0.9600000000000001,0.4800000000000001,50.83138438763306,"(162.30954885748267, 162.30954885748267)",189.1529382522753
677,87.82044520361316,104.89757273822461,0.0,0.9599999999999999,0.6400000000000006,51.10851251684408,"(162.30954885748267, 162.30954885748267)",145.00502910561582
678,63.60682035203659,159.5438598138873,0.0,0.9599999999999999,0.5600000000000004,50.96994845223857,"(162.30954885748267, 162.30954885748267)",178.3211356703573
679,-15.98366614628842,182.10721190336523,0.0,-0.9599999999999999,-0.4800000000000003,49.16861561236694,"(162.30954885748267, 162.30954885748267)",189.68751476139968
680,-60.82029830953356,166.522220987762,0.0,-0.9600000000000001,0.4800000000000001,50.83138438763306,"(162.30954885748267, 162.30954885748267)",183.67662916935964
681,-93.59352359972411,111.79325528202719,0.0,-0.9600000000000001,0.5600000000000002,50.96994845223857,"(162.30954885748267, 162.30954885748267)",153.46576953953326
682,-100.46044909396949,119.18124953349187,0.0,0.7999999999999999,-0.56,49.03005154776143,"(162.30954885748267, 162.30954885748267)",164.30335159494007
683,-72.80487951792507,155.56195009702725,0.0,0.9600000000000001,-0.56,49.03005154776143,"(162.30954885748267, 162.30954885748267)",179.4972610018571
684,-91.75287287355413,119.19969126136105,0.0,-0.9600000000000001,0.5600000000000002,50.96994845223857,"(162.30954885748267, 162.30954885748267)",157.85011166435166
685,-86.70782156777604,60.03094892992227,0.0,0.0,0.0,50.0,"(93.14180625653468, 93.14180625653468)",116.71315757212733
686,86.11215554027163,111.87161810613142,0.0,0.9600000000000001,-0.56,49.03005154776143,"(162.30954885748267, 162.30954885748267)",149.31746146346626
687,91.29454273194975,72.14652503630049,0.0,0.9599999999999999,0.6400000000000006,51.10851251684408,"(93.14180625653468, 93.14180625653468)",126.03806085878159
688,-97.33726579295593,70.63861072780384,0.0,0.9600000000000001,-0.6400000000000001,48.89148748315592,"(162.30954885748267, 162.30954885748267)",130.89450086987003
689,84.9341340513189,137.15460597679967,0.0,0.9599999999999999,0.5600000000000004,50.96994845223857,"(162.30954885748267, 162.30954885748267)",168.24885502388983
690,80.47332198081456,62.758307605574984,0.0,-1.12,-1.3716044150450358e-16,50.0,"(93.14180625653468, 93.14180625653468)",114.43808529235731
691,-92.78989010300134,131.96677370600344,0.0,0.9600000000000001,-0.56,49.03005154776143,"(162.30954885748267, 162.30954885748267)",169.57692531126756
692,41.01265659351192,172.47237682684252,0.0,-0.9599999999999999,-0.4800000000000003,49.16861561236694,"(162.30954885748267, 162.30954885748267)",184.63959844195855
693,-74.38552911655746,29.5769430139388,0.0,-1.959434878635768e-17,0.16000000000000023,50.27712812921102,"(93.14180625653468, 93.14180625653468)",94.47937918486046
694,84.12202290183109,119.08385637553238,0.0,0.9599999999999999,0.5600000000000004,50.96994845223857,"(162.30954885748267, 162.30954885748267)",153.49841115945262
695,-70.28671160403914,23.30623675951634,0.0,-1.959434878635768e-17,0.16000000000000023,50.27712812921102,"(93.14180625653468, 93.14180625653468)",89.46373408906013
696,83.51180946458196,144.08747301505844,0.0,-0.9600000000000001,0.5600000000000002,50.96994845223857,"(162.30954885748267, 162.30954885748267)",174.16531729805686
697,-91.77438881851573,138.97080181427222,0.0,-0.9599999999999999,-0.5600000000000003,49.03005154776143,"(162.30954885748267, 162.30954885748267)",173.55127146232726
698,81.68089513601723,126.31463670981815,0.0,-0.9599999999999999,-0.5600000000000003,49.03005154776143,"(162.30954885748267, 162.30954885748267)",159.15601447606898
699,-51.00332111440159,169.78639522782424,0.0,0.9600000000000001,-0.4800000000000001,49.16861561236694,"(162.30954885748267, 162.30954885748267)",184.68455497510547
700,75.78893984164475,52.47141370666801,0.0,8.817456953860947e-17,-0.7200000000000003,48.75292341855041,"(93.14180625653468, 93.14180625653468)",104.64290437621366
701,-81.401208783346,49.77157582320343,0.0,0.0,0.0,50.0,"(93.14180625653468, 93.14180625653468)",107.71892383102782
702,-90.79172791582486,84.71299999952586,0.0,-0.9599999999999999,-0.6400000000000003,48.89148748315592,"(162.30954885748267, 162.30954885748267)",133.21130394068456
703,54.192153751857504,162.9824569435147,0.0,-0.9600000000000001,0.4800000000000001,50.83138438763306,"(162.30954885748267, 162.30954885748267)",178.97664153433735
704,30.8823270764946,174.57101891063735,0.0,0.9599999999999999,0.4800000000000003,50.83138438763306,"(162.30954885748267, 162.30954885748267)",183.8120185455236
705,91.22416740407769,78.37415338640389,0.0,0.9599999999999999,0.6400000000000006,51.10851251684408,"(162.30954885748267, 162.30954885748267)",129.62368059709127
706,-63.60682035203659,159.5438598138873,0.0,-0.9599999999999999,-0.5600000000000003,49.03005154776143,"(162.30954885748267, 162.30954885748267)",178.7786787687541
707,-41.01265659351198,172.4723768268425,0.0,-0.9600000000000001,0.4800000000000001,50.83138438763306,"(162.30954885748267, 162.30954885748267)",183.7645847967113
708,83.54778929930885,91.8651028958175,0.0,-1.12,0.6400000000000003,51.10851251684408,"(162.30954885748267, 162.30954885748267)",134.54640089898004
709,20.646830509844232,176.07517473810856,0.0,-1.12,-0.4800000000000003,49.16861561236694,"(162.30954885748267, 162.30954885748267)",184.56185250068614
710,-3.013838290866539e-14,177.28158045650906,0.0,-1.12,0.4800000000000001,50.83138438763306,"(162.30954885748267, 162.30954885748267)",183.96707012583192
711,-75.30755198263785,35.01535540848186,0.0,0.0,0.0,50.0,"(93.14180625653468, 93.14180625653468)",96.93968485610009
712,68.38361037368705,28.409229701978255,0.0,8.817456953860947e-17,-0.7200000000000003,48.75292341855041,"(93.14180625653468, 93.14180625653468)",88.89138165551198
713,-90.14534692243303,91.3028474477389,0.0,0.9600000000000001,-0.6400000000000001,48.89148748315592,"(162.30954885748267, 162.30954885748267)",138.36202146170984
714,79.34708837893626,69.4694228869184,0.0,1.1199999999999999,0.6400000000000006,51.10851251684408,"(93.14180625653468, 93.14180625653468)",116.0562228528766
715,10.341022977196527,176.97972203883356,0.0,1.1199999999999999,0.4800000000000003,50.83138438763306,"(162.30954885748267, 162.30954885748267)",183.90489059101938
716,-30.882327076494587,174.57101891063735,0.0,0.9600000000000001,-0.4800000000000001,49.16861561236694,"(162.30954885748267, 162.30954885748267)",184.59237735219585
717,64.67229719145752,22.879116590895666,0.0,8.817456953860947e-17,-0.7200000000000003,48.75292341855041,"(93.14180625653468, 93.14180625653468)",84.35799825592076
718,-10.341022977196507,176.97972203883356,0.0,1.1199999999999999,-0.4800000000000001,49.16861561236694,"(162.30954885748267, 162.30954885748267)",184.50165515523318
719,-20.646830509844214,176.07517473810856,0.0,-1.12,0.4800000000000001,50.83138438763306,"(162.30954885748267, 162.30954885748267)",183.84447813255196
720,82.36380505861904,98.37986145597426,0.0,-1.12,-0.6400000000000003,48.89148748315592,"(162.30954885748267, 162.30954885748267)",138.43719232251655
721,44.59294053674144,165.86603164571167,0.0,0.9599999999999999,0.4800000000000003,50.83138438763306,"(162.30954885748267, 162.30954885748267)",178.438231895977
722,75.2371725869478,58.67481923650556,0.0,0.0,0.0,50.0,"(93.14180625653468, 93.14180625653468)",107.71892383102782
723,-89.10646533837586,97.97715386181034,0.0,-0.9599999999999999,-0.6400000000000003,48.89148748315592,"(162.30954885748267, 162.30954885748267)",141.01602723013104
724,-81.10226533436922,56.15002038291204,0.0,0.0,0.0,50.0,"(93.14180625653468, 93.14180625653468)",110.59114897390236
725,-54.192153751857504,162.9824569435147,0.0,0.9600000000000001,-0.4800000000000001,49.16861561236694,"(162.30954885748267, 162.30954885748267)",179.38586247169988
726,76.78914227367612,141.87537029580471,0.0,-0.9599999999999999,-0.5600000000000003,49.03005154776143,"(162.30954885748267, 162.30954885748267)",169.51905435782575
727,76.02937963883139,46.48704964021874,0.0,8.817456953860947e-17,-0.7200000000000003,48.75292341855041,"(93.14180625653468, 93.14180625653468)",101.9108416502124
728,80.78172109438825,104.94664540131096,0.0,-0.9600000000000001,0.6400000000000003,51.10851251684408,"(162.30954885748267, 162.30954885748267)",142.03402864817988
729,-87.82044520361313,104.89757273822462,0.0,0.9600000000000001,-0.6400000000000001,48.89148748315592,"(162.30954885748267, 162.30954885748267)",146.32335513629872
730,-84.9341340513189,137.15460597679967,0.0,-0.9600000000000001,0.5600000000000002,50.96994845223857,"(162.30954885748267, 162.30954885748267)",168.24885502388983
731,74.96483798601473,148.71346699490397,0.0,0.9599999999999999,0.5600000000000004,50.96994845223857,"(162.30954885748267, 162.30954885748267)",173.27464174878634
732,34.84186998331348,168.18476416035867,0.0,-0.9600000000000001,0.4800000000000001,50.83138438763306,"(162.30954885748267, 162.30954885748267)",178.85885903456645
733,-83.51180946458196,144.08747301505844,0.0,0.9600000000000001,-0.56,49.03005154776143,"(162.30954885748267, 162.30954885748267)",174.5345925558565
734,-86.11215554027159,111.87161810613145,0.0,0.9599999999999999,0.5600000000000004,50.96994845223857,"(162.30954885748267, 162.30954885748267)",150.23239411344795
735,78.93316993024422,111.73847165097227,0.0,-0.9600000000000001,0.6400000000000003,51.10851251684408,"(162.30954885748267, 162.30954885748267)",146.07487482920934
736,-84.12202290183104,119.08385637553239,0.0,0.9600000000000001,-0.56,49.03005154776143,"(162.30954885748267, 162.30954885748267)",154.78226301567267
737,-81.68089513601723,126.31463670981815,0.0,0.9600000000000001,-0.56,49.03005154776143,"(162.30954885748267, 162.30954885748267)",159.15601447606898
738,-44.59294053674144,165.86603164571167,0.0,-0.9599999999999999,-0.4800000000000003,49.16861561236694,"(162.30954885748267, 162.30954885748267)",178.86416216055025
739,76.65937562864751,118.54915603960228,0.0,-0.9599999999999999,-0.5600000000000003,49.03005154776143,"(162.30954885748267, 162.30954885748267)",150.38518703723298
740,24.972148505013024,169.93075824774385,0.0,1.1199999999999999,-0.4800000000000001,49.16861561236694,"(162.30954885748267, 162.30954885748267)",178.9589457839783
741,75.84330923703727,40.64966105609169,0.0,-8.817456953860947e-17,0.7200000000000003,51.24707658144959,"(93.14180625653468, 93.14180625653468)",99.86414895358688
742,74.08517501161373,125.57414713970063,0.0,-0.9599999999999999,-0.5600000000000003,49.03005154776143,"(162.30954885748267, 162.30954885748267)",154.7434887869584
743,74.21739468091668,64.9783083662918,0.0,0.0,0.0,50.0,"(93.14180625653468, 93.14180625653468)",110.59114897390236
744,71.05997595438816,132.58067692811105,0.0,0.9599999999999999,0.5600000000000004,50.96994845223857,"(162.30954885748267, 162.30954885748267)",157.92846928463
745,-34.84186998331348,168.18476416035867,0.0,0.9600000000000001,-0.4800000000000001,49.16861561236694,"(162.30954885748267, 162.30954885748267)",179.2962055505029
746,-80.47332198081456,62.758307605574984,0.0,-1.12,0.6400000000000003,51.10851251684408,"(93.14180625653468, 93.14180625653468)",112.99430915252356
747,15.017386570571887,171.09806807851336,0.0,-1.12,0.4800000000000001,50.83138438763306,"(162.30954885748267, 162.30954885748267)",178.7589719117214
748,-91.29454273194975,72.14652503630049,0.0,-0.9600000000000001,0.6400000000000003,51.10851251684408,"(93.14180625653468, 93.14180625653468)",126.03806085878159
749,5.011484246518463,171.68271848167038,0.0,1.1199999999999999,-0.4800000000000001,49.16861561236694,"(162.30954885748267, 162.30954885748267)",179.08852013983608
750,-5.011484246518463,171.68271848167038,0.0,-1.12,-0.4800000000000003,49.16861561236694,"(162.30954885748267, 162.30954885748267)",179.08852013983608
751,-24.972148505013024,169.93075824774385,0.0,-1.12,-0.4800000000000003,49.16861561236694,"(162.30954885748267, 162.30954885748267)",178.9589457839783
752,-15.017386570571887,171.09806807851336,0.0,1.1199999999999999,0.4800000000000003,50.83138438763306,"(162.30954885748267, 162.30954885748267)",178.7589719117214
753,68.38265182345035,146.11299051518776,0.0,0.9599999999999999,0.5600000000000004,50.96994845223857,"(162.30954885748267, 162.30954885748267)",168.31346551017361
754,-75.78893984164475,52.47141370666801,0.0,-8.817456953860947e-17,0.7200000000000003,51.24707658144959,"(93.14180625653468, 93.14180625653468)",105.11153638447166
755,85.0782361289766,79.38204044134561,0.0,-1.12,-1.3716044150450358e-16,50.0,"(93.14180625653468, 93.14180625653468)",127.4034703466834
756,-83.54778929930885,91.8651028958175,0.0,1.1199999999999999,-0.6400000000000001,48.89148748315592,"(162.30954885748267, 162.30954885748267)",134.59645669523968
757,66.16258034272036,152.83303033803557,0.0,-0.9600000000000001,0.5600000000000002,50.96994845223857,"(162.30954885748267, 162.30954885748267)",174.0415243711026
758,75.74236266246332,98.39982075780792,0.0,-1.12,-0.6400000000000003,48.89148748315592,"(162.30954885748267, 162.30954885748267)",134.5625744332738
759,-76.78914227367606,141.87537029580477,0.0,0.9600000000000001,-0.56,49.03005154776143,"(162.30954885748267, 162.30954885748267)",169.51905435782578
760,-74.96483798601471,148.713466994904,0.0,-0.9599999999999999,-0.5600000000000003,49.03005154776143,"(162.30954885748267, 162.30954885748267)",173.67564581365784
761,78.16316051218446,134.85915768412977,0.0,0.9599999999999999,0.5600000000000004,50.96994845223857,"(162.30954885748267, 162.30954885748267)",163.0782860866545
762,72.84369815090872,71.47276658870231,0.0,1.1199999999999999,0.6400000000000006,51.10851251684408,"(93.14180625653468, 93.14180625653468)",113.0205722456609
763,59.94050930882649,19.8760620797603,0.0,1.959434878635765e-17,-0.16,49.72287187078898,"(93.14180625653468, 93.14180625653468)",80.41562302777005
764,-91.22416740407768,78.37415338640389,0.0,-0.96,-1.175660927181459e-16,50.0,"(162.30954885748267, 162.30954885748267)",129.5767256731969
765,-82.36380505861901,98.37986145597428,0.0,-1.12,0.6400000000000003,51.10851251684408,"(162.30954885748267, 162.30954885748267)",136.98801564195438
766,74.02873221287207,104.79570759714238,0.0,1.1199999999999999,0.6400000000000006,51.10851251684408,"(162.30954885748267, 162.30954885748267)",137.02618256973417
767,-79.34708837893626,69.4694228869184,0.0,1.1199999999999999,-0.6400000000000001,48.89148748315592,"(93.14180625653468, 93.14180625653468)",117.39106029862702
768,69.35512389802406,60.72132613659296,0.0,8.817456953860947e-17,-0.7200000000000003,48.75292341855041,"(93.14180625653468, 93.14180625653468)",104.69965286565419
769,-80.7817210943882,104.94664540131099,0.0,0.9600000000000001,-0.6400000000000001,48.89148748315592,"(162.30954885748267, 162.30954885748267)",142.1992482500893
770,71.91407836036863,111.21083660119994,0.0,1.1199999999999999,0.6400000000000006,51.10851251684408,"(162.30954885748267, 162.30954885748267)",140.88928805721065
771,84.49799142701303,85.58297776078597,0.0,-1.12,-0.6400000000000003,48.89148748315592,"(162.30954885748267, 162.30954885748267)",130.97793668495723
772,-75.2371725869478,58.67481923650556,0.0,-7.837739514543067e-17,0.6400000000000005,51.10851251684408,"(93.14180625653468, 93.14180625653468)",107.89231869960184
773,-78.93316993024418,111.73847165097229,0.0,-0.9599999999999999,-0.6400000000000003,48.89148748315592,"(162.30954885748267, 162.30954885748267)",145.2553395503749
774,-71.05997595438816,132.58067692811105,0.0,-0.9600000000000001,0.5600000000000002,50.96994845223857,"(162.30954885748267, 162.30954885748267)",157.92846928463
775,69.51541946783475,117.82842534101407,0.0,1.1199999999999999,0.6400000000000006,51.10851251684408,"(162.30954885748267, 162.30954885748267)",144.99358775398278
776,-76.65937562864751,118.54915603960228,0.0,-0.9600000000000001,0.5600000000000002,50.96994845223857,"(162.30954885748267, 162.30954885748267)",149.16357483892824
777,-68.38361037368705,28.409229701978255,0.0,-8.817456953860947e-17,0.7200000000000003,51.24707658144959,"(93.14180625653468, 93.14180625653468)",89.82914041319839
778,-74.08517501161374,125.57414713970061,0.0,-0.9600000000000001,0.5600000000000002,50.96994845223857,"(162.30954885748267, 162.30954885748267)",153.5374998193266
779,59.96149386465689,137.9557006102796,0.0,-1.12,-0.5600000000000003,49.03005154776143,"(162.30954885748267, 162.30954885748267)",159.12728918407072
780,40.004530610348894,103.44478193509055,0.0,-1.2800000000000002,-0.6400000000000003,48.89148748315592,"(93.14180625653468, 93.14180625653468)",122.1819620341226
781,66.69140170144956,124.42997712999845,0.0,1.1199999999999999,-0.56,49.03005154776143,"(162.30954885748267, 162.30954885748267)",149.41903847511045
782,63.55043317827826,131.220509179083,0.0,1.1199999999999999,0.5600000000000004,50.96994845223857,"(162.30954885748267, 162.30954885748267)",153.51763185702336
783,59.7432902647572,149.85303579187027,0.0,-0.9599999999999999,-0.5600000000000003,49.03005154776143,"(162.30954885748267, 162.30954885748267)",169.44886172491675
784,70.96426249978639,78.01304120669592,0.0,1.1199999999999999,1.3716044150450355e-16,50.0,"(93.14180625653468, 93.14180625653468)",116.03557903702081
785,57.135011849193816,156.43213423368715,0.0,0.9599999999999999,0.5600000000000004,50.96994845223857,"(162.30954885748267, 162.30954885748267)",173.34846359874524
786,-64.67229719145752,22.879116590895666,0.0,-8.817456953860947e-17,0.7200000000000003,51.24707658144959,"(93.14180625653468, 93.14180625653468)",85.43883970568696
787,-76.02937963883139,46.48704964021874,0.0,-8.817456953860947e-17,0.7200000000000003,51.24707658144959,"(93.14180625653468, 93.14180625653468)",102.47610579633066
788,-68.38265182345035,146.11299051518776,0.0,-0.9600000000000001,0.5600000000000002,50.96994845223857,"(162.30954885748267, 162.30954885748267)",168.31346551017361
789,70.55499017344374,37.815286084138755,0.0,8.817456953860947e-17,-0.7200000000000003,48.75292341855041,"(93.14180625653468, 93.14180625653468)",94.02033000269783
790,-66.16258034272035,152.8330303380356,0.0,0.9600000000000001,-0.56,49.03005154776143,"(162.30954885748267, 162.30954885748267)",174.46721326061984
791,68.10398470884617,66.82225541009538,0.0,-8.817456953860947e-17,0.7200000000000003,51.24707658144959,"(93.14180625653468, 93.14180625653468)",107.86066827935564
792,70.85483251364265,43.323148655928165,0.0,8.817456953860947e-17,-0.7200000000000003,48.75292341855041,"(93.14180625653468, 93.14180625653468)",96.62843150915562
793,62.65373123261921,27.936892501327304,0.0,-1.959434878635768e-17,0.16000000000000023,50.27712812921102,"(93.14180625653468, 93.14180625653468)",84.99903180225454
794,-74.21739468091668,64.9783083662918,0.0,-7.837739514543067e-17,0.6400000000000005,51.10851251684408,"(93.14180625653468, 93.14180625653468)",110.72361829502964
795,-40.00453061034886,103.44478193509056,0.0,1.2799999999999998,0.6400000000000006,51.10851251684408,"(93.14180625653468, 93.14180625653468)",122.00539212724479
796,70.27212056260822,54.80275015135615,0.0,8.817456953860947e-17,-0.7200000000000003,48.75292341855041,"(93.14180625653468, 93.14180625653468)",101.96957514175837
797,-78.16316051218446,134.85915768412977,0.0,-0.9600000000000001,0.5600000000000002,50.96994845223857,"(162.30954885748267, 162.30954885748267)",163.0782860866545
798,67.42790485168601,104.27323661502419,0.0,1.1199999999999999,0.6400000000000006,51.10851251684408,"(162.30954885748267, 162.30954885748267)",133.22411954601256
799,-75.74236266246328,98.39982075780793,0.0,1.1199999999999999,1.3716044150450355e-16,50.0,"(162.30954885748267, 162.30954885748267)",134.50036252451054
800,50.90047818379763,153.0827697304936,0.0,0.9599999999999999,0.5600000000000004,50.96994845223857,"(162.30954885748267, 162.30954885748267)",168.3899708792403
801,-75.84330923703727,40.64966105609169,0.0,8.817456953860947e-17,-0.7200000000000003,48.75292341855041,"(93.14180625653468, 93.14180625653468)",99.19931428077422
802,47.91287509622082,159.4985222499813,0.0,-0.9600000000000001,0.5600000000000002,50.96994845223857,"(162.30954885748267, 162.30954885748267)",173.91937045769933
803,66.37650839857356,72.96959205163449,0.0,7.837739514543063e-17,-0.6400000000000002,48.89148748315592,"(93.14180625653468, 93.14180625653468)",110.519638334142
804,48.460036893502235,142.40358458140997,0.0,1.1199999999999999,0.5600000000000004,50.96994845223857,"(162.30954885748267, 162.30954885748267)",157.98296498422104
805,65.19614475128289,110.50726778542965,0.0,-1.12,-0.6400000000000003,48.89148748315592,"(162.30954885748267, 162.30954885748267)",138.3543412371101
806,-59.961493864656816,137.95570061027962,0.0,1.1199999999999999,-0.56,49.03005154776143,"(162.30954885748267, 162.30954885748267)",159.12728918407072
807,-74.02873221287204,104.7957075971424,0.0,1.1199999999999999,-0.6400000000000001,48.89148748315592,"(162.30954885748267, 162.30954885748267)",138.39941451475744
808,-59.7432902647572,149.85303579187027,0.0,0.9600000000000001,-0.56,49.03005154776143,"(162.30954885748267, 162.30954885748267)",169.44886172491675
809,-57.135011849193795,156.43213423368715,0.0,-0.9599999999999999,-0.5600000000000003,49.03005154776143,"(162.30954885748267, 162.30954885748267)",173.7990452283362
810,77.92383294210914,78.92440458161875,0.0,-1.12,0.6400000000000003,51.10851251684408,"(93.14180625653468, 93.14180625653468)",122.42734816438293
811,-85.0782361289766,79.38204044134561,0.0,1.1199999999999999,1.3716044150450355e-16,50.0,"(93.14180625653468, 93.14180625653468)",127.4034703466834
812,62.56313267086652,116.7276285819582,0.0,1.1199999999999999,-0.6400000000000001,48.89148748315592,"(162.30954885748267, 162.30954885748267)",141.2118845553652
813,52.588596777682284,135.98499577276516,0.0,-1.12,-0.5600000000000003,49.03005154776143,"(162.30954885748267, 162.30954885748267)",154.7032488126486
814,-71.91407836036863,111.21083660119994,0.0,-1.12,-0.6400000000000003,48.89148748315592,"(162.30954885748267, 162.30954885748267)",141.11268095957192
815,-72.84369815090875,71.47276658870229,0.0,7.837739514543063e-17,-0.6400000000000002,48.89148748315592,"(93.14180625653468, 93.14180625653468)",113.56422418038593
816,-63.55043317827822,131.22050917908302,0.0,1.1199999999999999,-0.56,49.03005154776143,"(162.30954885748267, 162.30954885748267)",154.76534974515673
817,66.11058968111824,33.358543613515614,0.0,8.817456953860947e-17,-0.7200000000000003,48.75292341855041,"(93.14180625653468, 93.14180625653468)",88.93146093851435
818,-69.51541946783476,117.82842534101405,0.0,1.1199999999999999,-0.6400000000000001,48.89148748315592,"(162.30954885748267, 162.30954885748267)",146.3369667394127
819,-66.69140170144956,124.42997712999845,0.0,1.1199999999999999,0.5600000000000004,50.96994845223857,"(162.30954885748267, 162.30954885748267)",150.1335841180299
820,56.275224136209275,129.47455896003453,0.0,-1.12,-0.5600000000000003,49.03005154776143,"(162.30954885748267, 162.30954885748267)",150.35672326953838
821,59.63048638351848,123.12650590265672,0.0,-1.12,-0.6400000000000003,48.89148748315592,"(162.30954885748267, 162.30954885748267)",146.28447329604742
822,78.29015604428928,86.08406399566744,0.0,-1.12,-0.6400000000000003,48.89148748315592,"(93.14180625653468, 93.14180625653468)",127.34760974285534
823,-69.35512389802406,60.72132613659296,0.0,-8.817456953860947e-17,0.7200000000000003,51.24707658144959,"(93.14180625653468, 93.14180625653468)",105.05501038601167
824,38.52757525968784,162.02175207213048,0.0,1.1199999999999999,-0.56,49.03005154776143,"(162.30954885748267, 162.30954885748267)",173.8853034285217
825,41.88432899963848,155.79119375609338,0.0,-1.12,-0.5600000000000003,49.03005154776143,"(162.30954885748267, 162.30954885748267)",169.4078335155749
826,64.27575367261775,79.26656428760357,0.0,-1.12,0.6400000000000003,51.10851251684408,"(93.14180625653468, 93.14180625653468)",114.32769245360795
827,-47.9128750962208,159.4985222499813,0.0,0.9600000000000001,-0.56,49.03005154776143,"(162.30954885748267, 162.30954885748267)",174.38817167398338
828,-84.49799142701305,85.58297776078595,0.0,1.1199999999999999,1.3716044150450355e-16,50.0,"(162.30954885748267, 162.30954885748267)",130.97666409860676
829,-50.90047818379763,153.0827697304936,0.0,-0.9600000000000001,0.5600000000000002,50.96994845223857,"(162.30954885748267, 162.30954885748267)",168.3899708792403
830,62.02792463536857,68.18906968221367,0.0,1.2799999999999998,0.7200000000000004,51.24707658144959,"(93.14180625653468, 93.14180625653468)",104.25281084667589
831,36.63290128490392,145.89443656563765,0.0,-1.12,-0.5600000000000003,49.03005154776143,"(162.30954885748267, 162.30954885748267)",158.99097301407468
832,-59.9405093088265,19.87606207976029,0.0,-8.817456953860947e-17,0.7200000000000003,51.24707658144959,"(93.14180625653468, 93.14180625653468)",81.1546808800953
833,70.74869981514364,48.98187393788335,0.0,-8.817456953860947e-17,0.7200000000000003,51.24707658144959,"(93.14180625653468, 93.14180625653468)",99.80405733072382
834,-70.96426249978639,78.01304120669592,0.0,-1.12,-0.6400000000000003,48.89148748315592,"(93.14180625653468, 93.14180625653468)",115.99525612505394
835,-48.460036893502235,142.40358458140997,0.0,-1.12,0.5600000000000002,50.96994845223857,"(162.30954885748267, 162.30954885748267)",157.98296498422104
836,77.20394153818988,92.21663650649222,0.0,1.1199999999999999,-0.6400000000000001,48.89148748315592,"(162.30954885748267, 162.30954885748267)",129.62059501329682
837,29.01107315301705,163.993231062822,0.0,-1.12,0.4800000000000001,50.83138438763306,"(162.30954885748267, 162.30954885748267)",173.86284232325087
838,32.72554641561138,157.96908456877964,0.0,1.1199999999999999,-0.56,49.03005154776143,"(162.30954885748267, 162.30954885748267)",168.92106787852364
839,41.2733355008059,139.83558689762248,0.0,1.1199999999999999,0.5600000000000004,50.96994845223857,"(162.30954885748267, 162.30954885748267)",153.64867426288234
840,-68.10398470884621,66.82225541009534,0.0,8.817456953860947e-17,-0.7200000000000003,48.75292341855041,"(93.14180625653468, 93.14180625653468)",107.59626638950049
841,-38.5275752596879,162.02175207213048,0.0,-1.12,-0.5600000000000003,49.03005154776143,"(162.30954885748267, 162.30954885748267)",173.8853034285217
842,58.00553747587548,24.965578746241917,0.0,-1.959434878635768e-17,0.16000000000000023,50.27712812921102,"(93.14180625653468, 93.14180625653468)",80.6706187389331
843,61.667325523983756,85.55175108187584,0.0,-1.2800000000000002,0.6400000000000003,51.10851251684408,"(93.14180625653468, 93.14180625653468)",117.4072029906906
844,58.6602936884662,109.44587781750272,0.0,-1.12,0.6400000000000003,51.10851251684408,"(162.30954885748267, 162.30954885748267)",134.2552889565287
845,-52.588596777682234,135.9849957727652,0.0,-1.12,0.5600000000000002,50.96994845223857,"(162.30954885748267, 162.30954885748267)",153.58021220046862
846,-41.88432899963848,155.79119375609338,0.0,1.1199999999999999,-0.56,49.03005154776143,"(162.30954885748267, 162.30954885748267)",169.4078335155749
847,19.395776387425833,165.40624552368877,0.0,1.1199999999999999,-0.4800000000000001,49.16861561236694,"(162.30954885748267, 162.30954885748267)",173.98219224318746
848,-67.42790485168601,104.27323661502419,0.0,-1.12,-1.3716044150450358e-16,50.0,"(162.30954885748267, 162.30954885748267)",133.30283612884259
849,55.92540261730175,115.47615713178017,0.0,1.1199999999999999,0.6400000000000006,51.10851251684408,"(162.30954885748267, 162.30954885748267)",137.12423269620822
850,45.48084549037968,133.64899910944436,0.0,1.1199999999999999,-0.56,49.03005154776143,"(162.30954885748267, 162.30954885748267)",149.61245272154426
851,-2.8312206820140182e-14,166.5395514582462,0.0,-1.12,-0.4800000000000003,49.16861561236694,"(162.30954885748267, 162.30954885748267)",174.11013103938106
852,24.559572026014102,148.40479607901293,0.0,1.1199999999999999,0.5600000000000004,50.96994845223857,"(162.30954885748267, 162.30954885748267)",158.1310624438838
853,9.714429010656394,166.2559835582189,0.0,-1.12,0.4800000000000001,50.83138438763306,"(162.30954885748267, 162.30954885748267)",173.7322400000792
854,60.09352979582236,74.10893487288415,0.0,1.2799999999999998,0.7200000000000004,51.24707658144959,"(93.14180625653468, 93.14180625653468)",107.10382769521112
855,-65.1961447512829,110.50726778542963,0.0,-1.12,0.6400000000000003,51.10851251684408,"(162.30954885748267, 162.30954885748267)",137.0716925864238
856,49.34480297377079,127.59710726192692,0.0,-1.12,-1.3716044150450358e-16,50.0,"(162.30954885748267, 162.30954885748267)",146.04012503689933
857,-36.63290128490392,145.89443656563765,0.0,1.1199999999999999,-0.56,49.03005154776143,"(162.30954885748267, 162.30954885748267)",158.99097301407468
858,-56.27522413620921,129.47455896003456,0.0,-1.12,0.5600000000000002,50.96994845223857,"(162.30954885748267, 162.30954885748267)",149.19449690454255
859,52.791727627459444,121.4599454061633,0.0,1.1199999999999999,0.6400000000000006,51.10851251684408,"(162.30954885748267, 162.30954885748267)",140.99470449502365
860,23.45531986055088,159.60902555287353,0.0,-1.12,-0.5600000000000003,49.03005154776143,"(162.30954885748267, 162.30954885748267)",169.29857957933842
861,-29.011073153017037,163.993231062822,0.0,1.1199999999999999,0.4800000000000003,50.83138438763306,"(162.30954885748267, 162.30954885748267)",173.86284232325085
862,-62.56313267086652,116.7276285819582,0.0,-1.12,0.6400000000000003,51.10851251684408,"(162.30954885748267, 162.30954885748267)",140.93855439118423
863,54.3233327853832,19.4490492078279,0.0,-0.3200000000000004,0.7200000000000003,51.24707658144959,"(93.14180625653468, 93.14180625653468)",77.22003600276506
864,-59.63048638351844,123.12650590265675,0.0,-1.12,0.6400000000000003,51.10851251684408,"(162.30954885748267, 162.30954885748267)",145.0465483793457
865,-9.714429010656376,166.2559835582189,0.0,1.1199999999999999,0.4800000000000003,50.83138438763306,"(162.30954885748267, 162.30954885748267)",173.7322400000792
866,-70.55499017344374,37.815286084138755,0.0,-8.817456953860947e-17,0.7200000000000003,51.24707658144959,"(93.14180625653468, 93.14180625653468)",94.76460175711077
867,-19.395776387425812,165.40624552368877,0.0,-1.12,-0.4800000000000003,49.16861561236694,"(162.30954885748267, 162.30954885748267)",173.98219224318743
868,-70.85483251364265,43.323148655928165,0.0,-8.817456953860947e-17,0.7200000000000003,51.24707658144959,"(93.14180625653468, 93.14180625653468)",97.27126206686343
869,-32.72554641561138,157.96908456877964,0.0,-1.12,0.5600000000000002,50.96994845223857,"(162.30954885748267, 162.30954885748267)",168.44722055954037
870,12.321188663446797,149.91779209711612,0.0,-1.12,-0.5600000000000003,49.03005154776143,"(162.30954885748267, 162.30954885748267)",158.83380440537655
871,14.105218275936291,160.70543203354012,0.0,1.1199999999999999,-0.56,49.03005154776143,"(162.30954885748267, 162.30954885748267)",169.05354600662537
872,4.707082610637432,161.25457029490735,0.0,-1.12,-0.4800000000000003,49.16861561236694,"(162.30954885748267, 162.30954885748267)",169.1436634387059
873,29.680694252094273,142.74640442084106,0.0,-1.12,-0.5600000000000003,49.03005154776143,"(162.30954885748267, 162.30954885748267)",154.5618137484702
874,-66.37650839857356,72.96959205163449,0.0,-1.12,0.6400000000000003,51.10851251684408,"(93.14180625653468, 93.14180625653468)",110.0093715390347
875,-24.559572026014038,148.40479607901293,0.0,-1.12,0.5600000000000002,50.96994845223857,"(162.30954885748267, 162.30954885748267)",158.1310624438838
876,-70.27212056260822,54.80275015135615,0.0,-8.817456953860947e-17,0.7200000000000003,51.24707658144959,"(93.14180625653468, 93.14180625653468)",102.41766278550159
877,50.38274318165432,13.843471005909812,0.0,0.31999999999999995,-0.7200000000000003,48.75292341855041,"(93.14180625653468, 93.14180625653468)",71.38081313957758
878,-4.707082610637432,161.25457029490735,0.0,1.1199999999999999,0.4800000000000003,50.83138438763306,"(162.30954885748267, 162.30954885748267)",168.7194327397606
879,0.0,150.42325643780745,0.0,-1.12,0.5600000000000002,50.96994845223857,"(162.30954885748267, 162.30954885748267)",158.2977753329714
880,-23.45531986055088,159.60902555287353,0.0,1.1199999999999999,0.5600000000000004,50.96994845223857,"(162.30954885748267, 162.30954885748267)",168.81491202139358
881,-41.27333550080591,139.83558689762248,0.0,1.1199999999999999,-0.56,49.03005154776143,"(162.30954885748267, 162.30954885748267)",154.6352536454346
882,-12.321188663446797,149.91779209711612,0.0,1.1199999999999999,-0.56,49.03005154776143,"(162.30954885748267, 162.30954885748267)",158.83380440537655
883,-62.65373123261921,27.936892501327286,0.0,-8.817456953860947e-17,0.7200000000000003,51.24707658144959,"(93.14180625653468, 93.14180625653468)",85.39620678310628
884,-14.105218275936291,160.70543203354012,0.0,-1.12,0.5600000000000002,50.96994845223857,"(162.30954885748267, 162.30954885748267)",168.5618905331415
885,57.68060720102035,80.02093341301052,0.0,-1.2800000000000002,-1.5675479029086123e-16,50.0,"(93.14180625653468, 93.14180625653468)",111.26411364767382
886,63.6096660693003,62.412520659478396,0.0,1.2799999999999998,-0.7200000000000002,48.75292341855041,"(93.14180625653468, 93.14180625653468)",101.23018314210931
887,34.38081004487318,136.92524299826673,0.0,-1.12,-0.5600000000000003,49.03005154776143,"(162.30954885748267, 162.30954885748267)",150.22132175863305
888,-77.92383294210916,78.92440458161873,0.0,-1.12,-0.6400000000000003,48.89148748315592,"(93.14180625653468, 93.14180625653468)",120.91195465851388
889,63.479945375990354,38.127405301977774,0.0,-1.2800000000000002,0.7200000000000002,51.24707658144959,"(93.14180625653468, 93.14180625653468)",90.66105754221407
890,17.88858208503295,144.6978860154897,0.0,1.1199999999999999,0.5600000000000004,50.96994845223857,"(162.30954885748267, 162.30954885748267)",153.80133671519454
891,71.19727867248469,85.04194781744674,0.0,1.1199999999999999,0.6400000000000006,51.10851251684408,"(93.14180625653468, 93.14180625653468)",121.02311280579626
892,-45.48084549037968,133.64899910944436,0.0,1.1199999999999999,0.5600000000000004,50.96994845223857,"(162.30954885748267, 162.30954885748267)",149.94084209979542
893,44.84421749159258,149.283181336992,0.0,-1.12,-0.5600000000000003,49.03005154776143,"(162.30954885748267, 162.30954885748267)",164.22434118479887
894,65.48941154715227,51.07288395232562,0.0,1.2799999999999998,-0.7200000000000002,48.75292341855041,"(93.14180625653468, 93.14180625653468)",95.82379089341894
895,-78.29015604428928,86.08406399566744,0.0,1.1199999999999999,-0.6400000000000001,48.89148748315592,"(93.14180625653468, 93.14180625653468)",127.34760974285534
896,-64.27575367261775,79.26656428760357,0.0,1.1199999999999999,-0.6400000000000001,48.89148748315592,"(93.14180625653468, 93.14180625653468)",114.24553016627921
897,65.81561208834687,45.56651956685139,0.0,8.817456953860947e-17,-0.7200000000000003,48.75292341855041,"(93.14180625653468, 93.14180625653468)",94.07966958929707
898,-29.680694252094227,142.74640442084106,0.0,-1.12,0.5600000000000002,50.96994845223857,"(162.30954885748267, 162.30954885748267)",153.72255040660897
899,70.97592218465148,92.2075543406701,0.0,1.1199999999999999,1.3716044150450355e-16,50.0,"(93.14180625653468, 93.14180625653468)",126.02413634600204
900,38.72749480210348,131.21018446936574,0.0,-1.12,-1.3716044150450358e-16,50.0,"(162.30954885748267, 162.30954885748267)",145.95867685920098
901,49.498452439072764,113.8829813141441,0.0,-1.12,-0.6400000000000003,48.89148748315592,"(162.30954885748267, 162.30954885748267)",134.4177016792136
902,42.66553255449059,125.37598324959106,0.0,1.1199999999999999,-0.6400000000000001,48.89148748315592,"(162.30954885748267, 162.30954885748267)",141.408758066511
903,-49.34480297377075,127.59710726192694,0.0,1.1199999999999999,1.3716044150450355e-16,50.0,"(162.30954885748267, 162.30954885748267)",146.04012503689933
904,46.278810399613064,119.66898191188706,0.0,-1.12,-0.6400000000000003,48.89148748315592,"(162.30954885748267, 162.30954885748267)",138.24353838168648
905,-58.6602936884662,109.44587781750272,0.0,1.1199999999999999,-0.6400000000000001,48.89148748315592,"(162.30954885748267, 162.30954885748267)",134.47290268542955
906,-62.02792463536857,68.18906968221367,0.0,1.2799999999999998,-0.7200000000000002,48.75292341855041,"(93.14180625653468, 93.14180625653468)",105.51398366074862
907,54.87985470557215,86.03930655019899,0.0,-1.2800000000000002,-1.5675479029086123e-16,50.0,"(93.14180625653468, 93.14180625653468)",114.26588096273572
908,5.976248609596317,145.67691663033276,0.0,-1.12,-0.5600000000000003,49.03005154776143,"(162.30954885748267, 162.30954885748267)",154.40057799325828
909,-52.79172762745939,121.45994540616331,0.0,-1.12,-0.6400000000000003,48.89148748315592,"(162.30954885748267, 162.30954885748267)",141.31079807470482
910,-55.925402617301714,115.4761571317802,0.0,1.1199999999999999,-0.6400000000000001,48.89148748315592,"(162.30954885748267, 162.30954885748267)",138.30226843814933
911,-17.88858208503291,144.6978860154897,0.0,1.1199999999999999,-0.56,49.03005154776143,"(162.30954885748267, 162.30954885748267)",154.48341528251044
912,-66.11058968111823,33.35854361351564,0.0,-8.817456953860947e-17,0.7200000000000003,51.24707658144959,"(93.14180625653468, 93.14180625653468)",89.78946182788656
913,-5.976248609596338,145.67691663033276,0.0,-1.12,0.5600000000000002,50.96994845223857,"(162.30954885748267, 162.30954885748267)",153.88449658128985
914,23.049716265791165,139.2812724293635,0.0,1.1199999999999999,-0.56,49.03005154776143,"(162.30954885748267, 162.30954885748267)",149.80133472348538
915,60.24033815798836,32.81861756093959,0.0,1.959434878635765e-17,-0.16,49.72287187078898,"(93.14180625653468, 93.14180625653468)",84.78709539015003
916,53.901725816962006,74.77845018887331,0.0,1.2799999999999998,-0.7200000000000002,48.75292341855041,"(93.14180625653468, 93.14180625653468)",104.14369664426336
917,-77.20394153818985,92.21663650649224,0.0,-1.12,-1.3716044150450358e-16,50.0,"(162.30954885748267, 162.30954885748267)",129.58655103272565
918,-34.38081004487318,136.92524299826673,0.0,-1.12,0.5600000000000002,50.96994845223857,"(162.30954885748267, 162.30954885748267)",149.33082946277813
919,-61.667325523983756,85.55175108187584,0.0,-1.2800000000000002,-1.5675479029086123e-16,50.0,"(93.14180625653468, 93.14180625653468)",116.04193723441031
920,69.3910378453406,98.23054771479829,0.0,1.1199999999999999,0.6400000000000006,51.10851251684408,"(162.30954885748267, 162.30954885748267)",129.6029693465341
921,27.849916136493487,133.94145561894652,0.0,-1.12,-1.3716044150450358e-16,50.0,"(162.30954885748267, 162.30954885748267)",145.87518491600167
922,51.57603397340423,91.9884442200784,0.0,1.2799999999999998,-0.6400000000000001,48.89148748315592,"(93.14180625653468, 93.14180625653468)",116.18991892759716
923,11.563715460876585,140.70125356305797,0.0,-1.12,-0.5600000000000003,49.03005154776143,"(162.30954885748267, 162.30954885748267)",150.06520033263936
924,-70.74869981514364,48.98187393788335,0.0,8.817456953860947e-17,-0.7200000000000003,48.75292341855041,"(93.14180625653468, 93.14180625653468)",99.25977201427371
925,-60.09352979582236,74.10893487288415,0.0,-1.2800000000000002,-0.7200000000000004,48.75292341855041,"(93.14180625653468, 93.14180625653468)",106.93572051989673
926,-44.844217491592566,149.283181336992,0.0,1.1199999999999999,-0.56,49.03005154776143,"(162.30954885748267, 162.30954885748267)",164.22434118479887
927,-38.7274948021035,131.21018446936574,0.0,1.1199999999999999,1.3716044150450355e-16,50.0,"(162.30954885748267, 162.30954885748267)",145.95867685920098
928,-23.049716265791105,139.2812724293635,0.0,1.1199999999999999,0.5600000000000004,50.96994845223857,"(162.30954885748267, 162.30954885748267)",149.75213605826926
929,32.25260116436433,128.4494241407585,0.0,1.1199999999999999,0.6400000000000006,51.10851251684408,"(162.30954885748267, 162.30954885748267)",141.12607061112448
930,0.0,141.17564332942155,0.0,1.1199999999999999,0.5600000000000004,50.96994845223857,"(162.30954885748267, 162.30954885748267)",149.57255494966634
931,51.30899282390923,80.44099580879643,0.0,-1.2800000000000002,-0.7200000000000004,48.75292341855041,"(93.14180625653468, 93.14180625653468)",108.30307912872878
932,-11.563715460876585,140.70125356305797,0.0,-1.12,0.5600000000000002,50.96994845223857,"(162.30954885748267, 162.30954885748267)",149.48771785025323
933,36.32119861034249,123.05756399075572,0.0,1.1199999999999999,0.6400000000000006,51.10851251684408,"(162.30954885748267, 162.30954885748267)",137.24891405297151
934,-42.66553255449059,125.37598324959106,0.0,-1.12,0.6400000000000003,51.10851251684408,"(162.30954885748267, 162.30954885748267)",141.05735303117987
935,40.00395381714458,117.55472727992101,0.0,-1.12,-1.3716044150450358e-16,50.0,"(162.30954885748267, 162.30954885748267)",134.20243471491582
936,16.785170408667067,135.77256503610718,0.0,-1.12,0.5600000000000002,50.96994845223857,"(162.30954885748267, 162.30954885748267)",145.60552364601688
937,-49.49845243907271,113.88298131414412,0.0,1.1199999999999999,1.3716044150450355e-16,50.0,"(162.30954885748267, 162.30954885748267)",134.28164863571033
938,-46.27881039961302,119.66898191188707,0.0,-1.12,0.6400000000000003,51.10851251684408,"(162.30954885748267, 162.30954885748267)",137.18344194316217
939,-27.84991613649344,133.94145561894652,0.0,1.1199999999999999,1.3716044150450355e-16,50.0,"(162.30954885748267, 162.30954885748267)",145.87518491600167
940,-58.0055374758755,24.96557874624188,0.0,-0.16000000000000006,-0.7200000000000003,48.75292341855041,"(93.14180625653468, 93.14180625653468)",79.89181875046626
941,-57.68060720102035,80.02093341301052,0.0,-1.2800000000000002,-0.6400000000000003,48.89148748315592,"(93.14180625653468, 93.14180625653468)",109.89809925570823
942,48.24170549522848,86.0415020921852,0.0,1.2799999999999998,1.5675479029086118e-16,50.0,"(93.14180625653468, 93.14180625653468)",110.03881981055632
943,64.74275602160095,56.683137199059956,0.0,1.2799999999999998,0.7200000000000004,51.24707658144959,"(93.14180625653468, 93.14180625653468)",98.92247967556725
944,5.60761891802276,136.69120663818202,0.0,-1.2800000000000002,-1.5675479029086123e-16,50.0,"(162.30954885748267, 162.30954885748267)",145.71178835825907
945,18.153542507922374,154.81253491542455,0.0,1.1199999999999999,0.5600000000000004,50.96994845223857,"(162.30954885748267, 162.30954885748267)",163.34601844987628
946,21.62291419841576,130.6596128324586,0.0,-1.12,-1.3716044150450358e-16,50.0,"(162.30954885748267, 162.30954885748267)",141.73628530395624
947,-16.785170408667025,135.77256503610718,0.0,1.1199999999999999,-0.56,49.03005154776143,"(162.30954885748267, 162.30954885748267)",145.98325031134203
948,-5.607618918022778,136.69120663818202,0.0,1.2799999999999998,1.5675479029086118e-16,50.0,"(162.30954885748267, 162.30954885748267)",145.71178835825907
949,-32.25260116436433,128.4494241407585,0.0,-1.12,-0.6400000000000003,48.89148748315592,"(162.30954885748267, 162.30954885748267)",141.5051088426408
950,-54.32333278538321,19.449049207827887,0.0,2.939152317953649e-17,-0.2400000000000001,49.58430780618347,"(93.14180625653468, 93.14180625653468)",76.13991544674911
951,26.119487987640767,125.61913019558119,0.0,-1.2800000000000002,-0.6400000000000003,48.89148748315592,"(162.30954885748267, 162.30954885748267)",138.13934069643298
952,30.240606180508482,120.43643952183339,0.0,-1.2800000000000002,0.6400000000000003,51.10851251684408,"(162.30954885748267, 162.30954885748267)",134.00304320342656
953,-54.87985470557215,86.03930655019899,0.0,-1.2800000000000002,-0.6400000000000003,48.89148748315592,"(93.14180625653468, 93.14180625653468)",113.03373017288868
954,44.777032529549246,91.70375173345697,0.0,1.2799999999999998,0.6400000000000006,51.10851251684408,"(93.14180625653468, 93.14180625653468)",113.12240613748348
955,-18.153542507922356,154.81253491542455,0.0,-1.12,0.5600000000000002,50.96994845223857,"(162.30954885748267, 162.30954885748267)",163.34601844987628
956,60.505907864117326,42.69001772708636,0.0,-1.2800000000000002,-0.24000000000000027,49.58430780618347,"(93.14180625653468, 93.14180625653468)",90.10598433655498
957,-63.60966606930034,62.41252065947836,0.0,1.2799999999999998,0.7200000000000004,51.24707658144959,"(93.14180625653468, 93.14180625653468)",103.16442568080544
958,10.8479091170646,131.99169561661046,0.0,-1.2800000000000002,-1.5675479029086123e-16,50.0,"(162.30954885748267, 162.30954885748267)",141.66472352459422
959,63.18469030540414,97.71135818552263,0.0,1.1199999999999999,0.6400000000000006,51.10851251684408,"(93.14180625653468, 93.14180625653468)",126.0434624023482
960,-71.19727867248467,85.04194781744675,0.0,1.1199999999999999,1.3716044150450355e-16,50.0,"(93.14180625653468, 93.14180625653468)",122.31893427911781
961,-70.97592218465145,92.20755434067013,0.0,-1.12,0.6400000000000003,51.10851251684408,"(93.14180625653468, 93.14180625653468)",126.00217031418174
962,-36.321198610342506,123.05756399075572,0.0,1.1199999999999999,-0.6400000000000001,48.89148748315592,"(162.30954885748267, 162.30954885748267)",138.17853754813666
963,52.24859360074906,24.482125453966695,0.0,-1.959434878635768e-17,0.16000000000000023,50.27712812921102,"(93.14180625653468, 93.14180625653468)",76.48052649384569
964,-50.38274318165432,13.8434710059098,0.0,-0.3200000000000004,0.7200000000000003,51.24707658144959,"(93.14180625653468, 93.14180625653468)",72.83382870795816
965,-21.622914198415703,130.65961283245863,0.0,1.1199999999999999,1.3716044150450355e-16,50.0,"(162.30954885748267, 162.30954885748267)",141.73628530395627
966,55.63933676799955,29.869494539029848,0.0,2.939152317953649e-17,-0.2400000000000001,49.58430780618347,"(93.14180625653468, 93.14180625653468)",80.37985467763102
967,56.12783715343005,69.21833751973352,0.0,-1.2800000000000002,-0.7200000000000004,48.75292341855041,"(93.14180625653468, 93.14180625653468)",102.78072953386715
968,0.0,132.43672014951153,0.0,1.2799999999999998,1.5675479029086118e-16,50.0,"(162.30954885748267, 162.30954885748267)",141.56667419968596
969,45.08120334940642,80.40458794911035,0.0,1.2799999999999998,0.7200000000000004,51.24707658144959,"(93.14180625653468, 93.14180625653468)",104.37644288641242
970,-40.00395381714458,117.55472727992101,0.0,1.1199999999999999,0.6400000000000006,51.10851251684408,"(162.30954885748267, 162.30954885748267)",134.0608558982724
971,-51.57603397340423,91.9884442200784,0.0,1.2799999999999998,0.6400000000000006,51.10851251684408,"(93.14180625653468, 93.14180625653468)",117.26200851303395
972,-10.8479091170646,131.99169561661046,0.0,1.2799999999999998,1.5675479029086118e-16,50.0,"(162.30954885748267, 162.30954885748267)",141.66472352459422
973,-53.901725816962006,74.77845018887331,0.0,-1.2800000000000002,0.7200000000000002,51.24707658144959,"(93.14180625653468, 93.14180625653468)",104.30706078918298
974,40.82037667990485,97.24020772379554,0.0,1.2799999999999998,1.5675479029086118e-16,50.0,"(93.14180625653468, 93.14180625653468)",116.27166200822825
975,15.74223975077589,127.33646536424662,0.0,1.2799999999999998,-0.6400000000000001,48.89148748315592,"(162.30954885748267, 162.30954885748267)",137.75888216028295
976,-65.48941154715227,51.07288395232562,0.0,1.2799999999999998,0.7200000000000004,51.24707658144959,"(93.14180625653468, 93.14180625653468)",98.08073255647268
977,61.11178744487455,103.58429452815339,0.0,1.1199999999999999,1.3716044150450355e-16,50.0,"(162.30954885748267, 162.30954885748267)",129.7255589069719
978,-69.39103784534058,98.2305477147983,0.0,-1.12,0.6400000000000003,51.10851251684408,"(162.30954885748267, 162.30954885748267)",129.60296934653408
979,-63.479945375990354,38.127405301977774,0.0,1.2799999999999998,-0.7200000000000002,48.75292341855041,"(93.14180625653468, 93.14180625653468)",89.88781322099469
980,-26.119487987640724,125.61913019558119,0.0,-1.2800000000000002,0.6400000000000003,51.10851251684408,"(162.30954885748267, 162.30954885748267)",137.2911621322239
981,-65.81561208834687,45.56651956685139,0.0,-8.817456953860947e-17,0.7200000000000003,51.24707658144959,"(93.14180625653468, 93.14180625653468)",94.70569132828656
982,20.27402470321354,122.50875131677054,0.0,-1.2800000000000002,-1.5675479029086123e-16,50.0,"(162.30954885748267, 162.30954885748267)",134.06330642685592
983,5.2591948302722615,128.1980280408717,0.0,-1.2800000000000002,-1.5675479029086123e-16,50.0,"(162.30954885748267, 162.30954885748267)",137.75883079714484
984,48.66936657038703,19.009346586279438,0.0,0.31999999999999973,0.7200000000000003,51.24707658144959,"(93.14180625653468, 93.14180625653468)",72.79027616691441
985,57.44732652750516,37.49352843948144,0.0,8.817456953860947e-17,-0.7200000000000003,48.75292341855041,"(93.14180625653468, 93.14180625653468)",84.48264095545247
986,41.86352994300699,85.73687311784663,0.0,1.2799999999999998,0.7200000000000004,51.24707658144959,"(93.14180625653468, 93.14180625653468)",107.24343558239794
987,-51.30899282390923,80.44099580879643,0.0,-1.2800000000000002,0.7200000000000002,51.24707658144959,"(93.14180625653468, 93.14180625653468)",107.16622674082474
988,-30.240606180508482,120.43643952183339,0.0,1.2799999999999998,1.5675479029086118e-16,50.0,"(162.30954885748267, 162.30954885748267)",134.1584308893144
989,-5.259194830272279,128.1980280408717,0.0,1.2799999999999998,1.5675479029086118e-16,50.0,"(162.30954885748267, 162.30954885748267)",137.75883079714484
990,-15.742239750775852,127.33646536424662,0.0,-1.2800000000000002,-1.5675479029086123e-16,50.0,"(162.30954885748267, 162.30954885748267)",137.56355545735542
991,59.28040261539988,58.1647347260872,0.0,-1.2800000000000002,0.7200000000000002,51.24707658144959,"(93.14180625653468, 93.14180625653468)",97.94755112219407
992,10.171190404746493,123.75773556675654,0.0,1.2799999999999998,0.6400000000000006,51.10851251684408,"(162.30954885748267, 162.30954885748267)",133.60056186103282
993,-48.24170549522848,86.0415020921852,0.0,1.2799999999999998,0.6400000000000006,51.10851251684408,"(93.14180625653468, 93.14180625653468)",111.16607363059138
994,38.18138849163403,90.95374541061398,0.0,1.2799999999999998,-0.6400000000000001,48.89148748315592,"(93.14180625653468, 93.14180625653468)",110.18849404212067
995,-60.24033815798835,32.818617560939614,0.0,8.817456953860947e-17,-0.7200000000000003,48.75292341855041,"(93.14180625653468, 93.14180625653468)",84.44278981146226
996,0.0,124.17499839686265,0.0,-1.2800000000000002,0.6400000000000003,51.10851251684408,"(162.30954885748267, 162.30954885748267)",133.69597705464912
997,44.828940846448326,13.438975503573065,0.0,0.48,-0.15999999999999995,49.72287187078898,"(93.14180625653468, 93.14180625653468)",68.00091672931661
998,60.22844415490014,52.73079759192039,0.0,-1.2800000000000002,0.7200000000000002,51.24707658144959,"(93.14180625653468, 93.14180625653468)",95.47080510108385
999,-20.27402470321349,122.50875131677056,0.0,1.2799999999999998,-0.6400000000000001,48.89148748315592,"(162.30954885748267, 162.30954885748267)",134.2407109639327
1000,-10.171190404746493,123.75773556675654,0.0,-1.2800000000000002,-0.6400000000000003,48.89148748315592,"(162.30954885748267, 162.30954885748267)",133.95606529480378
1001,34.097424505712205,96.18693448811581,0.0,-1.2800000000000002,0.6400000000000003,51.10851251684408,"(93.14180625653468, 93.14180625653468)",113.98622244121466
1002,-44.77703252954924,91.70375173345698,0.0,1.2799999999999998,1.5675479029086118e-16,50.0,"(93.14180625653468, 93.14180625653468)",114.15265361532106
1003,29.53890036175541,101.23939211529527,0.0,-1.2800000000000002,-1.5675479029086123e-16,50.0,"(93.14180625653468, 93.14180625653468)",117.0436633713347
1004,-40.82037667990485,97.24020772379554,0.0,-1.2800000000000002,-0.6400000000000003,48.89148748315592,"(93.14180625653468, 93.14180625653468)",116.33724253375493
1005,-45.08120334940642,80.40458794911035,0.0,-1.2800000000000002,-0.7200000000000004,48.75292341855041,"(93.14180625653468, 93.14180625653468)",104.29089953885735
1006,35.679976922131985,84.99501106260817,0.0,1.2799999999999998,-0.7200000000000002,48.75292341855041,"(93.14180625653468, 93.14180625653468)",104.43787184523292
1007,54.96882185620976,102.55848688036308,0.0,-1.12,-0.6400000000000003,48.89148748315592,"(93.14180625653468, 93.14180625653468)",127.22523798338793
1008,-63.18469030540414,97.71135818552263,0.0,-1.12,-1.3716044150450358e-16,50.0,"(93.14180625653468, 93.14180625653468)",126.09335946498224
1009,57.20456512843815,47.0216995488921,0.0,1.2799999999999998,-0.7200000000000002,48.75292341855041,"(93.14180625653468, 93.14180625653468)",88.2251347546528
1010,-64.74275602160095,56.683137199059956,0.0,-1.2800000000000002,-0.7200000000000004,48.75292341855041,"(93.14180625653468, 93.14180625653468)",98.48598430236858
1011,31.878810879937348,89.92834907967544,0.0,-1.2800000000000002,-0.7200000000000004,48.75292341855041,"(93.14180625653468, 93.14180625653468)",108.13638366293367
1012,27.629246030036423,94.69438734782322,0.0,-1.2800000000000002,-1.5675479029086123e-16,50.0,"(93.14180625653468, 93.14180625653468)",110.9178592527135
1013,-41.86352994300698,85.73687311784663,0.0,1.2799999999999998,-0.7200000000000002,48.75292341855041,"(93.14180625653468, 93.14180625653468)",108.22662623917282
1014,52.421831544729855,108.2418967641399,0.0,1.1199999999999999,-0.6400000000000001,48.89148748315592,"(162.30954885748267, 162.30954885748267)",129.91352089415577
1015,-56.12783715343005,69.21833751973352,0.0,-1.2800000000000002,0.7200000000000002,51.24707658144959,"(93.14180625653468, 93.14180625653468)",101.61973401619133
1016,-61.11178744487456,103.58429452815338,0.0,-1.12,-0.6400000000000003,48.89148748315592,"(162.30954885748267, 162.30954885748267)",129.81562186053674
1017,-38.18138849163403,90.95374541061398,0.0,-1.2800000000000002,0.6400000000000003,51.10851251684408,"(93.14180625653468, 93.14180625653468)",110.13793685369318
1018,22.978597739792843,99.43110564635501,0.0,-1.2800000000000002,-1.5675479029086123e-16,50.0,"(93.14180625653468, 93.14180625653468)",113.90796431486999
1019,47.92300940736374,75.13253304567495,0.0,1.2799999999999998,0.7200000000000004,51.24707658144959,"(93.14180625653468, 93.14180625653468)",101.68115980354496
1020,-29.53890036175541,101.23939211529527,0.0,-1.2800000000000002,0.6400000000000003,51.10851251684408,"(93.14180625653468, 93.14180625653468)",116.3223245783326
1021,52.859498162086496,34.55135242001933,0.0,-2.939152317953649e-17,0.2400000000000001,50.41569219381653,"(93.14180625653468, 93.14180625653468)",80.70401148778197
1022,-34.09742450571219,96.18693448811581,0.0,1.2799999999999998,-0.6400000000000001,48.89148748315592,"(93.14180625653468, 93.14180625653468)",114.09379893464337
1023,57.90284214759123,63.654248650275775,0.0,1.2799999999999998,-0.7200000000000002,48.75292341855041,"(93.14180625653468, 93.14180625653468)",98.62574554351215
1024,17.876924963471293,103.93448274902147,0.0,1.2799999999999998,-0.6400000000000001,48.89148748315592,"(93.14180625653468, 93.14180625653468)",116.62614590555619
1025,-60.5059078641173,42.690017727086385,0.0,1.2799999999999998,0.7200000000000004,51.24707658144959,"(93.14180625653468, 93.14180625653468)",90.58280000502356
1026,25.819146439465094,88.49058896760837,0.0,1.2799999999999998,0.7200000000000004,51.24707658144959,"(93.14180625653468, 93.14180625653468)",104.5567255313752
1027,-52.24859360074906,24.48212545396672,0.0,0.31999999999999995,-0.7200000000000003,48.75292341855041,"(93.14180625653468, 93.14180625653468)",75.99639269342482
1028,54.29229715607311,41.93216509455071,0.0,-1.2800000000000002,-0.24000000000000027,49.58430780618347,"(93.14180625653468, 93.14180625653468)",85.58840634445346
1029,-55.63933676799956,29.869494539029834,0.0,-0.16000000000000023,0.7200000000000003,51.24707658144959,"(93.14180625653468, 93.14180625653468)",80.9562394027971
1030,5.984671747769079,105.2907633865748,0.0,1.2799999999999998,1.5675479029086118e-16,50.0,"(93.14180625653468, 93.14180625653468)",116.65452751943208
1031,21.483451675662305,92.96143208564645,0.0,1.2799999999999998,0.7200000000000004,51.24707658144959,"(93.14180625653468, 93.14180625653468)",107.43800124242217
1032,-27.629246030036423,94.69438734782322,0.0,-1.2800000000000002,-0.6400000000000003,48.89148748315592,"(93.14180625653468, 93.14180625653468)",110.33270469653039
1033,-35.679976922131985,84.99501106260817,0.0,-1.2800000000000002,0.7200000000000002,51.24707658144959,"(93.14180625653468, 93.14180625653468)",104.46003427144231
1034,-17.876924963471293,103.93448274902147,0.0,1.2799999999999998,0.6400000000000006,51.10851251684408,"(93.14180625653468, 93.14180625653468)",116.82815581925605
1035,16.72120329556153,97.21524361804774,0.0,1.2799999999999998,1.5675479029086118e-16,50.0,"(93.14180625653468, 93.14180625653468)",110.4048656125772
1036,11.56377704059579,101.39447610545267,0.0,1.2799999999999998,0.6400000000000006,51.10851251684408,"(93.14180625653468, 93.14180625653468)",113.44293974148115
1037,-5.984671747769079,105.2907633865748,0.0,-1.2800000000000002,-0.6400000000000003,48.89148748315592,"(93.14180625653468, 93.14180625653468)",116.76402749234177
1038,-31.878810879937337,89.92834907967544,0.0,-1.2800000000000002,0.7200000000000002,51.24707658144959,"(93.14180625653468, 93.14180625653468)",107.33442891697128
1039,-22.978597739792875,99.43110564635501,0.0,-1.2800000000000002,-0.6400000000000003,48.89148748315592,"(93.14180625653468, 93.14180625653468)",113.4699646491215
1040,49.70875219409794,29.297268734572572,0.0,0.31999999999999973,0.7200000000000003,51.24707658144959,"(93.14180625653468, 93.14180625653468)",76.69531921677458
1041,4.956884110651374e-15,102.05175512524919,0.0,1.2799999999999998,-0.6400000000000001,48.89148748315592,"(93.14180625653468, 93.14180625653468)",113.74362627866114
1042,-59.28040261539991,58.16473472608717,0.0,-1.2800000000000002,-0.7200000000000004,48.75292341855041,"(93.14180625653468, 93.14180625653468)",95.9599199101645
1043,-57.44732652750516,37.49352843948144,0.0,-8.817456953860947e-17,0.7200000000000003,51.24707658144959,"(93.14180625653468, 93.14180625653468)",85.31559398604752
1044,-48.669366570387034,19.00934658627942,0.0,2.939152317953649e-17,-0.2400000000000001,49.58430780618347,"(93.14180625653468, 93.14180625653468)",72.0961036879231
1045,22.578321432759896,108.58823499915519,0.0,1.2799999999999998,1.5675479029086118e-16,50.0,"(93.14180625653468, 93.14180625653468)",121.42908743824485
1046,5.597769927217886,98.4838423458884,0.0,1.2799999999999998,-0.6400000000000001,48.89148748315592,"(93.14180625653468, 93.14180625653468)",110.60993086912457
1047,46.38353208273215,106.716365000779,0.0,1.2799999999999998,1.5675479029086118e-16,50.0,"(93.14180625653468, 93.14180625653468)",126.18522562216837
1048,-11.56377704059578,101.39447610545267,0.0,1.2799999999999998,1.5675479029086118e-16,50.0,"(93.14180625653468, 93.14180625653468)",113.77962204792098
1049,-54.96882185620976,102.55848688036308,0.0,1.1199999999999999,-0.6400000000000001,48.89148748315592,"(93.14180625653468, 93.14180625653468)",127.22523798338793
1050,-25.819146439465094,88.49058896760837,0.0,-1.2800000000000002,-0.7200000000000004,48.75292341855041,"(93.14180625653468, 93.14180625653468)",104.58272531245359
1051,-5.597769927217886,98.4838423458884,0.0,-1.2800000000000002,0.6400000000000003,51.10851251684408,"(93.14180625653468, 93.14180625653468)",110.47235253146309
1052,15.625732097894685,90.84629411870128,0.0,1.2799999999999998,-0.7200000000000002,48.75292341855041,"(93.14180625653468, 93.14180625653468)",104.72360665061204
1053,10.81135794503066,94.7970521203017,0.0,-1.2800000000000002,-0.7200000000000004,48.75292341855041,"(93.14180625653468, 93.14180625653468)",107.9192092472991
1054,43.379571524237285,112.1720527224867,0.0,1.2799999999999998,0.6400000000000006,51.10851251684408,"(162.30954885748267, 162.30954885748267)",129.70679534511802
1055,-21.483451675662337,92.96143208564644,0.0,1.2799999999999998,-0.7200000000000002,48.75292341855041,"(93.14180625653468, 93.14180625653468)",108.03348088283947
1056,52.30778575007748,64.50734880557404,0.0,-8.817456953860947e-17,0.7200000000000003,51.24707658144959,"(93.14180625653468, 93.14180625653468)",97.1143304351368
1057,-60.22844415490014,52.73079759192039,0.0,-1.2800000000000002,-0.7200000000000004,48.75292341855041,"(93.14180625653468, 93.14180625653468)",93.32070709842947
1058,-16.72120329556153,97.21524361804774,0.0,1.2799999999999998,0.6400000000000006,51.10851251684408,"(93.14180625653468, 93.14180625653468)",110.73798377999219
1059,4.634355040239159e-15,95.41156403347958,0.0,-1.44,-1.7634913907721887e-16,50.0,"(93.14180625653468, 93.14180625653468)",107.72854845079262
1060,-52.42183154472982,108.24189676413992,0.0,-1.12,-1.3716044150450358e-16,50.0,"(162.30954885748267, 162.30954885748267)",129.8005629222869
1061,-44.82894084644832,13.438975503573076,0.0,-0.32000000000000034,0.24000000000000007,50.41569219381653,"(93.14180625653468, 93.14180625653468)",68.53466851891976
1062,5.2310382023508994,92.03178199960219,0.0,1.2799999999999998,1.5675479029086118e-16,50.0,"(93.14180625653468, 93.14180625653468)",104.81154326169774
1063,46.42791392936274,23.968965521433862,0.0,1.44,0.7200000000000005,51.24707658144959,"(93.14180625653468, 93.14180625653468)",72.04644096468284
1064,53.59377570146825,51.09901864087716,0.0,-1.2800000000000002,-0.7200000000000004,48.75292341855041,"(93.14180625653468, 93.14180625653468)",89.85092929120802
1065,48.34327982031793,99.82040209880552,0.0,-1.2800000000000002,-1.5675479029086123e-16,50.0,"(93.14180625653468, 93.14180625653468)",122.17439410650985
1066,-10.81135794503065,94.7970521203017,0.0,-1.2800000000000002,0.7200000000000002,51.24707658144959,"(93.14180625653468, 93.14180625653468)",107.55278414837628
1067,-22.57832143275986,108.58823499915519,0.0,1.2799999999999998,0.6400000000000006,51.10851251684408,"(93.14180625653468, 93.14180625653468)",121.79540628737247
1068,-5.2310382023508994,92.03178199960219,0.0,-1.2800000000000002,-0.7200000000000004,48.75292341855041,"(93.14180625653468, 93.14180625653468)",104.85872070950134
1069,53.865456291861456,59.21583503143028,0.0,1.2799999999999998,-0.15999999999999984,49.72287187078898,"(93.14180625653468, 93.14180625653468)",93.61134539243515
1070,-15.625732097894685,90.84629411870128,0.0,-1.2800000000000002,0.7200000000000002,51.24707658144959,"(93.14180625653468, 93.14180625653468)",104.6652367271014
1071,-47.92300940736374,75.13253304567495,0.0,-1.2800000000000002,-1.5675479029086123e-16,50.0,"(93.14180625653468, 93.14180625653468)",101.58970345677194
1072,42.96627764003485,18.55098341758303,0.0,1.44,-0.7200000000000001,48.75292341855041,"(93.14180625653468, 93.14180625653468)",66.87787435597112
1073,39.10087157955878,80.07892478197097,0.0,1.2799999999999998,-0.7200000000000002,48.75292341855041,"(93.14180625653468, 93.14180625653468)",101.66480273337041
1074,-57.204565128438134,47.02169954889212,0.0,1.2799999999999998,0.1600000000000004,50.27712812921102,"(93.14180625653468, 93.14180625653468)",90.24551432505807
1075,37.48651894920575,110.15704927293655,0.0,1.2799999999999998,0.6400000000000006,51.10851251684408,"(93.14180625653468, 93.14180625653468)",126.16249897475245
1076,49.68668773118151,38.9763461897605,0.0,-0.3200000000000002,-0.7200000000000003,48.75292341855041,"(93.14180625653468, 93.14180625653468)",80.33253550409232
1077,-57.90284214759123,63.654248650275775,0.0,-1.2800000000000002,-1.5675479029086123e-16,50.0,"(93.14180625653468, 93.14180625653468)",98.78263827263457
1078,-46.383532082732096,106.71636500077902,0.0,-1.2800000000000002,0.6400000000000003,51.10851251684408,"(93.14180625653468, 93.14180625653468)",126.0896659913133
1079,50.79513219791445,46.10655642092995,0.0,1.2799999999999998,-0.7200000000000002,48.75292341855041,"(93.14180625653468, 93.14180625653468)",83.79333055007731
1080,34.045776444084076,115.34834955005729,0.0,-1.2800000000000002,-0.6400000000000003,48.89148748315592,"(162.30954885748267, 162.30954885748267)",130.73478978848465
1081,-43.37957152423724,112.17205272248671,0.0,-1.2800000000000002,0.6400000000000003,51.10851251684408,"(162.30954885748267, 162.30954885748267)",129.70679534511802
1082,-52.85949816208651,34.551352420019306,0.0,0.16,-0.7200000000000003,48.75292341855041,"(93.14180625653468, 93.14180625653468)",80.19964481686772
1083,50.317065093012175,69.80541139786784,0.0,-1.2800000000000002,0.7200000000000002,51.24707658144959,"(93.14180625653468, 93.14180625653468)",100.30610177038157
1084,-54.29229715607311,41.93216509455071,0.0,-1.959434878635768e-17,0.16000000000000023,50.27712812921102,"(93.14180625653468, 93.14180625653468)",84.97268337584055
1085,-48.3432798203179,99.82040209880554,0.0,1.2799999999999998,1.5675479029086118e-16,50.0,"(93.14180625653468, 93.14180625653468)",122.17439410650987
1086,46.72641751622443,33.85161600425414,0.0,-1.44,-0.7200000000000005,48.75292341855041,"(93.14180625653468, 93.14180625653468)",76.75967659746811
1087,49.693072060005825,54.89991884546888,0.0,1.2799999999999998,-0.23999999999999994,49.58430780618347,"(93.14180625653468, 93.14180625653468)",88.55980903993955
1088,29.77506416736577,83.9937968325457,0.0,-1.2800000000000002,-0.7200000000000004,48.75292341855041,"(93.14180625653468, 93.14180625653468)",102.55579908557134
1089,-52.30778575007748,64.50734880557404,0.0,1.2799999999999998,0.7200000000000004,51.24707658144959,"(93.14180625653468, 93.14180625653468)",97.80971070085594
1090,28.337575375743583,112.85741636805878,0.0,-1.2800000000000002,-0.6400000000000003,48.89148748315592,"(93.14180625653468, 93.14180625653468)",127.07966730235778
1091,24.483174644130276,117.74944075004251,0.0,1.2799999999999998,-0.6400000000000001,48.89148748315592,"(162.30954885748267, 162.30954885748267)",130.17228792254298
1092,-39.10087157955876,80.07892478197097,0.0,1.2799999999999998,1.5675479029086118e-16,50.0,"(93.14180625653468, 93.14180625653468)",102.68032422894554
1093,-49.70875219409794,29.297268734572572,0.0,2.939152317953649e-17,-0.2400000000000001,49.58430780618347,"(93.14180625653468, 93.14180625653468)",76.17095161287499
1094,-37.48651894920575,110.15704927293655,0.0,-1.2800000000000002,-1.5675479029086123e-16,50.0,"(93.14180625653468, 93.14180625653468)",126.27544305580307
1095,-34.04577644408409,115.34834955005729,0.0,1.2799999999999998,1.5675479029086118e-16,50.0,"(162.30954885748267, 162.30954885748267)",130.5877185086699
1096,44.661377236520494,70.01902515271982,0.0,1.2799999999999998,0.1600000000000004,50.27712812921102,"(93.14180625653468, 93.14180625653468)",96.3847337452708
1097,-53.59377570146823,51.0990186408772,0.0,-1.2800000000000002,0.7200000000000002,51.24707658144959,"(93.14180625653468, 93.14180625653468)",88.88779165614555
1098,38.302990545643524,15.578941403713612,0.0,0.4799999999999999,0.24000000000000016,50.41569219381653,"(93.14180625653468, 93.14180625653468)",64.86604471203754
1099,-53.865456291861456,59.21583503143028,0.0,1.2799999999999998,0.7200000000000004,51.24707658144959,"(93.14180625653468, 93.14180625653468)",95.33649313776371
1100,43.68270563698313,28.668514580157133,0.0,1.44,1.7634913907721887e-16,50.0,"(93.14180625653468, 93.14180625653468)",71.45858876136225
1101,14.75603217376961,119.3591896423959,0.0,1.2799999999999998,0.6400000000000006,51.10851251684408,"(162.30954885748267, 162.30954885748267)",129.95356664662975
1102,-46.42791392936275,23.96896552143384,0.0,1.44,0.3200000000000004,50.55425625842204,"(93.14180625653468, 93.14180625653468)",73.52784220977148
1103,-24.483174644130237,117.74944075004251,0.0,-1.2800000000000002,-1.5675479029086123e-16,50.0,"(162.30954885748267, 162.30954885748267)",130.01276133716175
1104,18.998187396365907,114.79931830416892,0.0,1.2799999999999998,1.5675479029086118e-16,50.0,"(93.14180625653468, 93.14180625653468)",126.46271247966585
1105,-28.337575375743583,112.85741636805878,0.0,1.2799999999999998,-0.6400000000000001,48.89148748315592,"(93.14180625653468, 93.14180625653468)",127.07966730235778
1106,20.065715581063856,86.82672060338086,0.0,1.2799999999999998,0.7200000000000004,51.24707658144959,"(93.14180625653468, 93.14180625653468)",101.94867974184992
1107,34.47321365312041,10.020356302363327,0.0,3.9188697572715314e-17,-0.3200000000000001,49.44574374157796,"(93.14180625653468, 93.14180625653468)",61.15723180615117
1108,46.80861197786897,64.93809625100896,0.0,-8.817456953860947e-17,0.7200000000000003,51.24707658144959,"(93.14180625653468, 93.14180625653468)",94.55830423364998
1109,46.977869854533125,49.990396517036636,0.0,-1.44,0.7200000000000001,51.24707658144959,"(93.14180625653468, 93.14180625653468)",86.01235348681887
1110,-42.96627764003485,18.55098341758304,0.0,1.44,1.7634913907721887e-16,50.0,"(93.14180625653468, 93.14180625653468)",69.39781321917356
1111,46.1444930073032,43.11157924617174,0.0,-1.44,-0.24000000000000027,49.58430780618347,"(93.14180625653468, 93.14180625653468)",81.25421206631408
1112,4.929720888020103,120.16677781137753,0.0,-1.2800000000000002,-0.6400000000000003,48.89148748315592,"(162.30954885748267, 162.30954885748267)",130.47304605546023
1113,-29.77506416736576,83.9937968325457,0.0,-1.2800000000000002,0.7200000000000002,51.24707658144959,"(93.14180625653468, 93.14180625653468)",101.8467318030154
1114,-14.756032173769574,119.3591896423959,0.0,-1.2800000000000002,0.6400000000000003,51.10851251684408,"(162.30954885748267, 162.30954885748267)",129.95356664662975
1115,-4.92972088802012,120.16677781137753,0.0,1.2799999999999998,1.5675479029086118e-16,50.0,"(162.30954885748267, 162.30954885748267)",130.30201503843327
1116,9.531120938353402,115.96970441071157,0.0,1.2799999999999998,0.6400000000000006,51.10851251684408,"(93.14180625653468, 93.14180625653468)",126.41638251384133
1117,-18.99818739636586,114.79931830416893,0.0,-1.2800000000000002,0.6400000000000003,51.10851251684408,"(93.14180625653468, 93.14180625653468)",126.32641913697113
1118,-49.68668773118153,38.97634618976048,0.0,0.15999999999999984,0.7200000000000003,51.24707658144959,"(93.14180625653468, 93.14180625653468)",81.08330999475591
1119,40.52290468092498,23.41226593520302,0.0,-1.44,-0.7200000000000005,48.75292341855041,"(93.14180625653468, 93.14180625653468)",68.70297788511643
1120,-50.317065093012175,69.80541139786784,0.0,-1.2800000000000002,-0.7200000000000004,48.75292341855041,"(93.14180625653468, 93.14180625653468)",98.76899790738923
1121,-50.79513219791445,46.10655642092995,0.0,1.2799999999999998,0.24000000000000027,50.41569219381653,"(93.14180625653468, 93.14180625653468)",85.77471894868714
1122,0.0,116.36070903638105,0.0,1.2799999999999998,-0.6400000000000001,48.89148748315592,"(93.14180625653468, 93.14180625653468)",126.81159987687046
1123,45.52355496467804,58.403839286282704,0.0,-1.2800000000000002,0.23999999999999994,50.41569219381653,"(93.14180625653468, 93.14180625653468)",90.08522063709349
1124,10.0978947352217,88.54120438775436,0.0,1.44,-0.7200000000000001,48.75292341855041,"(93.14180625653468, 93.14180625653468)",102.07531186263249
1125,-9.531120938353402,115.96970441071157,0.0,-1.2800000000000002,-1.5675479029086123e-16,50.0,"(93.14180625653468, 93.14180625653468)",126.558497691175
1126,-20.065715581063884,86.82672060338085,0.0,-1.2800000000000002,-1.5675479029086123e-16,50.0,"(93.14180625653468, 93.14180625653468)",101.94009280273481
1127,42.08313943613261,75.05739054349692,0.0,1.2799999999999998,0.7200000000000004,51.24707658144959,"(93.14180625653468, 93.14180625653468)",99.08181810405895
1128,-10.097894735221692,88.54120438775436,0.0,1.44,1.7634913907721887e-16,50.0,"(93.14180625653468, 93.14180625653468)",102.33605371204787
1129,43.328137468036125,38.104625750044626,0.0,-1.44,0.23999999999999994,50.41569219381653,"(93.14180625653468, 93.14180625653468)",77.3282486218948
1130,4.32852464971702e-15,89.11516342642093,0.0,-1.44,0.7200000000000001,51.24707658144959,"(93.14180625653468, 93.14180625653468)",102.18630718119049
1131,-44.661377236520494,70.01902515271982,0.0,8.817456953860947e-17,-0.7200000000000003,48.75292341855041,"(93.14180625653468, 93.14180625653468)",96.82714411813951
1132,-49.693072060005804,54.89991884546891,0.0,-8.817456953860947e-17,0.7200000000000003,51.24707658144959,"(93.14180625653468, 93.14180625653468)",89.6165602721254
1133,-46.72641751622441,33.85161600425416,0.0,-1.44,0.7200000000000001,51.24707658144959,"(93.14180625653468, 93.14180625653468)",75.99227887523907
1134,13.607975368153168,110.07274133650218,0.0,-1.2800000000000002,-0.6400000000000003,48.89148748315592,"(93.14180625653468, 93.14180625653468)",121.93990508902966
1135,36.43967266427732,74.62876627762462,0.0,-1.2800000000000002,0.16000000000000006,50.27712812921102,"(93.14180625653468, 93.14180625653468)",97.44824508287881
1136,42.864565495842626,53.55921045770391,0.0,1.44,-0.23999999999999994,49.58430780618347,"(93.14180625653468, 93.14180625653468)",84.07706734306342
1137,-13.607975368153134,110.07274133650218,0.0,-1.2800000000000002,-1.5675479029086123e-16,50.0,"(93.14180625653468, 93.14180625653468)",121.52360824963314
1138,-38.302990545643524,15.578941403713612,0.0,0.31999999999999995,-0.7200000000000003,48.75292341855041,"(93.14180625653468, 93.14180625653468)",64.29804376048777
1139,-46.80861197786897,64.93809625100896,0.0,-1.2800000000000002,0.16000000000000006,50.27712812921102,"(93.14180625653468, 93.14180625653468)",93.79150214948812
1140,42.25924762534252,46.92630914678868,0.0,1.44,-0.7200000000000001,48.75292341855041,"(93.14180625653468, 93.14180625653468)",79.45583234643905
1141,40.46352795919019,33.0570023610102,0.0,-0.3200000000000003,0.1600000000000002,50.27712812921102,"(93.14180625653468, 93.14180625653468)",72.61748088483557
1142,-43.68270563698314,28.668514580157122,0.0,0.31999999999999995,-0.7200000000000003,48.75292341855041,"(93.14180625653468, 93.14180625653468)",71.94977716753635
1143,41.10777931589416,61.591825591678514,0.0,1.44,0.7200000000000005,51.24707658144959,"(93.14180625653468, 93.14180625653468)",88.91104950940107
1144,-34.47321365312041,10.020356302363334,0.0,-0.4800000000000001,0.7200000000000002,51.24707658144959,"(93.14180625653468, 93.14180625653468)",62.19564341625996
1145,-46.977869854533125,49.990396517036636,0.0,-1.44,-0.7200000000000005,48.75292341855041,"(93.14180625653468, 93.14180625653468)",83.79790837281394
1146,39.14881245627444,69.823871156385,0.0,-1.2800000000000002,-0.7200000000000004,48.75292341855041,"(93.14180625653468, 93.14180625653468)",94.80387215830532
1147,-46.14449300730322,43.11157924617173,0.0,1.44,0.7200000000000005,51.24707658144959,"(93.14180625653468, 93.14180625653468)",81.77770370884417
1148,35.92728343824553,20.47077929019723,0.0,1.44,0.7200000000000005,51.24707658144959,"(93.14180625653468, 93.14180625653468)",64.85159103418302
1149,-42.08313943613261,75.05739054349692,0.0,1.2799999999999998,1.5675479029086118e-16,50.0,"(93.14180625653468, 93.14180625653468)",100.06984429365572
1150,-45.52355496467801,58.403839286282725,0.0,8.817456953860947e-17,-0.7200000000000003,48.75292341855041,"(93.14180625653468, 93.14180625653468)",89.13400008093033
1151,33.30712874397672,79.34253383168553,0.0,8.817456953860947e-17,-0.7200000000000003,48.75292341855041,"(93.14180625653468, 93.14180625653468)",99.47975517949705
1152,-40.522904680924974,23.41226593520304,0.0,-1.44,-1.7634913907721887e-16,50.0,"(93.14180625653468, 93.14180625653468)",67.64323790682211
1153,-36.43967266427731,74.62876627762463,0.0,1.2799999999999998,-0.7200000000000002,48.75292341855041,"(93.14180625653468, 93.14180625653468)",97.35018144469672
1154,32.565764822893414,15.108969571085842,0.0,1.44,1.7634913907721887e-16,50.0,"(93.14180625653468, 93.14180625653468)",60.8037350605213
1155,37.53184532103011,27.957120502624548,0.0,-1.44,0.32000000000000006,50.55425625842204,"(93.14180625653468, 93.14180625653468)",69.5582344747557
1156,39.54416257863873,42.0184388804985,0.0,-1.44,-0.24000000000000027,49.58430780618347,"(93.14180625653468, 93.14180625653468)",76.9680506412074
1157,28.892209393761714,9.614714574392075,0.0,-8.817456953860947e-17,0.7200000000000003,51.24707658144959,"(93.14180625653468, 93.14180625653468)",59.499063598999896
1158,27.748578177062335,78.27719277766329,0.0,-1.44,-0.7200000000000005,48.75292341855041,"(93.14180625653468, 93.14180625653468)",97.31072450971074
1159,-43.32813746803611,38.10462575004464,0.0,1.44,0.7200000000000005,51.24707658144959,"(93.14180625653468, 93.14180625653468)",77.64057723235214
1160,38.481140069635984,56.79050852863581,0.0,1.44,0.7200000000000005,51.24707658144959,"(93.14180625653468, 93.14180625653468)",84.51160182166217
1161,36.46963214366542,64.44663242796886,0.0,1.44,-0.7200000000000001,48.75292341855041,"(93.14180625653468, 93.14180625653468)",88.60368306101932
1162,-42.864565495842626,53.55921045770391,0.0,-1.44,0.16000000000000006,50.27712812921102,"(93.14180625653468, 93.14180625653468)",84.2333658175109
1163,38.05983555168918,50.392176156407224,0.0,-1.44,-0.7200000000000005,48.75292341855041,"(93.14180625653468, 93.14180625653468)",80.92922279318599
1164,-39.14881245627444,69.823871156385,0.0,8.817456953860947e-17,-0.7200000000000003,48.75292341855041,"(93.14180625653468, 93.14180625653468)",94.26513043708282
1165,-41.10777931589416,61.591825591678514,0.0,-1.44,-0.24000000000000027,49.58430780618347,"(93.14180625653468, 93.14180625653468)",88.63019210445489
1166,-33.30712874397672,79.34253383168553,0.0,-8.817456953860947e-17,0.7200000000000003,51.24707658144959,"(93.14180625653468, 93.14180625653468)",99.58479055271108
1167,-42.25924762534254,46.92630914678867,0.0,1.44,0.24000000000000027,50.41569219381653,"(93.14180625653468, 93.14180625653468)",81.43081556850687
1168,30.984725810056204,73.81022467433384,0.0,1.44,0.1600000000000004,50.27712812921102,"(93.14180625653468, 93.14180625653468)",93.94166291210922
1169,36.80530986027839,37.08681256307818,0.0,1.44,-0.7200000000000001,48.75292341855041,"(93.14180625653468, 93.14180625653468)",71.11193823506903
1170,24.10207933698032,82.60564309799851,0.0,1.44,-0.7200000000000001,48.75292341855041,"(93.14180625653468, 93.14180625653468)",99.16440984257234
1171,-40.463527959190195,33.05700236101019,0.0,-1.44,-1.7634913907721887e-16,50.0,"(93.14180625653468, 93.14180625653468)",71.52343070265528
1172,-27.748578177062328,78.27719277766329,0.0,1.44,-0.15999999999999984,49.72287187078898,"(93.14180625653468, 93.14180625653468)",97.34849918677581
1173,24.107959094669724,6.618633415572388,0.0,-0.6400000000000001,0.24000000000000002,50.41569219381653,"(93.14180625653468, 93.14180625653468)",56.52336209907684
1174,18.70004626522719,80.91730822066664,0.0,1.44,0.7200000000000005,51.24707658144959,"(93.14180625653468, 93.14180625653468)",96.72528263625466
1175,-35.92728343824553,20.47077929019723,0.0,-0.4800000000000001,0.7200000000000002,51.24707658144959,"(93.14180625653468, 93.14180625653468)",65.36716334572245
1176,31.634203391302133,66.95281678762836,0.0,-1.44,-0.7200000000000005,48.75292341855041,"(93.14180625653468, 93.14180625653468)",89.72380176851725
1177,33.85521675468121,59.66392795059301,0.0,1.44,-0.7200000000000001,48.75292341855041,"(93.14180625653468, 93.14180625653468)",84.10596039431697
1178,32.93015760818946,25.008542938360115,0.0,1.44,0.3200000000000004,50.55425625842204,"(93.14180625653468, 93.14180625653468)",64.47392499646712
1179,35.40817672367034,45.558215736630096,0.0,1.44,-0.7200000000000001,48.75292341855041,"(93.14180625653468, 93.14180625653468)",75.31505708390334
1180,-32.56576482289342,15.108969571085833,0.0,0.3199999999999998,0.3200000000000003,50.55425625842204,"(93.14180625653468, 93.14180625653468)",62.096054422188224
1181,-28.89220939376172,9.614714574392055,0.0,-0.4799999999999999,-0.3200000000000002,49.44574374157796,"(93.14180625653468, 93.14180625653468)",57.88638674565372
1182,-37.5318453210301,27.957120502624562,0.0,-1.44,0.7200000000000001,51.24707658144959,"(93.14180625653468, 93.14180625653468)",68.34284812690069
1183,-36.46963214366539,64.44663242796888,0.0,1.44,0.24000000000000027,50.41569219381653,"(93.14180625653468, 93.14180625653468)",90.00763232298685
1184,-38.481140069635984,56.79050852863581,0.0,-1.44,-0.24000000000000027,49.58430780618347,"(93.14180625653468, 93.14180625653468)",84.16132449832014
1185,-39.54416257863871,42.01843888049852,0.0,1.44,-0.23999999999999994,49.58430780618347,"(93.14180625653468, 93.14180625653468)",76.9680506412074
1186,-24.10207933698032,82.60564309799851,0.0,-1.44,0.07999999999999993,50.13856406460551,"(93.14180625653468, 93.14180625653468)",99.18632574641714
1187,34.03352515541192,32.124121240836196,0.0,1.44,0.7200000000000005,51.24707658144959,"(93.14180625653468, 93.14180625653468)",68.37265221644228
1188,-18.70004626522722,80.91730822066663,0.0,-1.44,0.7200000000000001,51.24707658144959,"(93.14180625653468, 93.14180625653468)",96.72528263625465
1189,14.58656410679005,84.8046852924914,0.0,1.44,-0.07999999999999982,49.86143593539449,"(93.14180625653468, 93.14180625653468)",99.31970971845767
1190,33.57747635300301,53.48341408103567,0.0,1.44,-0.23999999999999994,49.58430780618347,"(93.14180625653468, 93.14180625653468)",79.86004124391995
1191,9.410633673500335,82.515104519495,0.0,1.44,0.1600000000000004,50.27712812921102,"(93.14180625653468, 93.14180625653468)",96.81778687046707
1192,-30.984725810056204,73.81022467433384,0.0,-1.44,-0.16000000000000017,49.72287187078898,"(93.14180625653468, 93.14180625653468)",93.8980774491242
1193,22.421515989834685,76.84580743747566,0.0,-1.44,0.7200000000000001,51.24707658144959,"(93.14180625653468, 93.14180625653468)",94.81968868059903
1194,29.912090066610745,19.851369419940948,0.0,-1.44,-1.7634913907721887e-16,50.0,"(93.14180625653468, 93.14180625653468)",62.265804575158576
1195,-38.059835551689204,50.39217615640722,0.0,-1.44,0.7200000000000001,51.24707658144959,"(93.14180625653468, 93.14180625653468)",80.21596037005897
1196,-9.410633673500326,82.515104519495,0.0,-1.44,-0.16000000000000017,49.72287187078898,"(93.14180625653468, 93.14180625653468)",96.80427622551318
1197,4.033925971036468e-15,83.05000000000001,0.0,1.44,-0.7200000000000001,48.75292341855041,"(93.14180625653468, 93.14180625653468)",96.93468956908586
1198,26.627650191981186,69.09682152786398,0.0,1.44,-0.23999999999999994,49.58430780618347,"(93.14180625653468, 93.14180625653468)",88.88541006486282
1199,-14.58656410679005,84.8046852924914,0.0,-1.44,-0.7200000000000005,48.75292341855041,"(93.14180625653468, 93.14180625653468)",99.31843476439143
1200,4.883155144707732,85.91133391952843,0.0,-1.44,-0.08000000000000018,49.86143593539449,"(93.14180625653468, 93.14180625653468)",99.60248286957174
1201,26.725923904368912,14.592035206162379,0.0,0.4799999999999999,0.24000000000000016,50.41569219381653,"(93.14180625653468, 93.14180625653468)",58.62227780916143
1202,29.015946886810752,62.16136120020039,0.0,-1.44,-0.7200000000000005,48.75292341855041,"(93.14180625653468, 93.14180625653468)",85.19670081063788
1203,-4.883155144707732,85.91133391952843,0.0,-1.44,0.7200000000000001,51.24707658144959,"(93.14180625653468, 93.14180625653468)",99.47704031827686
1204,-31.634203391302098,66.95281678762838,0.0,-1.44,0.23999999999999994,50.41569219381653,"(93.14180625653468, 93.14180625653468)",88.90462227329152
1205,32.74774401401339,40.71422063594795,0.0,0.15999999999999995,-0.24000000000000007,49.58430780618347,"(93.14180625653468, 93.14180625653468)",72.0958586080998
1206,-24.107959094669727,6.6186334155723765,0.0,0.6399999999999998,0.7200000000000004,51.24707658144959,"(93.14180625653468, 93.14180625653468)",57.21466781925516
1207,-36.805309860278406,37.086812563078176,0.0,-0.3200000000000004,0.7200000000000003,51.24707658144959,"(93.14180625653468, 93.14180625653468)",72.66351044192365
1208,-33.85521675468121,59.66392795059301,0.0,1.44,0.24000000000000027,50.41569219381653,"(93.14180625653468, 93.14180625653468)",85.54938666185078
1209,-22.421515989834685,76.84580743747566,0.0,1.44,-0.7200000000000001,48.75292341855041,"(93.14180625653468, 93.14180625653468)",94.67139996121179
1210,30.956997280955093,48.69244622471682,0.0,-1.44,-0.7200000000000005,48.75292341855041,"(93.14180625653468, 93.14180625653468)",76.60289039316848
1211,13.569488166746584,78.89151723026073,0.0,-1.44,0.23999999999999994,50.41569219381653,"(93.14180625653468, 93.14180625653468)",94.62075838330276
1212,21.47705537237599,70.86704870764619,0.0,-1.44,-0.24000000000000027,49.58430780618347,"(93.14180625653468, 93.14180625653468)",89.66608825788299
1213,28.845493101500377,56.1770418207589,0.0,-1.44,-0.24000000000000027,49.58430780618347,"(93.14180625653468, 93.14180625653468)",80.98578443668144
1214,-35.40817672367034,45.558215736630096,0.0,1.44,0.3200000000000004,50.55425625842204,"(93.14180625653468, 93.14180625653468)",77.20114712058967
1215,-32.93015760818946,25.008542938360115,0.0,-0.47999999999999987,-0.7200000000000004,48.75292341855041,"(93.14180625653468, 93.14180625653468)",63.967321285031296
1216,-26.627650191981147,69.09682152786398,0.0,-1.44,0.7200000000000001,51.24707658144959,"(93.14180625653468, 93.14180625653468)",89.084624389352
1217,-33.57747635300301,53.48341408103567,0.0,1.44,0.7200000000000005,51.24707658144959,"(93.14180625653468, 93.14180625653468)",81.46449762789258
1218,23.993826254972653,64.26707011873333,0.0,1.44,-0.15999999999999984,49.72287187078898,"(93.14180625653468, 93.14180625653468)",84.45049691921636
1219,-34.03352515541192,32.124121240836196,0.0,1.44,0.3200000000000004,50.55425625842204,"(93.14180625653468, 93.14180625653468)",69.46658146688705
1220,-13.569488166746584,78.89151723026073,0.0,1.44,0.7200000000000005,51.24707658144959,"(93.14180625653468, 93.14180625653468)",94.66960282611107
1221,4.542667859777501,79.9210026758658,0.0,-1.44,-0.7200000000000005,48.75292341855041,"(93.14180625653468, 93.14180625653468)",94.42251410095184
1222,29.363453048002437,29.11374460796405,0.0,0.48,5.878304635907295e-17,50.0,"(93.14180625653468, 93.14180625653468)",64.66733321449027
1223,30.075225651067633,35.85694914570065,0.0,1.44,-0.31999999999999995,49.44574374157796,"(93.14180625653468, 93.14180625653468)",67.62861355769441
1224,-29.015946886810752,62.16136120020039,0.0,-1.44,0.7200000000000001,51.24707658144959,"(93.14180625653468, 93.14180625653468)",84.62704396930485
1225,16.21028094877014,72.25392232648647,0.0,1.44,-0.7200000000000001,48.75292341855041,"(93.14180625653468, 93.14180625653468)",88.99551719537746
1226,-4.542667859777501,79.9210026758658,0.0,1.44,-0.15999999999999984,49.72287187078898,"(93.14180625653468, 93.14180625653468)",94.45169819209889
1227,22.115911207020563,11.657035278456622,0.0,1.5999999999999999,0.32000000000000045,50.55425625842204,"(93.14180625653468, 93.14180625653468)",55.72399669264155
1228,-29.912090066610745,19.851369419940948,0.0,-0.32000000000000034,0.3200000000000002,50.55425625842204,"(93.14180625653468, 93.14180625653468)",61.748676194480566
1229,-21.47705537237595,70.8670487076462,0.0,1.44,0.7200000000000005,51.24707658144959,"(93.14180625653468, 93.14180625653468)",89.84465887006525
1230,-26.72592390436892,14.592035206162366,0.0,0.16,-0.7200000000000003,48.75292341855041,"(93.14180625653468, 93.14180625653468)",57.742175818038874
1231,28.334856127191152,43.89986820312081,0.0,1.44,0.3200000000000004,50.55425625842204,"(93.14180625653468, 93.14180625653468)",71.96020445041756
1232,-32.74774401401341,40.71422063594793,0.0,-1.44,0.32000000000000006,50.55425625842204,"(93.14180625653468, 93.14180625653468)",71.88602591515848
1233,23.899064642210693,58.45303421745902,0.0,1.44,0.24000000000000027,50.41569219381653,"(93.14180625653468, 93.14180625653468)",80.21788427020316
1234,10.855817408164167,73.2499401255769,0.0,-1.44,-0.7200000000000005,48.75292341855041,"(93.14180625653468, 93.14180625653468)",89.4404087075377
1235,18.820502924896104,65.96778508979953,0.0,-1.44,-0.24000000000000027,49.58430780618347,"(93.14180625653468, 93.14180625653468)",85.16197723095179
1236,26.230247392605126,51.393230310253244,0.0,1.44,1.7634913907721887e-16,50.0,"(93.14180625653468, 93.14180625653468)",75.86712389111175
1237,26.572996827709602,24.1388864613622,0.0,-0.64,-0.7200000000000004,48.75292341855041,"(93.14180625653468, 93.14180625653468)",61.11758318437396
1238,-16.21028094877013,72.25392232648647,0.0,1.44,0.24000000000000027,50.41569219381653,"(93.14180625653468, 93.14180625653468)",89.6620290078102
1239,-28.845493101500395,56.177041820758895,0.0,-1.44,0.16000000000000006,50.27712812921102,"(93.14180625653468, 93.14180625653468)",80.10467926036618
1240,-30.95699728095507,48.69244622471684,0.0,-1.44,0.7200000000000001,51.24707658144959,"(93.14180625653468, 93.14180625653468)",76.15032228042253
1241,-23.993826254972653,64.26707011873333,0.0,-1.44,0.23999999999999994,50.41569219381653,"(93.14180625653468, 93.14180625653468)",84.55697964160228
1242,5.442629589685085,73.84971417107506,0.0,1.44,-0.23999999999999994,49.58430780618347,"(93.14180625653468, 93.14180625653468)",89.24074389090539
1243,-10.855817408164128,73.24994012557691,0.0,-1.44,0.7200000000000001,51.24707658144959,"(93.14180625653468, 93.14180625653468)",89.30572596552037
1244,1.9525353556204554e-14,74.05000000000001,0.0,1.44,0.7200000000000005,51.24707658144959,"(93.14180625653468, 93.14180625653468)",89.47416028186552
1245,-5.442629589685046,73.84971417107506,0.0,-1.44,0.23999999999999994,50.41569219381653,"(93.14180625653468, 93.14180625653468)",89.30931129149549
1246,23.71028803321918,19.105620675125508,0.0,-1.6,-0.32000000000000034,49.44574374157796,"(93.14180625653468, 93.14180625653468)",58.84595987063324
1247,13.528577801416143,67.25278866092492,0.0,1.44,-0.7200000000000001,48.75292341855041,"(93.14180625653468, 93.14180625653468)",84.51793450776407
1248,-18.820502924896104,65.96778508979953,0.0,1.44,0.7200000000000005,51.24707658144959,"(93.14180625653468, 93.14180625653468)",85.40506013134906
1249,18.774964063915043,60.294470927264136,0.0,-1.44,-0.7200000000000005,48.75292341855041,"(93.14180625653468, 93.14180625653468)",80.67377502320304
1250,-22.115911207020567,11.657035278456616,0.0,-1.6,-1.9594348786357652e-16,50.0,"(93.14180625653468, 93.14180625653468)",55.288236399233554
1251,-30.075225651067633,35.85694914570065,0.0,-0.3200000000000002,-0.7200000000000003,48.75292341855041,"(93.14180625653468, 93.14180625653468)",67.82399431033362
1252,-29.363453048002437,29.11374460796405,0.0,0.4800000000000001,-0.7200000000000002,48.75292341855041,"(93.14180625653468, 93.14180625653468)",64.47892329293806
1253,-23.89906464221071,58.45303421745901,0.0,1.44,-0.7200000000000001,48.75292341855041,"(93.14180625653468, 93.14180625653468)",80.74876913797354
1254,25.710445115333126,39.10515326618018,0.0,-1.44,-0.3200000000000003,49.44574374157796,"(93.14180625653468, 93.14180625653468)",68.82129724278894
1255,8.151399186260242,68.11398308208261,0.0,-1.44,-0.7200000000000005,48.75292341855041,"(93.14180625653468, 93.14180625653468)",84.89381430439835
1256,21.27000325100158,53.636526376177486,0.0,-1.44,0.32000000000000006,50.55425625842204,"(93.14180625653468, 93.14180625653468)",76.90337481752239
1257,-13.528577801416143,67.25278866092492,0.0,1.44,0.24000000000000027,50.41569219381653,"(93.14180625653468, 93.14180625653468)",85.18517585174365
1258,25.288861507791317,32.715378396707415,0.0,0.47999999999999987,0.7200000000000004,51.24707658144959,"(93.14180625653468, 93.14180625653468)",65.31038742961353
1259,23.614527248595504,46.609190111236,0.0,1.44,-0.31999999999999995,49.44574374157796,"(93.14180625653468, 93.14180625653468)",71.68640120241099
1260,-26.230247392605104,51.39323031025325,0.0,-1.44,-1.7634913907721887e-16,50.0,"(93.14180625653468, 93.14180625653468)",75.86712389111175
1261,-28.334856127191163,43.89986820312081,0.0,-1.44,-0.7200000000000005,48.75292341855041,"(93.14180625653468, 93.14180625653468)",71.35203897872313
1262,2.722852625938622,68.54594133555553,0.0,1.44,-0.23999999999999994,49.58430780618347,"(93.14180625653468, 93.14180625653468)",84.80421579672033
1263,-8.151399186260242,68.11398308208261,0.0,-1.44,0.7200000000000001,51.24707658144959,"(93.14180625653468, 93.14180625653468)",84.9308818560736
1264,-2.722852625938622,68.54594133555553,0.0,-1.44,0.23999999999999994,50.41569219381653,"(93.14180625653468, 93.14180625653468)",84.9063563696964
1265,13.51128531804521,61.68766221096708,0.0,-1.44,0.23999999999999994,50.41569219381653,"(93.14180625653468, 93.14180625653468)",80.8770557280392
1266,-26.572996827709602,24.1388864613622,0.0,0.48000000000000004,-0.24000000000000005,49.58430780618347,"(93.14180625653468, 93.14180625653468)",61.52071458520619
1267,-18.77496406391506,60.29447092726413,0.0,-1.44,0.7200000000000001,51.24707658144959,"(93.14180625653468, 93.14180625653468)",80.47286140995375
1268,19.08516750019657,16.147952857543295,0.0,-1.6,-0.4000000000000003,49.30717967697245,"(93.14180625653468, 93.14180625653468)",55.972393784649846
1269,-23.710288033219186,19.1056206751255,0.0,1.5999999999999999,-0.39999999999999986,49.30717967697245,"(93.14180625653468, 93.14180625653468)",58.756088075565806
1270,22.624998523207402,27.873274687859386,0.0,-1.6,0.32,50.55425625842204,"(93.14180625653468, 93.14180625653468)",62.46412030370906
1271,8.147160017931942,62.6222507072543,0.0,-1.44,-0.24000000000000027,49.58430780618347,"(93.14180625653468, 93.14180625653468)",80.63609478273035
1272,16.12041954841498,55.40236523455547,0.0,-0.3200000000000002,-0.7200000000000003,48.75292341855041,"(93.14180625653468, 93.14180625653468)",76.1370791159195
1273,-13.511285318045234,61.687662210967076,0.0,1.44,0.7200000000000005,51.24707658144959,"(93.14180625653468, 93.14180625653468)",81.03616246020746
1274,-21.27000325100158,53.636526376177486,0.0,1.44,0.7200000000000005,51.24707658144959,"(93.14180625653468, 93.14180625653468)",77.08544525087825
1275,-25.710445115333126,39.10515326618018,0.0,0.31999999999999973,0.7200000000000003,51.24707658144959,"(93.14180625653468, 93.14180625653468)",69.11777573327625
1276,2.7224665237936225,63.091288432134775,0.0,1.44,0.1600000000000004,50.27712812921102,"(93.14180625653468, 93.14180625653468)",80.55917947095969
1277,-23.614527248595515,46.609190111236,0.0,-1.44,0.7200000000000001,51.24707658144959,"(93.14180625653468, 93.14180625653468)",72.27579322227342
1278,18.63797424643353,48.812789471503066,0.0,-1.44,-0.3200000000000003,49.44574374157796,"(93.14180625653468, 93.14180625653468)",72.53990367548944
1279,-8.147160017931965,62.6222507072543,0.0,1.44,-0.23999999999999994,49.58430780618347,"(93.14180625653468, 93.14180625653468)",80.63609478273037
1280,20.9981756407214,41.8248325730231,0.0,-0.32000000000000034,0.24000000000000007,50.41569219381653,"(93.14180625653468, 93.14180625653468)",68.74230816721726
1281,-2.7224665237936456,63.091288432134775,0.0,1.44,-0.7200000000000001,48.75292341855041,"(93.14180625653468, 93.14180625653468)",80.41177899279334
1282,-25.288861507791317,32.715378396707415,0.0,-0.48,-5.878304635907295e-17,50.0,"(93.14180625653468, 93.14180625653468)",64.69757022448772
1283,19.941138746980744,23.01202914724521,0.0,-1.6,0.4000000000000001,50.692820323027554,"(93.14180625653468, 93.14180625653468)",59.54062943045948
1284,10.827336424406516,56.675027886651456,0.0,-1.44,-0.7200000000000005,48.75292341855041,"(93.14180625653468, 93.14180625653468)",76.29891421844816
1285,-16.12041954841498,55.40236523455547,0.0,1.44,-0.7200000000000001,48.75292341855041,"(93.14180625653468, 93.14180625653468)",76.38675118168226
1286,20.776859439654775,35.75114839868543,0.0,1.5999999999999999,-0.7200000000000001,48.75292341855041,"(93.14180625653468, 93.14180625653468)",63.833722634217814
1287,-19.08516750019658,16.147952857543284,0.0,1.5999999999999999,-0.3199999999999999,49.44574374157796,"(93.14180625653468, 93.14180625653468)",56.07094791411371
1288,5.437871409853832,57.443185449014706,0.0,-1.44,0.7200000000000001,51.24707658144959,"(93.14180625653468, 93.14180625653468)",76.75342168762744
1289,-10.82733642440649,56.67502788665146,0.0,0.1599999999999999,0.24000000000000013,50.41569219381653,"(93.14180625653468, 93.14180625653468)",76.46813685223324
1290,-18.63797424643354,48.812789471503066,0.0,1.44,0.7200000000000005,51.24707658144959,"(93.14180625653468, 93.14180625653468)",73.09106858663188
1291,13.45919409121139,50.48675662404053,0.0,-0.47999999999999987,-0.7200000000000004,48.75292341855041,"(93.14180625653468, 93.14180625653468)",72.06441977648348
1292,-22.624998523207402,27.873274687859386,0.0,1.5999999999999999,0.32000000000000045,50.55425625842204,"(93.14180625653468, 93.14180625653468)",62.46412030370906
1293,0.0,57.7,0.0,-1.44,-0.3200000000000003,49.44574374157796,"(93.14180625653468, 93.14180625653468)",76.24483965592555
1294,-5.437871409853806,57.443185449014706,0.0,1.44,-0.31999999999999995,49.44574374157796,"(93.14180625653468, 93.14180625653468)",76.34639665698404
1295,-20.99817564072138,41.82483257302311,0.0,-0.4799999999999999,-0.24000000000000016,49.58430780618347,"(93.14180625653468, 93.14180625653468)",68.18393690333747
1296,16.00210579863178,43.97922930213074,0.0,1.44,-0.7200000000000001,48.75292341855041,"(93.14180625653468, 93.14180625653468)",67.72683048356869
1297,18.15856128239255,30.968962723242672,0.0,1.5999999999999999,-0.8,48.6143593539449,"(93.14180625653468, 93.14180625653468)",60.38881419309392
1298,-19.94113874698075,23.012029147245208,0.0,1.5999999999999999,1.959434878635765e-16,50.0,"(93.14180625653468, 93.14180625653468)",59.106464485624066
1299,-20.776859439654793,35.75114839868542,0.0,1.5999999999999999,-0.3199999999999999,49.44574374157796,"(93.14180625653468, 93.14180625653468)",65.16696371122295
1300,-13.459194091211403,50.48675662404053,0.0,0.3199999999999998,0.24000000000000013,50.41569219381653,"(93.14180625653468, 93.14180625653468)",72.5006535171959
1301,8.134377973734914,51.61292856426979,0.0,0.47999999999999987,0.7200000000000004,51.24707658144959,"(93.14180625653468, 93.14180625653468)",72.62879964695566
1302,15.1580698740092,19.880465731331718,0.0,-1.6,0.07999999999999992,50.13856406460551,"(93.14180625653468, 93.14180625653468)",56.45145662903985
1303,15.905488996894839,38.16854620980025,0.0,1.5999999999999999,0.7200000000000005,51.24707658144959,"(93.14180625653468, 93.14180625653468)",65.0638416235376
1304,-8.134377973734923,51.61292856426979,0.0,-0.3200000000000003,-0.16000000000000003,49.72287187078898,"(93.14180625653468, 93.14180625653468)",72.20709537376693
1305,2.7213016152154528,52.179086016516486,0.0,-0.4800000000000001,0.7200000000000002,51.24707658144959,"(93.14180625653468, 93.14180625653468)",72.69490163575284
1306,-16.002105798631764,43.97922930213074,0.0,0.3199999999999999,-0.24000000000000007,49.58430780618347,"(93.14180625653468, 93.14180625653468)",68.41311978264471
1307,-2.721301615215461,52.179086016516486,0.0,0.4800000000000001,-0.7200000000000002,48.75292341855041,"(93.14180625653468, 93.14180625653468)",72.00978527442942
1308,10.789759857905068,45.539225753285926,0.0,-1.6,-0.7200000000000005,48.75292341855041,"(93.14180625653468, 93.14180625653468)",68.33937121809849
1309,15.538259683316465,26.187114885260307,0.0,1.5999999999999999,-0.8,48.6143593539449,"(93.14180625653468, 93.14180625653468)",57.323079019050375
1310,-18.15856128239255,30.968962723242672,0.0,-1.6,0.8000000000000002,51.3856406460551,"(93.14180625653468, 93.14180625653468)",61.84526116158509
1311,-15.1580698740092,19.880465731331718,0.0,1.5999999999999999,1.959434878635765e-16,50.0,"(93.14180625653468, 93.14180625653468)",56.356595209405874
1312,-15.905488996894857,38.16854620980024,0.0,-1.6,-0.4000000000000003,49.30717967697245,"(93.14180625653468, 93.14180625653468)",64.21353237344151
1313,-10.789759857905047,45.53922575328593,0.0,1.5999999999999999,1.959434878635765e-16,50.0,"(93.14180625653468, 93.14180625653468)",68.75556145902159
1314,5.4315851620967095,46.48373782977107,0.0,-1.6,0.7200000000000001,51.24707658144959,"(93.14180625653468, 93.14180625653468)",69.06537300405174
1315,13.276030967071849,33.355014641899785,0.0,-1.6,-0.8000000000000005,48.6143593539449,"(93.14180625653468, 93.14180625653468)",61.24718163243235
1316,10.759008172558408,39.92575914297461,0.0,-1.6,0.8000000000000002,51.3856406460551,"(93.14180625653468, 93.14180625653468)",65.75754083091107
1317,-5.4315851620967095,46.48373782977107,0.0,-1.6,0.32,50.55425625842204,"(93.14180625653468, 93.14180625653468)",68.567518265666
1318,0.0,46.8,0.0,-1.6,-1.9594348786357652e-16,50.0,"(93.14180625653468, 93.14180625653468)",68.50401448090469
1319,-15.538259683316468,26.187114885260304,0.0,-1.6,0.8000000000000002,51.3856406460551,"(93.14180625653468, 93.14180625653468)",58.985292656750296
1320,10.519058383748463,22.679272711427302,0.0,1.5999999999999999,0.8000000000000006,51.3856406460551,"(93.14180625653468, 93.14180625653468)",56.55737123876278
1321,-10.759008172558408,39.92575914297461,0.0,-1.6,-0.8000000000000005,48.6143593539449,"(93.14180625653468, 93.14180625653468)",64.07675728273912
1322,5.426433425280344,40.992393444162296,0.0,1.5999999999999999,0.8000000000000006,51.3856406460551,"(93.14180625653468, 93.14180625653468)",65.34947703030188
1323,-13.276030967071849,33.355014641899785,0.0,1.5999999999999999,0.8000000000000006,51.3856406460551,"(93.14180625653468, 93.14180625653468)",62.622754173487934
1324,10.64157442454788,28.52997360263077,0.0,-1.6,-0.8000000000000005,48.6143593539449,"(93.14180625653468, 93.14180625653468)",58.081489575571766
1325,8.089287974523227,34.976755425071005,0.0,1.5999999999999999,-0.8,48.6143593539449,"(93.14180625653468, 93.14180625653468)",60.70784976060451
1326,-5.426433425280342,40.992393444162296,0.0,1.5999999999999999,-0.8,48.6143593539449,"(93.14180625653468, 93.14180625653468)",64.49287442707175
1327,1.1476930517062554e-15,41.349999999999994,0.0,-1.6,-0.8000000000000005,48.6143593539449,"(93.14180625653468, 93.14180625653468)",64.36255460587692
1328,-10.519058383748463,22.679272711427302,0.0,9.797174393178829e-17,-0.8000000000000003,48.6143593539449,"(93.14180625653468, 93.14180625653468)",55.00257059204391
1329,-10.641574424547887,28.529973602630765,0.0,1.5999999999999999,0.8000000000000006,51.3856406460551,"(93.14180625653468, 93.14180625653468)",59.659799237005934
1330,-8.089287974523227,34.976755425071005,0.0,-1.6,0.8000000000000002,51.3856406460551,"(93.14180625653468, 93.14180625653468)",62.05356987641342
1331,2.7171835620064773,35.79702380771845,0.0,-1.6,-0.8000000000000005,48.6143593539449,"(93.14180625653468, 93.14180625653468)",61.00275535486294
1332,5.406699723486277,29.96614920372742,0.0,-1.6,0.8000000000000002,51.3856406460551,"(93.14180625653468, 93.14180625653468)",59.499934159582914
1333,5.3860088291014385,24.412925037627943,0.0,-0.64,-0.8000000000000004,48.6143593539449,"(93.14180625653468, 93.14180625653468)",55.094104101581905
1334,-2.7171835620064773,35.79702380771845,0.0,1.5999999999999999,0.8000000000000006,51.3856406460551,"(93.14180625653468, 93.14180625653468)",62.32105433889563
1335,-5.406699723486283,29.966149203727415,0.0,-0.6400000000000002,0.8000000000000003,51.3856406460551,"(93.14180625653468, 93.14180625653468)",59.27790271453169
1336,-5.386008829101449,24.412925037627943,0.0,-9.79717439317883e-17,0.8000000000000004,51.3856406460551,"(93.14180625653468, 93.14180625653468)",56.80724764099477
1337,-1.0564465968698755e-14,30.45,0.0,0.64,-0.8000000000000002,48.6143593539449,"(93.14180625653468, 93.14180625653468)",57.79557107075325
1338,0.0,25.0,0.0,1.5999999999999999,-0.8,48.6143593539449,"(93.14180625653468, 93.14180625653468)",55.059567155894804
