index,month,day,hour,dni,temp,wind,step_weight,azimuth,zenith,Absorbed power (kW),Field efficiency (%),Max flux (kW/m^2),Average flux (kW/m^2),Peak concentration ratio (-),Average concentration ratio (-),Shadowing and cosine efficiency (%),Blocking efficiency (%),Reflection and attenuation efficiency (%),Intercept efficiency (%),Absorption efficiency (%),Field efficiency w/o receiver (%)
1,1.0,8.0,8.398702424578232,391.58578899536855,6.1,4.199999999999999,7.0,130.7415101829102,75.72923844226386,2402.261576477627,33.56449706623838,55.41157968070638,0.6504079167061377,141.505594017769,1.6609589392270576,68.38732083585651,99.82621834326642,88.1566,59.291800089541994,94.06118960190729,35.6836833642999
2,1.0,8.0,9.398702424578232,518.6075509478048,8.414285714285713,3.542857142857143,7.0,142.3396856983438,67.24798108915036,3882.7997944862723,40.96311113553516,90.3471424748094,1.0898063625458014,174.21100465986538,2.1014085902800224,85.01181096173754,99.84602965119707,88.1988,58.20696546790366,94.00376130537586,43.576034157255116
3,1.0,8.0,10.398702424578232,561.7402991459523,10.4,4.357142857142858,7.0,156.09207028003237,60.92620850470022,4498.784613118538,43.8173785406702,104.31238493609256,1.3047486468288347,185.69503575706597,2.3226901271148304,92.03591451336973,99.8753340480848,88.2358,57.50075460307878,93.95338740552168,46.63735896135985
4,1.0,8.0,11.398702424578232,494.416608804688,11.428571428571427,3.1,7.0,171.76324650854056,57.49826391806498,4022.087207114194,44.508730050015174,90.8933776390884,1.1849831009015765,183.83965267435926,2.3967299637575215,94.05584352603289,99.88960145444983,88.22579999999999,57.10644922635609,94.02825521092058,47.33548437134657
5,1.0,8.0,12.398702424578232,642.6744072445298,12.614285714285714,3.157142857142857,7.0,188.2355962472062,57.492400126152525,5245.492753916351,44.656230145862615,119.6963799967586,1.5433807687439478,186.24731068716042,2.401497167689004,94.26077387718178,99.88307326955237,88.2604,57.1612982263502,94.01370857957049,47.49970065064168
6,1.0,8.0,13.398702424578232,559.6310427329523,13.085714285714284,2.9285714285714284,7.0,203.91312849850542,60.90965863163066,4481.7445880576515,43.81593438215693,102.6772281938804,1.289849817966363,183.47307485384874,2.3048217834153646,91.7911074239059,99.86305097043352,88.208,57.66218020325314,93.97830409702125,46.62345719382452
7,1.0,8.0,14.398702424578232,476.3895203194557,13.485714285714286,2.157142857142857,7.0,217.67549093998258,67.22313953291832,3579.948977352418,41.115105533838076,82.54033486104147,0.996915925205515,173.26228084465805,2.092648731099304,85.10294611679468,99.8502474320838,88.1454,58.426785012282224,93.94983606684895,43.76282839342379
8,1.0,8.0,15.398702424578232,376.10452273611844,13.185714285714283,2.728571428571428,7.0,229.28483207450427,75.69859704424061,2317.4425610598205,33.712207736955875,51.079236792657724,0.6166980900930995,135.81128038839302,1.6396986816502224,68.20798884981846,99.82772690180434,88.232,59.630336058128975,94.10384902441625,35.82447273565705
11,1.0,15.0,8.443850913078677,434.945090452344,5.6571428571428575,4.642857142857142,7.0,129.95650094837674,74.90151559691708,2753.070720103254,34.63137269626929,63.36942817739628,0.7396334761350539,145.69523732637586,1.7005214965545035,70.31893580838044,99.82619690734732,88.26079999999999,59.412943748198224,94.08144084115293,36.80999396548452
12,1.0,15.0,9.443850913078677,583.2372998126779,8.657142857142858,4.271428571428571,7.0,141.6704444573924,66.30558298412426,4410.555310248667,41.37469007558514,101.96452948115378,1.2369309609308687,174.82511751889393,2.120802221202488,85.88985687805966,99.84049444453268,88.1474,58.26322511442298,93.9468285110267,44.04053945336636
13,1.0,15.0,10.443850913078677,700.518791109653,10.971428571428573,5.6000000000000005,7.0,155.62027525248203,59.876128062745735,5625.542940004147,43.937103793644845,130.8517088538113,1.6287893555967667,186.7925750379035,2.325118720964918,92.23314607058555,99.86902452730997,88.26079999999999,57.511015914649924,93.97118351179252,46.75593320385407
14,1.0,15.0,11.443850913078677,641.6046153081203,12.614285714285714,6.914285714285714,7.0,171.58787662915924,56.37846266545591,5231.234328931306,44.60910054277558,117.80480021692117,1.5438329298861977,183.60965212251054,2.406206085573117,94.312988737131,99.89051938690857,88.2348,57.084896219800264,94.00837944412645,47.45225990124513
15,1.0,15.0,12.443850913078677,672.7716053429223,13.0,7.5857142857142845,7.0,188.4057818547989,56.369977823066684,5493.151954362291,44.672548695482675,125.5942546051588,1.619737201416662,186.68185994731664,2.4075588038396125,94.34978752018611,99.88965973509274,88.27239999999999,57.121859937624045,94.00522562302451,47.521346179867166
16,1.0,15.0,13.443850913078677,654.6317661483141,13.557142857142857,6.542857142857143,7.0,204.38265851650095,59.852211619647036,5254.8974134431155,43.919151184004924,120.42220591004553,1.51812018375066,183.95411304064726,2.3190444800485177,92.1413011308191,99.86533268946943,88.2174,57.58434299750507,93.9563580453766,46.74420347667583
17,1.0,15.0,14.443850913078677,553.2455387975061,13.8,6.985714285714285,7.0,218.34683300952685,66.2697317018194,4195.549620302087,41.49136406022811,96.52252845746351,1.172105049090938,174.46598605613303,2.1185982839347233,85.8753535287175,99.83844947750981,88.2696,58.34330001021253,93.96999389297537,44.153843521032464
18,1.0,15.0,15.443850913078677,381.9769686522203,13.028571428571428,7.071428571428571,7.0,230.07652099340268,74.85730054448445,2413.2022316889465,34.5655372928532,53.38670398936743,0.6423497611533726,139.76419619679893,1.6816452662574393,70.03253335505262,99.82464338862474,88.1632,59.5862222555523,94.11796113727809,36.72576081672315
21,1.0,23.0,7.9841901287396695,552.6748562807614,1.2714285714285714,2.9571428571428573,7.0,123.58980358849828,78.63147623694064,2989.117344472775,29.591026383766874,66.04408322580483,0.7711063261943999,119.49898294677283,1.3952259948707966,59.12009490807009,99.82456578329221,88.1242,60.466797620996346,94.09690106105384,31.44739736388027
22,1.0,23.0,8.98419012873967,682.4057090739522,4.8428571428571425,4.271428571428571,7.0,134.43721312531716,69.05383497165774,4957.542157138922,39.74756571708702,114.77413717331198,1.3580688093382773,168.19047034214356,1.9901193546302873,81.64064765453521,99.83248518094547,88.23100000000001,58.79986194870305,94.0014828315905,42.28397735841812
23,1.0,23.0,9.98419012873967,721.9610656028926,7.599999999999999,3.542857142857143,7.0,147.47208651124498,61.27608604039116,5731.391231477788,43.43432225892493,134.0476619534758,1.6310816645919677,185.67159413442297,2.259237710041732,90.64074996854065,99.8496997395249,88.2234,57.896624846181446,93.95626803864977,46.228232735955224
24,1.0,23.0,10.98419012873967,807.7346566506789,10.0,3.9,7.0,162.892605229925,56.0802729817563,6584.101308351305,44.59791538047221,149.73451354103202,1.9230386857522301,185.37586855801794,2.3807802103307387,93.96750043292853,99.89774100585666,88.2074,57.32569804760024,93.95650297542454,47.46655523368865
25,1.0,23.0,11.98419012873967,859.7490091356051,11.571428571428571,4.428571428571429,7.0,179.99740129491664,54.229553137006,7019.042056991391,44.66763228766741,157.3963854166711,2.0830985441028744,183.07248248522907,2.4229147367058084,94.5787081554743,99.89959361478853,88.2414,56.96790118975233,94.04446143675277,47.496292291181334
26,1.0,23.0,12.98419012873967,837.1947892096931,12.857142857142856,4.942857142857143,7.0,197.1127976615523,56.061074606317,6798.403126092466,44.4290644653163,155.65533559863582,1.9929161353555844,185.92487388218638,2.3804688718104483,93.73774076383481,99.88938153396984,88.2312,57.27758766236713,93.89153896134768,47.31956143950992
27,1.0,23.0,13.98419012873967,749.3472049071548,13.814285714285717,4.428571428571428,7.0,212.54837756967305,61.24099015570845,5941.596648005049,43.38172787657444,136.66907199724844,1.686495111061986,182.38417532254883,2.2506190721975736,90.3458493724659,99.862174648296,88.2276,57.990602229133096,93.980020824689,46.16058551157274
28,1.0,23.0,14.98419012873967,648.5155037409739,13.985714285714286,4.557142857142858,7.0,225.60167537921214,69.00717996155544,4707.058023390572,39.711469707116144,106.41622960832802,1.2817505291233968,164.0920363421753,1.97643775935902,81.41733853908576,99.82335280458602,88.19839999999999,58.93624222819408,93.99911349226232,42.2466427945462
29,1.0,23.0,15.98419012873967,471.21218676134004,13.742857142857144,4.414285714285715,7.0,236.46813605789654,78.57681650641283,2545.3753968126357,29.554396785337666,54.55500725753204,0.6550949421624115,115.77588354089642,1.3902334459235974,58.98492522769715,99.79749281133496,88.1944,60.523905935070744,94.0575101463096,31.42162357834565
32,1.0,30.0,8.008207178874045,371.76444008941104,8.071428571428571,4.699999999999999,7.0,122.25713255310261,77.40610602139078,2105.266488354782,30.983180892938133,47.06557160247196,0.5451753257422263,126.60052045632035,1.4664536651518072,62.06939698487114,99.80275283500241,88.11280000000001,60.34251014908061,94.06836195882,32.936877232433936
33,1.0,30.0,9.008207178874045,496.41614232245894,10.657142857142857,5.0285714285714285,7.0,133.23053557395667,67.65780713343547,3669.0803510001515,40.43878503898127,84.67172252191295,1.0027072724786554,170.56601367912896,2.019892559874338,83.03686060103178,99.81861919326352,88.2122,58.82465174067201,94.02159223420932,43.01010446435283
34,1.0,30.0,10.008207178874045,598.2698467090948,12.557142857142857,4.442857142857143,7.0,146.4971329547738,59.697206799355634,4772.267638116302,43.64298519096412,111.64203490674407,1.36238427401299,186.60815937967428,2.277206985287763,91.04921660254462,99.8643842160434,88.3378,57.801809154594295,94.00254159508626,46.42745233310313
35,1.0,30.0,11.008207178874045,673.239909682977,14.628571428571428,3.3857142857142852,7.0,162.32431393330697,54.3480270018637,5474.909043052736,44.493218973756605,127.77868209673834,1.6041281342103746,189.79665385094037,2.3826991108797233,93.87745326248888,99.89722647609325,88.155,57.288302651241594,93.94338223925979,47.361738435645215
36,1.0,30.0,12.008207178874045,695.648172632353,16.085714285714285,3.7428571428571424,7.0,179.99615744888177,52.433913409904974,5667.29145495357,44.573082670460074,127.67927630664232,1.6889629111407862,183.54001538378262,2.4278981496489833,94.53905096411724,99.91157124296821,88.20660000000001,56.92680923105553,93.97832916075329,47.42910740008605
37,1.0,30.0,13.008207178874045,625.853886647012,16.94285714285714,4.442857142857143,7.0,197.67790082737247,54.32471907749908,5081.137739823234,44.41961458114999,116.07149583521733,1.492799292294262,185.46101304422007,2.385220135472636,93.71978044896002,99.89985431294848,88.2714,57.23075876302689,93.91374302030205,47.298311357420246
38,1.0,30.0,14.008207178874045,583.0023449082497,17.2,4.8,7.0,213.52373908344742,59.6547294245675,4633.565811889225,43.4842321722487,105.71762568201098,1.319920827554008,181.33310544170854,2.2640060354503913,90.77028704718155,99.85826828792628,88.1948,57.8320831885618,94.05724427969513,46.23166722059279
39,1.0,30.0,15.008207178874045,579.8032099673991,16.657142857142855,4.414285714285714,7.0,226.81258714695468,67.60145046908177,4276.296398535406,40.3528260775165,96.08841656825378,1.1655563966880405,165.72591340716548,2.010262062456634,82.77978238240657,99.84042613475378,88.235,58.86426121129428,94.00493674791731,42.92628395222075
40,1.0,30.0,16.008207178874045,357.24373037450147,14.828571428571427,3.9142857142857146,7.0,237.80843324517784,77.34003679881657,2026.8705978466837,31.041891651719183,43.97181018587415,0.5225117464160223,123.08630340350032,1.46261978024994,62.085025003938455,99.78883669659848,88.17819999999999,60.409582689335394,94.06158523278827,33.0016675509935
43,2.0,7.0,8.022124206362832,514.1681942979326,10.0,2.3875,8.0,120.48441085517284,75.80097227892766,3090.070682715073,32.88137551643631,68.57337467156238,0.7950551974372451,133.36759339071023,1.5462940070084414,65.83253351840213,99.78482225137664,88.1132,60.37741857703733,94.08695324567682,34.947858743578955
44,2.0,7.0,9.022124206362832,594.75,11.75,3.2875,8.0,131.60660995700516,65.83247733229139,4455.211148135783,40.984591664684174,103.46368368965105,1.220324894629894,173.96163714106945,2.051828322202428,84.36341710686105,99.82714817167226,88.168,58.721408477588064,93.99620772386038,43.60238849751007
45,2.0,7.0,10.022124206362832,541.1017377962189,14.25,4.312500000000001,8.0,145.16731215388592,57.629540872697106,4328.188813378169,43.76370089059603,100.61866168814277,1.2363381903593,185.95146653555224,2.2848534831815863,91.39715742663581,99.87569411679308,88.1696,57.873268226209404,93.95603101846038,46.57891613365126
46,2.0,7.0,11.022124206362832,526.3949320941515,15.875,5.737500000000001,8.0,161.54037855720634,52.07238489997492,4272.374249103018,44.4062767235431,97.88616629210787,1.2605594053855247,185.95575360630534,2.3947027764318594,93.7965256331281,99.90822132936306,88.2558,57.1467131198483,93.95542677965429,47.263131301276914
47,2.0,7.0,12.022124206362832,540.5143701384358,16.75,6.3125,8.0,179.9955711976858,50.07170301600048,4401.950267123474,44.55789426823649,98.71776357928627,1.3145259452796803,182.63670502229724,2.431990744192436,94.53209972215349,99.91838418829676,88.2182,56.89661040407867,93.98431175501773,47.40992771685386
48,2.0,7.0,13.022124206362832,521.8185823907997,16.625,6.175,8.0,198.46217309482512,52.04580464907878,4237.215658413322,44.42708303146246,97.5198674269704,1.246558694200633,186.88461990020878,2.3888737125636927,93.76798346861418,99.9091003885335,88.22919999999999,57.22152264915087,93.93261723783807,47.296758397535925
49,2.0,7.0,14.022124206362832,496.7333936006029,16.75,5.7375,8.0,214.85738846650395,57.581319482017314,3965.0214439039137,43.672590656563145,92.13375241509263,1.1319776843585974,185.4792804390609,2.2788435384893027,91.18555202208856,99.88186021410284,88.2006,57.84572354829483,93.98390894819467,46.468157310456334
50,2.0,7.0,15.022124206362832,448.3218860111792,16.625,5.875000000000001,8.0,228.44370733403406,65.76867975019154,3362.5058325293185,41.03551396966848,76.81048805754207,0.9150816683879343,171.32888322928486,2.041126469487408,84.21756524223093,99.8258760046705,88.213,58.867991378546755,93.99445974829665,43.65737521078961
51,2.0,7.0,16.022124206362832,396.4424620528816,15.125,4.3875,8.0,239.59107856483786,75.72610402559737,2374.4597244756746,32.769620695090765,52.07198584913776,0.61199137654517,131.34815473472634,1.543707940305184,65.64111640283873,99.78363176575984,88.183,60.29943563179464,94.088822212338,34.828388669949405
54,2.0,15.0,8.021988537803509,339.61786409109874,8.714285714285714,3.2428571428571424,7.0,118.4760727287038,74.02106400571428,2147.073803027506,34.58941510731926,47.22966533680393,0.5526058118501731,139.06708194871368,1.627140001392691,69.35610441752972,99.78789817297528,88.1652,60.23060258109395,94.11660357276305,36.75166101864017
55,2.0,15.0,9.021988537803509,397.33542848383564,11.285714285714285,4.128571428571428,7.0,129.73947668907,63.81261784054845,3012.865591422173,41.48673320245958,70.7015796128166,0.8272230783259417,177.93927886723262,2.081926299606567,85.5304858086547,99.82939257403955,88.1556,58.676078231740846,93.93315000580968,44.16623226187311
56,2.0,15.0,10.021988537803509,527.7724681374135,13.857142857142856,4.414285714285714,7.0,143.61136104171112,55.33628095919476,4218.228615248186,43.729061233641374,97.6793285305296,1.2128515154578594,185.07848443715582,2.298057569653435,91.51479008203941,99.89231881790998,88.2234,57.68197312103703,93.99892198559237,46.52081141988407
57,2.0,15.0,11.021988537803509,636.5312762441645,15.857142857142856,4.428571428571428,7.0,160.60886033239802,49.53720568545413,5164.618169867217,44.39205426248629,118.65022829438911,1.5259617471411036,186.4012543020377,2.397308355600371,93.70591817098541,99.91795531964563,88.24459999999999,57.202610346571824,93.92705326269709,47.26226653606357
58,2.0,15.0,12.021988537803509,678.3471731281925,17.0,4.585714285714285,7.0,179.99688093256233,47.43450794024541,5511.527600245226,44.453579666548045,124.53993385042382,1.6549905746224267,183.59320829201502,2.439739767751152,94.4863917958579,99.92584462294145,88.1932,56.798876177551236,93.99068236121433,47.29573033176745
59,2.0,15.0,13.021988537803509,750.2963682963549,17.71428571428571,4.3428571428571425,7.0,199.40008015115808,49.50929599519437,6091.088017012563,44.416957069840095,139.06414658290043,1.794559162542963,185.3456213558165,2.391800411639659,93.71773262208214,99.92651261533437,88.1784,57.24564652902616,93.95969961063575,47.2723489473697
60,2.0,15.0,14.021988537803509,701.0614565833774,18.57142857142857,3.7714285714285714,7.0,216.42215904696866,55.285919156723736,5602.158640710533,43.72059701270503,128.39019367371534,1.5941251360894912,183.13685978319913,2.273873597128644,91.08154105843354,99.88167477791353,88.23140000000001,57.956812327663485,93.98147060435903,46.52044358484127
61,2.0,15.0,15.021988537803509,680.5580457173965,18.285714285714285,4.128571428571428,7.0,230.32156452928137,63.74617034887524,5164.897063316201,41.52247854411904,116.6634633608203,1.400046275561937,171.4232372902768,2.0572033265525596,85.13205453727389,99.83631087331096,88.21600000000001,58.96793063825342,93.91573920745562,44.212481203387824
62,2.0,15.0,16.02198853780351,583.5539437924231,16.71428571428571,3.8428571428571425,7.0,241.61140644881831,73.9429030101734,3676.192021099986,34.46703707042267,80.64928592511268,0.9464599161327789,138.20365157844014,1.6218893320845171,69.11765062089442,99.78187622722965,88.2068,60.261957134287115,94.0195176397834,36.65944894811744
65,2.0,22.0,7.51134968637075,543.2301041653252,8.428571428571429,3.742857142857143,7.0,111.59644446495338,77.98703815256862,2946.617007950044,29.677453533095075,63.013958481957395,0.7289582634802635,115.99864955713112,1.3418959256691234,58.56128453812942,99.76954549376296,88.0868,61.31824067689381,94.04106233577293,31.557973502183483
66,2.0,22.0,8.51134968637075,687.0008768566958,11.857142857142856,5.014285714285714,7.0,121.94480671333424,66.98598659358893,4999.513074628382,39.81595975057559,114.37233596269067,1.3293120388167536,166.48062588506428,1.9349495518825082,81.0443606180017,99.8065996453949,88.2108,59.373558896958436,93.98537666004752,42.363994448405556
67,2.0,22.0,9.51134968637075,625.6613492056988,14.428571428571427,5.314285714285714,7.0,134.58090951146653,57.29708774716916,4931.018793602232,43.12053122315785,116.7665103056863,1.3797664705919173,186.6289334540577,2.205292803117188,89.43236703146655,99.86776687049772,88.1776,58.27733048682163,93.95201833217718,45.89633303108051
68,2.0,22.0,10.51134968637075,695.8634530208727,16.857142857142858,4.857142857142857,7.0,150.42168671405153,49.76367825045016,5608.855071835143,44.09983475619568,130.42669632743818,1.640996402000056,187.43145046809343,2.358216105295062,92.72853096470767,99.91091324128458,88.2286,57.41508791832104,93.96697186799811,46.93120772067207
69,2.0,22.0,11.51134968637075,708.9219982078329,18.0,4.271428571428571,7.0,169.61736026833162,45.51390622796699,5731.987985741783,44.237807056961174,132.66530612828404,1.718652305873503,187.1366757748585,2.424317922448853,93.89445064982506,99.93042429846389,88.2492,56.89358391977122,93.90351821291047,47.109850513438026
70,2.0,22.0,12.51134968637075,715.6593770792533,19.142857142857142,4.714285714285714,7.0,190.3761194948672,45.49780888604939,5795.042082293137,44.30339416316297,131.4360194214408,1.7313123660972367,183.65723084333365,2.4191849105129637,93.8396633112124,99.93317976003607,88.2966,56.984777464482264,93.89403762777933,47.18445950614381
71,2.0,22.0,13.51134968637075,807.980281940024,19.71428571428571,4.571428571428572,7.0,209.59456371663322,49.71919090464073,6505.571971571352,44.05259487042996,150.09238108833947,1.8940301148025185,185.76243064738645,2.344153882387827,92.37475071909654,99.92319299628879,88.2732,57.49103796366208,94.04222424679848,46.8434208391553
72,2.0,22.0,14.51134968637075,595.7098153473772,19.71428571428571,4.357142857142858,7.0,225.46612713927087,57.231729055485474,4684.516723541466,43.02459683236816,106.94967254745812,1.3046300721171313,179.53317167536073,2.190042934505553,88.95371021053055,99.86926564450678,88.2706,58.412436248797576,93.92895427781318,45.80546772096976
73,2.0,22.0,15.51134968637075,681.6438216852224,19.57142857142857,4.857142857142857,7.0,238.13176007777315,66.90579783233116,4956.084548815294,39.78029281723733,111.76831526156016,1.3019650598089907,163.96879382730452,1.9100372047532876,80.5996766660534,99.80771454680269,88.20219999999999,59.59019726783033,94.0841193469923,42.281623182891636
74,2.0,22.0,16.51134968637075,607.8378648277546,19.285714285714285,4.92857142857143,7.0,248.50765568000995,77.89517712975227,3290.876095654192,29.621739067285155,69.59071180135089,0.8133103986369985,114.48893829783223,1.3380383909901192,58.44627099815547,99.75645629150797,88.1156,61.30601472110669,94.04957634824434,31.49587719311201
77,3.0,2.0,7.488941758124156,433.25689525213596,8.814285714285715,4.428571428571429,7.0,109.20806464954177,76.1089288006377,2513.845342412252,31.745329835508183,54.25822153688607,0.6185932764075845,125.2333710818618,1.427774798708261,62.573827943981144,99.75705195821565,88.167,61.3344884983764,94.04434854501032,33.75570177969241
78,3.0,2.0,8.488941758124156,490.9663847659359,11.471428571428572,4.357142857142857,7.0,119.60808038120206,64.8890516253787,3624.641172058102,40.39243481454286,81.63523216446677,0.9593240168430104,166.27458558773972,1.9539505078343806,82.16123463163485,99.80254064371749,88.1194,59.448930813891344,94.03204890345927,42.95602965751913
79,3.0,2.0,9.488941758124156,561.6450160042259,14.899999999999999,4.5,7.0,132.41077364184812,54.90760852445566,4424.154743275538,43.09780691502871,101.93833244800062,1.2357206441442596,181.4995763217698,2.200180913089349,89.14893991144378,99.88234093923215,88.221,58.33594349343828,94.04637771379659,45.826121072078536
80,3.0,2.0,10.488941758124156,608.6262792723713,16.84285714285714,3.8285714285714283,7.0,148.7415656498138,47.047146299923746,4882.803165177742,43.894013071044405,113.90510477398031,1.4241067143682917,187.15114455812991,2.3398705623931466,92.06538387701492,99.92338380632877,88.232,57.54000480919736,93.98223529365383,46.70458511004192
81,3.0,2.0,11.488941758124156,477.33104852430887,18.04285714285714,3.085714285714286,7.0,168.95610494945853,42.55578667504907,3841.239351121866,44.028962966948555,89.81723104250965,1.1577698168414239,188.16549084787968,2.425507036302631,93.54847290567712,99.93699145531606,88.242,56.79220378652491,93.97480182896392,46.851881685350264
82,3.0,2.0,12.488941758124156,544.5179563497628,19.357142857142858,2.271428571428571,7.0,191.04526093793345,42.53980655442235,4390.851015811186,44.118756905190345,100.37398720915343,1.3165849344376073,184.33549534715385,2.417890758393868,93.55281027920391,99.94378342109617,88.2302,56.892332327065134,94.0025514272046,46.93357386087103
83,3.0,2.0,13.488941758124156,441.44682968267796,19.357142857142858,3.5571428571428574,7.0,211.28447423160785,47.003306162969466,3546.418521764534,43.95399514458625,82.38613323819952,1.0370941055001817,186.62753405074977,2.3493069510673994,92.16412980349806,99.93977690285743,88.3382,57.463215721810045,94.00686754160145,46.75615334713181
84,3.0,2.0,14.488941758124156,380.1015444341585,19.614285714285714,4.214285714285714,7.0,227.64714773336217,54.843592278711924,2985.9878151466405,42.980866685204944,68.13577810942179,0.8327258161260781,179.25677784564837,2.1907982967175856,88.75246590843471,99.88494214265815,88.3034,58.42148346178876,93.98200617906879,45.7330806530255
85,3.0,2.0,15.488941758124156,358.37823971992873,19.671428571428574,3.3285714285714283,7.0,240.4792913625962,64.81047969206573,2642.6200161852685,40.344084039198,59.97002017466694,0.6943270598184635,167.3372251103563,1.937414114096541,81.70854438062115,99.81168248443151,88.2552,59.60403682639149,94.04052216377232,42.90074439286764
86,3.0,2.0,16.488941758124156,264.7584996971333,18.82857142857143,2.8714285714285714,7.0,250.906301328611,76.0182505634377,1525.670210600134,31.5280802083179,33.003153938063754,0.37811029748171676,124.65380328041307,1.4281327999450468,62.35257397193645,99.7525291475752,88.172,61.16915926315861,93.98445370497727,33.54605891234565
89,3.0,9.0,7.462201466702027,526.4527853820972,11.985714285714284,4.942857142857143,7.0,107.00896602206619,74.43224958189107,3204.5952771141488,33.30431703491601,68.98684109377272,0.7852566718365831,131.04088915343542,1.4915994247549609,65.65247147526624,99.77767795971889,88.16040000000001,61.276379990086895,94.11295439450552,35.387601259769156
90,3.0,9.0,8.462201466702027,700.0568186726274,15.24285714285714,4.414285714285715,7.0,117.41906499752012,63.02657480187353,5210.682773810401,40.723783101210344,118.75018467592615,1.3764695319390219,169.62935223041967,1.9662254480271124,82.68754868246292,99.81751452516373,88.2262,59.4591280097019,94.05570366748913,43.29751574150069
91,3.0,9.0,9.462201466702027,765.2603182497811,17.685714285714283,4.942857142857143,7.0,130.32946165451983,52.78269745461227,6015.310734638476,43.00665294782691,137.90744140045598,1.6810384971978682,180.20984247015792,2.1966884432771243,88.89051405457221,99.8995710800983,88.2216,58.380175416699764,94.03213079324111,45.7361250723866
92,3.0,9.0,10.462201466702027,710.389169978851,20.085714285714285,6.771428571428572,7.0,147.0814164822024,44.613353785918825,5656.19228854516,43.56268151633506,131.26839619315334,1.6646195815965297,184.78378013147545,2.3432502238823365,91.61331616495912,99.9372095659073,88.23,57.367994864734285,94.00324213189941,46.34167984888293
93,3.0,9.0,11.462201466702027,777.421362745403,21.6,6.628571428571429,7.0,168.2816527162259,39.88273853457384,6226.215790508196,43.81819358757419,143.59771778618088,1.882304005729641,184.7102802514671,2.4212146667573307,93.24567393647068,99.94418490678198,88.1482,56.73435566805526,94.01749415794359,46.60642572962254
94,3.0,9.0,12.462201466702027,699.592848644659,22.057142857142857,7.071428571428571,7.0,191.71046835766307,39.86534525434769,5597.891136456006,43.77900215776606,130.03457229698668,1.6972833213551497,185.87178606657622,2.4261015884358232,93.27263192852928,99.94850132036262,88.1576,56.64686615474361,94.0372008783318,46.554982229222944
95,3.0,9.0,13.462201466702027,614.2290747017412,22.542857142857144,7.142857142857142,7.0,212.9397170714547,44.566082632038125,4906.891059074724,43.70818952947361,113.04230784622916,1.44060499120321,184.03933076779296,2.3453871699296265,91.74721457578245,99.93996919173614,88.288,57.41123137077123,94.04423492996004,46.476202993224966
96,3.0,9.0,14.462201466702027,591.2061412564154,22.542857142857144,7.442857142857144,7.0,229.7271295881896,52.7142955578061,4635.77459513174,42.901269733545796,107.06775243016543,1.2954063050205205,181.1005416869113,2.191124575038341,88.6386207774881,99.89145312315878,88.2568,58.41086194575833,93.98900100202736,45.644989601092156
97,3.0,9.0,15.462201466702027,420.6687412318567,21.899999999999995,7.128571428571429,7.0,242.66855215767893,62.94293887515859,3120.949301431063,40.591326444726114,69.43397541033845,0.8177418453240938,165.05617985071314,1.9439092216109906,82.18265139158504,99.81541782691906,88.1992,59.66100385749531,94.03732431639993,43.165122721007776
98,3.0,9.0,16.462201466702027,261.00996679437776,20.171428571428567,6.3999999999999995,7.0,253.10597586825065,74.33560552713556,1577.530747484422,33.06796832787008,33.643075991557644,0.38871736977910615,128.89575216130146,1.4892817104004905,65.28617184303125,99.75411210674933,88.2516,61.17390207940969,94.05171741479774,35.15934555668974
101,3.0,17.0,7.42593931792976,521.2770083932535,12.9125,4.65,8.0,104.41002847875467,72.50487120063161,3309.543731142073,34.736521438906664,71.23306597406891,0.8066099474984529,136.6510796124167,1.5473729600787287,68.35368296556918,99.77954784628224,88.1824,61.37973360003637,94.09703963204633,36.91563685184901
102,3.0,17.0,8.42593931792976,626.3067658579021,16.349999999999998,3.4875,8.0,114.7859988269077,60.8998984274238,4685.064459516832,40.927502038416655,105.46172574864113,1.2286829531246408,168.3866940255417,1.9617909626788341,82.89047185119848,99.81024409818338,88.21860000000001,59.64098161069923,94.0222338168814,43.52959973076948
103,3.0,17.0,9.42593931792976,700.7093126236139,18.8875,2.3875,8.0,127.76403944009832,50.356371462891445,5465.87296389922,42.67842814764967,126.89312027419922,1.531522571999757,181.09238451403297,2.185674636270197,88.27925267588171,99.90609732309326,88.1764,58.373820572663625,94.01286568812763,45.396369779034714
104,3.0,17.0,10.42593931792976,702.8842123872457,20.150000000000002,3.0500000000000003,8.0,144.97047916965707,41.81377587252233,5604.346043218042,43.62424523961216,130.85367808516622,1.647744163956006,186.16676229039263,2.344261166941961,91.61408485052137,99.94514698115731,88.2358,57.39141872875263,94.08322137042599,46.367720624545875
105,3.0,17.0,11.42593931792976,745.9126631132164,21.725,3.6125000000000007,8.0,167.4056426213727,36.77932314069488,5942.336172151485,43.58690267587039,137.92709175285182,1.8131505928844176,184.91051107402492,2.430781353566072,92.9223538503381,99.95535036365656,88.24260000000001,56.56007945289967,94.02459118261378,46.35691804414898
106,3.0,17.0,12.42593931792976,752.7315300274954,23.075,3.8750000000000004,8.0,192.5933276238066,36.76246615966098,5986.541707629254,43.51336565463005,139.8792092954582,1.8241081058231905,185.82881640463333,2.423318318759094,92.77032784691852,99.95328904106483,88.202,56.525802851153806,94.1220381429397,46.23079409792199
107,3.0,17.0,13.42593931792976,848.1402649172828,24.3125,4.3875,8.0,215.05968499879137,41.76848021002144,6726.329165114413,43.39075496189022,155.29549157014466,1.9808516911003533,183.1011897369243,2.3355237017234893,91.16739075838483,99.94063385818744,88.2658,57.37631697678584,94.03520002528964,46.143098488885855
108,3.0,17.0,14.42593931792976,767.3227951377078,24.650000000000002,3.7375,8.0,232.30186728378547,50.291370446375375,6007.054599999462,42.83218709424707,137.935757539776,1.6694347287351552,179.76236130847818,2.1756615850771768,88.2322866594302,99.9023275946074,88.25420000000001,58.582025224571275,93.9869043147611,45.57250545331566
109,3.0,17.0,15.42593931792976,646.1279790651571,24.375,4.9625,8.0,245.30968053306879,60.82034890599919,4828.344078664731,40.885229074057584,106.55524629999596,1.2626355004242464,164.9135306819002,1.9541569802488297,82.6531942628423,99.82932407346544,88.2374,59.739711284778195,94.00107938004058,43.494425110547
110,3.0,17.0,16.42593931792976,520.4473883555913,23.487499999999997,4.125,8.0,255.7113447574396,72.41211513206628,3289.925714623534,34.585656984972715,69.66941846577119,0.7998066058074139,133.86447895511418,1.5367674498943835,68.00115017768779,99.78210790760106,88.2088,61.415687495313385,94.0883528192985,36.7587017400509
113,3.0,25.0,6.886347311808322,447.02142180712065,11.342857142857145,7.228571428571429,7.0,97.16664806245494,76.68620707282336,2470.611512971478,30.238684723098583,49.8568927742666,0.5685859153478384,111.5313279008331,1.271943328910913,58.20728531876532,99.73870974326871,88.17779999999999,62.816183309569126,94.03531890553387,32.15673118892254
114,3.0,25.0,7.886347311808322,647.9467926252134,13.971428571428572,7.871428571428571,7.0,106.65334872505427,64.63806954010172,4643.187752867454,39.20700539361112,101.45002449027876,1.1677222747731186,156.57153588066245,1.8021885254528216,78.16793811802668,99.80767573403006,88.1844,60.589355426587346,94.05523593786333,41.6850853678288
115,3.0,25.0,8.886347311808322,733.4237132085073,16.114285714285714,7.214285714285715,7.0,118.07524902773679,53.24203110230845,5610.534602706474,41.853913196469826,128.19908736446058,1.523976404824294,174.79539460706596,2.077893552360555,85.6023782278791,99.88376782566533,88.27159999999999,59.039118057367105,93.9278674919603,44.55963316749663
116,3.0,25.0,9.886347311808322,805.9215741929426,18.34285714285714,6.771428571428572,7.0,133.09014175812388,43.19717403995246,6340.740488876305,43.04611570727213,147.95281397092663,1.8301190201369322,183.5821483239085,2.270840090079026,89.71678971919994,99.94923052514676,88.242,57.819069086093435,94.08802466133803,45.75089748372657
117,3.0,25.0,10.886347311808322,821.8767493089072,19.657142857142855,7.214285714285716,7.0,153.73633401331932,35.79212476552507,6483.621086143473,43.16161664496264,151.78596287550315,1.9680276525109641,184.68214729658146,2.3945532638145837,91.81252025067248,99.95739212615557,88.2466,56.677663276989875,94.03097922183908,45.90148587428321
118,3.0,25.0,11.886347311808322,819.0194012287832,20.8,8.242857142857142,7.0,179.99174423993847,32.93652702610413,6472.796263242159,43.23988392550712,148.412840927771,1.9906868755843579,181.20796736329527,2.430573528047944,92.61415930686368,99.96051574604817,88.13640000000001,56.34017997402998,94.06002828557959,45.970519798510686
119,3.0,25.0,12.886347311808322,792.472026883221,22.28571428571429,7.371428571428571,7.0,206.27159208422407,35.758785259763506,6253.125213857741,43.171780032183214,144.8247483781325,1.8844519096879675,182.75061259603797,2.3779412342155277,91.53428637618724,99.9596627991298,88.256,56.851476529238134,94.03843316465489,45.90865519483122
120,3.0,25.0,13.886347311808322,767.9243801831957,22.7,7.128571428571429,7.0,226.9581602450405,43.14009955416067,6034.049645273154,42.99096511129299,139.3400252875322,1.7322542215589833,181.45019077827857,2.255761460712756,89.36938748584961,99.93770345485314,88.2874,57.94379388977292,94.09215025075697,45.69027809091559
121,3.0,25.0,14.886347311808322,762.5309488500048,22.94285714285714,8.614285714285716,7.0,242.0069492342535,53.16869850112162,5844.323723654636,41.93373636760948,132.81958073421671,1.5767461635732336,174.1825442423364,2.0677798926734323,85.50506575455009,99.88901321422262,88.2988,59.20694596874405,93.91317669136937,44.6516003876836
122,3.0,25.0,15.886347311808322,635.3143188971733,22.385714285714283,9.214285714285714,7.0,253.45542357277543,64.55111069683377,4525.24804020669,38.970907295677534,97.95438233597692,1.1373369193468705,154.1825509395311,1.7901956331177078,77.67337540595211,99.79237311186465,88.2352,60.58442738381865,94.05201534141395,41.4354834973084
123,3.0,25.0,16.886347311808322,446.2992628310015,21.185714285714287,8.828571428571427,7.0,262.9658220641742,76.5849434173072,2445.169738759542,29.975719382846872,48.96238160376786,0.5732459302436196,109.7075117112803,1.2844429242552626,58.03601802673926,99.72849119976067,88.2476,62.40409962730661,94.04522164725076,31.87372931639335
126,3.0,32.0,6.851241869093428,477.6280012670574,12.87142857142857,4.6571428571428575,7.0,94.86793516087661,75.11306489278756,2751.1446151826262,31.514499324256644,55.24753297882061,0.629827695665006,115.67063244252698,1.3186573944454498,60.60457329828854,99.73351900066223,88.18639999999999,62.8735870037316,94.03597223779437,33.5132381516342
127,3.0,32.0,7.851241869093428,637.9605432281603,16.17142857142857,5.1000000000000005,7.0,104.24546650237,62.97200918979224,4590.083612892132,39.36529851593869,100.72315310256805,1.1513975425941134,157.8830449182582,1.8048099601393803,78.39350496054703,99.81042310116966,88.1964,60.675321370636105,94.0144536808208,41.87153886952738
128,3.0,32.0,8.851241869093428,696.3650080584006,18.900000000000002,4.271428571428571,7.0,115.54758758211086,51.38692642267921,5319.136961820514,41.79179305560516,120.89688248704438,1.4419945787442772,173.6113691641803,2.0707453161163785,85.3433663248283,99.89323238391006,88.229,59.13487067537454,93.95722048259348,44.479597034639305
129,3.0,32.0,9.851241869093428,765.5597026411311,21.58571428571429,3.971428571428572,7.0,130.60120749387113,41.03955927960279,5981.314468977515,42.7468721897482,138.45924025331814,1.7275123856850558,180.86014686463088,2.256535159472541,89.12691389761893,99.9453638630696,88.22,57.830054507223394,94.06155740952113,45.4456351425681
130,3.0,32.0,10.851241869093428,780.1534256892852,23.671428571428567,3.242857142857143,7.0,151.9326442934667,33.26342074123409,6105.439483084505,42.817734278147185,144.30262442275637,1.8641633973327012,184.96698171293855,2.3894830631368,91.29464074691407,99.95650194042125,88.2798,56.53763426237571,94.00877136717874,45.54653109007244
131,3.0,32.0,11.851241869093428,784.159516791838,25.07142857142857,3.4000000000000004,7.0,179.9935267552112,30.209522519230024,6151.960336999635,42.92357448045795,142.28328885910418,1.9011866921263703,181.44686866929212,2.424489726152309,92.09960708682637,99.96256822791185,88.16040000000001,56.252879354207664,94.01180452735495,45.65764341643748
132,3.0,32.0,12.851241869093428,831.34480021201,26.9,2.8714285714285714,7.0,208.0819455166302,33.23192834585913,6514.708367733818,42.874647855395075,151.39585455793542,1.9640899003473944,182.10958259355968,2.3625454803428267,90.98416036134023,99.96031943984653,88.2044,56.79385364990574,94.10561799547877,45.560136332620395
133,3.0,32.0,13.851241869093428,819.9892033161678,27.78571428571428,3.542857142857143,7.0,229.45429123473744,40.98639275403021,6405.798503095215,42.74171175181375,146.6817864156484,1.8364024989268444,178.88258262723915,2.239544729979539,88.7438734128143,99.94563543120164,88.2928,58.027895128098194,94.05623493846497,45.442720283006174
134,3.0,32.0,14.851241869093428,740.418353436674,28.5,3.471428571428572,7.0,244.53998808287244,51.31882993389165,5644.09687709621,41.70652978673179,125.20004545090774,1.5185752582718846,169.09365478285076,2.0509692273609534,84.91157912180519,99.88689423817942,88.236,59.28369954683773,94.00425642674506,44.36663973745971
135,3.0,32.0,15.851241869093428,646.6302103145188,28.57142857142857,3.242857142857143,7.0,255.86647246448314,62.890726829567356,4641.061485627723,39.26884275259128,98.60746853333973,1.160850436542361,152.494373075111,1.7952307486186385,78.0810674228935,99.80505496996487,88.23,60.75995366690135,93.99745813397129,41.77649431394493
136,3.0,32.0,16.85124186909343,397.93869204861556,27.699999999999996,2.371428571428571,7.0,265.2656177897629,75.01723866783726,2271.3616353537723,31.228914558363613,46.17711942987608,0.5279553969250823,116.0407880725373,1.3267254666972237,60.39941698584946,99.76321966819002,88.183,62.50446153531376,94.02812987608161,33.21231061334494
139,4.0,9.0,6.813097200969878,452.8149801481728,14.914285714285715,6.042857142857143,7.0,92.27243710942906,73.39056261016344,2716.508209078744,32.82290437678433,54.38284405738731,0.6186390800323098,120.0994808952474,1.3662071864978387,63.02158975612365,99.74636432871546,88.2368,62.95047322554622,94.0030250195832,34.91685971802129
140,4.0,9.0,7.813097200969878,576.9530951562596,17.142857142857142,6.628571428571429,7.0,101.48398439743386,61.16880941770065,4159.220835299347,39.44193781786247,89.57029045141137,1.0397100972512179,155.2470923605194,1.8020704039548086,78.42992324001176,99.8168381919572,88.228,60.701243607096465,94.07378585565328,41.92659778610604
141,4.0,9.0,8.813097200969878,707.7229583424414,19.199999999999996,6.857142857142857,7.0,112.58178370950127,49.39162970166956,5370.212813730627,41.51595034860225,122.21045567932269,1.4525798194491466,172.68120842872176,2.052469546630556,84.59728893159473,99.90231564060315,88.24340000000001,59.22579210773482,93.99177963602098,44.16976730238638
142,4.0,9.0,9.813097200969878,688.2849139978417,21.34285714285714,6.100000000000001,7.0,127.5722255485187,38.70968972226294,5345.025846609258,42.48819978941729,123.19333331139488,1.540743594268763,178.98595596965413,2.2385258821372256,88.47026737813177,99.95737145111661,88.2038,57.93036333651671,94.02917278511993,45.18618906338079
143,4.0,9.0,10.813097200969878,664.8031773145042,23.0,5.814285714285714,7.0,149.62086140598095,30.487666220509812,5143.430234847154,42.32983139823879,122.22625275399238,1.5758506809757329,183.85329210929712,2.3704018493735806,90.47967757693644,99.95555636178935,88.2016,56.48689237135105,93.94299621286662,45.0590603926695
144,4.0,9.0,11.813097200969878,737.0513887265291,24.771428571428565,5.742857142857144,7.0,179.99470755825806,27.178206943308403,5718.006627733596,42.44569579722951,133.64028253758414,1.7807016712842547,181.31745571836808,2.415980348888475,91.38955447591445,99.96415738085732,88.1632,56.057078278392765,94.01020160310905,45.15009549328077
145,4.0,9.0,12.813097200969878,788.2242056007515,26.171428571428567,5.371428571428571,7.0,210.40060236917307,30.458604921311903,6118.363195597199,42.469021803810996,144.2314772908073,1.864866685517852,182.9828064984126,2.365908928280791,90.56039518210798,99.96100321496752,88.2124,56.5896255301776,93.98031246743462,45.18927495429115
146,4.0,9.0,13.813097200969878,727.2187454775982,27.45714285714286,5.457142857142858,7.0,232.49002430136343,38.66149687313915,5631.3178117915895,42.36739331690161,130.16743414038226,1.6241855236498535,178.99350773046322,2.2334208706118757,88.254738629294,99.95124738663317,88.2004,57.88260543074093,94.07773801731605,45.03445151827888
147,4.0,9.0,14.813097200969878,643.1152386826446,28.028571428571425,6.485714285714286,7.0,247.50983927928772,49.33005341273585,4904.742482734835,41.72671364856491,107.66578112401194,1.305154095307609,167.4128906423586,2.0294249254318446,84.46292821515739,99.91230753543388,88.263,59.61653603309384,93.96879018206995,44.404864176411124
148,4.0,9.0,15.813097200969878,531.1503293392041,28.014285714285712,6.699999999999999,7.0,258.6292038924015,61.09461481853691,3814.612690650039,39.29341415866076,80.68613645702473,0.9482120684622143,151.9082866001516,1.7852047077554678,77.91952550093153,99.81982635339871,88.2482,60.87761042216299,94.03579566856747,41.78559226228255
149,4.0,9.0,16.813097200969878,321.3723809748071,26.985714285714284,7.428571428571428,7.0,267.8598412307766,73.30173739497211,1916.108387695815,32.621076838172534,37.793090298401694,0.43884154418040705,117.5990612004843,1.365523517762432,62.76905298859443,99.75110788725051,88.23100000000001,62.74255380552973,94.11342868422292,34.66144767461978
152,4.0,16.0,6.783392889369679,444.56956918551015,13.085714285714284,6.928571428571429,7.0,90.05982852492734,71.97156070477043,2729.474666622744,33.591245542526096,54.04799240011019,0.6183603452709583,121.57375615953828,1.3909191904516718,64.43794992197542,99.76015651034523,88.2242,62.94894140157204,94.09165568651517,35.70055739527204
153,4.0,16.0,7.783392889369679,546.8057441925777,15.314285714285711,7.6,7.0,99.09437325172115,59.70188320444343,3943.8817760830307,39.461863613018934,83.73397142481382,0.9787129788537924,153.1329403798725,1.789873258004954,78.19216136431338,99.83569628514967,88.2512,60.95779865662121,93.96770661880255,41.995133256899955
154,4.0,16.0,8.78339288936968,663.1134204759019,17.599999999999998,7.514285714285715,7.0,109.95719883777171,47.78086389246822,5011.783551395122,41.35149929651148,113.60035923938322,1.3504601224037214,171.31361805021945,2.0365447006554716,84.0665581664833,99.91203509527642,88.217,59.3602860922584,94.0160321713768,43.98345509958774
155,4.0,16.0,9.78339288936968,704.8584432928644,19.685714285714283,6.785714285714286,7.0,124.78876787727535,36.822917272450944,5416.721945014126,42.045682632961956,126.77959095338794,1.575261873073037,179.86532212214954,2.234862741678935,87.81801035327553,99.9521898628914,88.2658,57.71403570019813,94.03111706410775,44.71464760361871
156,4.0,16.0,10.78339288936968,720.4798246834805,21.44285714285714,7.871428571428572,7.0,147.36871323254658,28.19765277301291,5546.330421296597,42.11828574545675,130.6259450859651,1.7026421198541821,181.30409847819317,2.363205826897627,90.07178180325562,99.96464749473112,88.254,56.38950475387314,93.99458073023455,44.80927029861081
157,4.0,16.0,11.78339288936968,792.4118111738477,22.528571428571425,6.771428571428572,7.0,179.9940075331908,24.63721417724748,6100.508164527201,42.12130752831606,142.4572103886632,1.9065994455819693,179.77673777682935,2.4060714627128132,90.78024519456382,99.96395481429929,88.2226,55.97749425110102,93.98829177385703,44.815483645200324
158,4.0,16.0,12.78339288936968,778.7354577564856,23.557142857142857,7.914285714285714,7.0,212.6540736680688,28.1700449396388,5990.019702077103,42.08478112282787,139.6307805294512,1.8358363220002472,179.30451110024376,2.357458240426394,89.91936619780842,99.95716480896412,88.2452,56.471905985212125,93.95813090716368,44.790994367917115
159,4.0,16.0,13.78339288936968,718.5797416660693,24.057142857142857,7.871428571428571,7.0,235.27528282501376,36.778013085592306,5534.7210855431,42.1412624998296,126.1644179789421,1.5959361283254587,175.57469361218352,2.220958977531411,87.67921790114974,99.96442458465135,88.2632,57.970482297765656,93.96774874678387,44.84651708895168
160,4.0,16.0,14.78339288936968,629.2653806688097,24.042857142857137,8.185714285714285,7.0,250.13415833318868,47.72371531740588,4762.263944439058,41.40629712806452,104.96406690703998,1.2699139256446303,166.80413404513013,2.0180896083857536,83.78110381624484,99.92769292841373,88.2348,59.627088271653946,94.00499868755921,44.04690995814492
161,4.0,16.0,15.78339288936968,589.3127810864396,23.471428571428568,9.414285714285713,7.0,261.01633631082973,59.632602207497726,4234.639384617869,39.314915246940856,88.80590320940946,1.0469346524821224,150.69400505057692,1.776534780990198,77.76692865354202,99.82572277456595,88.2502,61.05607039561208,93.98864434950417,41.82943111802449
162,4.0,16.0,16.78339288936968,493.50383994655033,22.21428571428571,9.557142857142855,7.0,270.0678741847083,71.88775750198153,3001.2770123087853,33.27379351445189,58.629530233702596,0.6848877146378607,118.80258163756649,1.387806252352643,64.086659311348,99.74156337142948,88.1454,62.784925885147004,94.05967499411221,35.37519507327099
165,4.0,24.0,6.255680900399966,407.3129728659412,14.0875,6.512499999999999,8.0,83.49488190550092,76.6122697166217,2159.940371004086,29.013511256862657,39.85577636908583,0.46591518441195434,97.85049586967993,1.1438751413530373,54.609556469842566,99.72310162465189,88.19120000000001,64.23459583612858,94.04627879148345,30.850249079169345
166,4.0,24.0,7.255680900399966,613.2292300630436,16.725,6.5875,8.0,91.91268096559747,64.31481776808025,4220.53795333443,37.65578745554718,85.54645205532262,0.9972093837549402,139.50158906568745,1.6261608789463953,73.25544118783422,99.79982699980526,88.3236,62.02539400182423,94.01902936345645,40.05124038238936
167,4.0,24.0,8.255680900399966,682.139887124549,18.9125,7.550000000000001,8.0,101.39153975902589,52.08929689472389,5058.821721643551,40.57538985380781,108.9322620991944,1.2889326761378508,159.69196957295787,1.8895430401689883,80.96326877712778,99.89045085257816,88.17960000000001,60.556520554477025,93.95538057742782,43.18580756571997
168,4.0,24.0,9.255680900399966,715.6654511763488,20.525000000000002,7.6,8.0,113.53389776113687,40.33855291103497,5429.180100061141,41.506008251624095,124.96813983823473,1.5215650469793074,174.61809792944865,2.1260842541417793,85.43143473494172,99.9469710017495,88.2536,58.55262859552778,94.06862688150808,44.123114823294294
169,4.0,24.0,10.255680900399966,677.9340049630521,22.275000000000002,6.6625,8.0,131.5777924463656,29.915077895662318,5161.823669312172,41.6583934858303,122.74121391231982,1.5551915896925943,181.051862000947,2.2940161996702813,88.40127468653114,99.96145474333393,88.208,56.83557511284506,94.03362719548551,44.301591598957586
170,4.0,24.0,11.255680900399966,717.9757855040975,23.3375,6.3125,8.0,160.9416225363865,22.939178199787523,5482.95469070758,41.78223151850896,129.9352556328635,1.7162725235598386,180.9744259573249,2.3904323212722662,90.03471801225025,99.9657896585083,88.2774,55.90976257603641,94.05741525939018,44.42204945062812
171,4.0,24.0,12.255680900399966,733.7663376364501,24.412499999999998,6.8125,8.0,199.05680703247714,22.92476638623678,5602.568281541982,41.7749699061586,131.12025841223328,1.7588269832986483,178.69484015114057,2.3969851069538595,90.18814827818473,99.96281878920747,88.2166,55.85878585409112,94.0343169895896,44.425238831461336
172,4.0,24.0,13.255680900399966,732.5582393247,24.6375,7.0,8.0,228.46701968145882,29.880319788679746,5595.612309226687,41.791911069118456,131.9915407412684,1.6752610319090988,180.1789040867839,2.286863954261736,88.45260746345535,99.960091698393,88.20219999999999,57.00613608266132,94.00564259081666,44.45681122677744
173,4.0,24.0,14.255680900399966,677.4936746084525,24.537499999999998,6.75,8.0,246.54330405847747,40.29154086946652,5133.988676426115,41.46068119860156,115.48217048707531,1.4304967110028353,170.45497960378233,2.111453973101033,85.13416973700741,99.94945557076673,88.2392,58.73511530184388,94.01403828482738,44.100521533806685
174,4.0,24.0,15.255680900399966,663.3394842768998,24.275,7.15,8.0,258.70548153868214,52.03144242146894,4893.251366270429,40.35974827441281,104.96543166896373,1.2535673248712955,158.2378769196674,1.8897824637075502,80.62951401118913,99.8832895574748,88.2526,60.42228212039533,93.98032368292591,42.944891752639556
175,4.0,24.0,16.255680900399966,592.3324740118032,23.6625,6.5875,8.0,268.19963384056086,64.24439726024035,4052.5163179064293,37.43225586983042,81.5145006753303,0.9571899210240565,137.61612650280927,1.6159673207533491,72.86679566958357,99.7983985140385,88.293,61.97310333087442,94.07261992836162,39.790808312063504
176,4.0,24.0,17.255680900399966,368.083340606159,22.112499999999997,6.324999999999999,8.0,276.63199484352765,76.52587832266812,1935.6755057799487,28.772206215798704,35.84868841439773,0.42155540337353264,97.39285770272072,1.14527161886576,54.384663483222205,99.73704092768511,88.1506,63.975850443818615,94.05868422736938,30.58963290008102
179,5.0,2.0,6.236362595637274,431.21406493162175,13.628571428571428,7.528571428571429,7.0,81.32207171197467,75.24215332680456,2366.7376674680618,30.029214807565094,43.64338508986097,0.5111523252135467,101.21048601877483,1.1853795290619773,56.588640532254466,99.7459816335649,88.1826,64.09310743918162,94.12935429282985,31.902072454620583
180,5.0,2.0,7.236362595637274,595.2829640450169,15.571428571428571,7.7142857142857135,7.0,89.54058480206446,62.975060568826486,4102.979834590226,37.71053554952526,81.76467633456062,0.9621928099943955,137.35430253027928,1.6163620800705996,73.25990393302624,99.82697274877486,88.1942,62.20354923127249,93.99251346663014,40.12078638892183
181,5.0,2.0,8.236362595637274,662.928530542893,17.285714285714285,7.2142857142857135,7.0,98.71381262223757,50.70076486807685,4863.327020332391,40.13779724712234,105.06749969865776,1.248900045823891,158.48993497476218,1.88391355671648,80.22745801943304,99.90224407680758,88.1788,60.41733357852986,94.00036074493829,42.69962043659888
182,5.0,2.0,9.236362595637274,686.2246570376265,18.87142857142857,7.800000000000001,7.0,110.4404150517562,38.783116207416874,5175.581616595809,41.264787634177566,118.92602976683067,1.4470568442568887,173.30480411506085,2.108721727522456,84.87239279918381,99.95148140422792,88.2136,58.645038947134424,94.02798030471224,43.88564712381636
183,5.0,2.0,10.236362595637274,693.802593239692,20.785714285714285,7.657142857142858,7.0,128.21117668133368,28.007575126229646,5248.592055384609,41.38983275647993,123.19810894482083,1.580344028937455,177.56939819084658,2.2778006948029446,87.71857199030183,99.96895338929276,88.2544,56.87465288403777,94.03333678764737,44.01612680186957
184,5.0,2.0,11.236362595637274,760.0778298993015,21.94285714285714,6.857142857142857,7.0,158.973412429118,20.539920830640394,5757.227985767277,41.44213625711655,137.65323991458374,1.8080177049336568,181.10413762866975,2.3787270642707616,89.40821084302712,99.96194256045017,88.2876,55.87644752645773,93.9943057842525,44.090049829443636
185,5.0,2.0,12.236362595637274,789.7402508197481,23.21428571428571,8.028571428571428,7.0,201.01604617546076,20.52572818041853,5959.112075998471,41.28421696462588,140.46701315819206,1.882313412798729,177.86482709015746,2.3834588788464224,89.31608556123166,99.96464957760777,88.2592,55.74942195221472,93.97396851988144,43.93154574066078
186,5.0,2.0,13.236362595637274,798.6272633607356,23.642857142857142,8.914285714285715,7.0,231.82935116612308,27.974703077911748,6040.099250638726,41.379640631117226,138.88550766349076,1.816306128302376,173.90529228746968,2.2742851535760313,87.66167264312878,99.96215709112664,88.2596,56.94793610061411,93.95099814899588,44.043854186087195
187,5.0,2.0,14.236362595637274,776.8052290004896,23.7,9.114285714285716,7.0,249.63093342061347,38.73950954093541,5854.642851499197,41.235858283566486,132.84693174282233,1.631438951507755,171.01704105899964,2.1001904861105496,84.68052333787818,99.95783957277435,88.23440000000001,58.72023148127151,94.02621375720221,43.855704314593766
188,5.0,2.0,15.236362595637274,654.5326281016777,23.628571428571426,9.914285714285715,7.0,261.37500697964896,50.647303424990575,4800.59572710257,40.12828553531777,101.03080881010415,1.2307741051200773,154.35564931746936,1.8803861752311055,80.02641510080562,99.89718550995082,88.3144,60.4944708672056,93.95432674291368,42.71041784496036
189,5.0,2.0,16.236362595637274,533.59361993268,22.542857142857144,9.942857142857143,7.0,270.5613100098328,62.9098408051181,3642.0299814866476,37.343899024372284,71.62620235876001,0.8560374350684627,134.23361840007874,1.6042872386226494,72.63993305602898,99.80651366199548,88.17160000000001,62.12315769138988,94.03793740511077,39.711525002400485
190,5.0,2.0,17.236362595637274,395.77028404630664,20.528571428571425,8.757142857142856,7.0,278.79206011933536,75.16185503123651,2155.9411824751896,29.80440782919634,39.18425789142338,0.4688514245876457,99.00757957572851,1.1846554516275616,56.34444395350256,99.7364194786459,88.1704,63.92867702244763,94.09295309653916,31.67549412400425
193,5.0,9.0,6.227328505702189,468.38910977647583,19.142857142857142,7.000000000000002,7.0,79.595074830409,74.17457009961046,2635.9145484729524,30.79011491072878,48.15524352854909,0.5666163588965467,102.81033978678472,1.2097129225889705,57.97488751657668,99.7571362486054,88.1976,64.13800785148108,94.11420713511062,32.715692824704355
194,5.0,9.0,7.227328505702189,669.2834526678781,21.71428571428571,6.628571428571429,7.0,87.63665583777045,61.94567972977437,4599.009202448682,37.59594127266108,91.96088030731852,1.0775491573487455,137.40199304307725,1.6100041814173809,73.05743648109062,99.80940193048616,88.1436,62.26249096340349,93.94805735379492,40.01779529200923
195,5.0,9.0,8.22732850570219,753.9245481096683,23.857142857142854,6.628571428571429,7.0,96.5353507783608,49.649381591859544,5512.3038793235355,40.002951750053754,118.52498551845385,1.4064942989971223,157.2106728924455,1.865563739134979,79.67572728623337,99.90276937303244,88.2438,60.63726491072846,93.92142410852917,42.591934832492626
196,5.0,9.0,9.22732850570219,824.3940886006616,26.0,6.0285714285714285,7.0,107.8633322894482,37.616985442343044,6182.278691216747,41.0299021642299,140.19386271088868,1.7277962807755232,170.05685102480024,2.0958377851887677,84.33100700923245,99.95465335893907,88.2094,58.67681984906328,94.04349086691795,43.628646476226415
197,5.0,9.0,10.22732850570219,855.2214644986269,27.71428571428571,6.0285714285714285,7.0,125.26463341275166,26.568729005873998,6429.408030544016,41.13193753675096,150.90935532391345,1.9468550182311437,176.45646372122334,2.276433764875729,87.40949736434627,99.9587448459392,88.23140000000001,56.75559838993141,94.0086623674474,43.753348362707705
198,5.0,9.0,11.22732850570219,835.7125326779312,29.428571428571427,5.885714285714286,7.0,157.0993898047503,18.670714759553,6277.391332949125,41.09689965410869,149.06682154429228,1.978441163439935,178.3709298538664,2.3673704606299006,88.77984319585897,99.96716046754435,88.3082,55.77463320918178,94.01552478400565,43.712886513717876
199,5.0,9.0,12.22732850570219,848.6510000971933,30.57142857142857,5.371428571428571,7.0,202.9025006979669,18.659198756068413,6345.951682276701,40.9123480506464,149.32452377083388,2.0103210493576484,175.95516149009688,2.368843080521218,88.71539853641308,99.96643069867243,88.17580000000001,55.66138982735501,93.99348597936547,43.5267908455145
200,5.0,9.0,13.22732850570219,799.6709500527853,31.285714285714285,7.214285714285716,7.0,234.78223453982736,26.54281425592802,6004.543013492963,41.0823626848882,138.64025034022043,1.8083995375166744,173.37162282945124,2.261429575999108,87.02784113224634,99.96059202554723,88.307,56.896282181706134,93.99166925509124,43.70851481889487
201,5.0,9.0,14.22732850570219,736.5162772439598,31.142857142857142,6.257142857142857,7.0,252.20772983972375,37.58254786382184,5525.186748546293,41.04416112427577,123.3905655400758,1.5326721469625448,167.53270681511978,2.080975253795878,84.0390363605527,99.96012795302349,88.28240000000001,58.82430264076367,94.08331214313785,43.62533608705378
202,5.0,9.0,15.22732850570219,724.597689457897,31.0,7.2142857142857135,7.0,263.5491781713556,49.60635201046935,5298.97671928897,40.01122408883188,109.98604073991993,1.3474307111194286,151.78911324186703,1.859557007596174,79.58568195509422,99.9054861118981,88.241,60.7055999709611,93.94169285791698,42.59155106917994
203,5.0,9.0,16.22732850570219,678.8275512016008,30.0,7.885714285714286,7.0,272.4582979023941,61.891913403042814,4654.698605243116,37.51620294425606,89.5623499197124,1.0868744514390083,131.93682218875324,1.6011053904855785,72.69849345464421,99.81134639338694,88.31,62.30551578450571,93.96739150227064,39.92470403240843
204,5.0,9.0,17.22732850570219,509.9624320290449,28.0,7.814285714285714,7.0,280.5099581392133,74.10682605863093,2840.7766944326336,30.477945236688505,50.61884634861788,0.6155105663945579,99.25995165411496,1.2069723723482078,57.60860035816613,99.74060928450828,88.1296,63.982434784587205,94.0684053683065,32.39976814463693
207,5.0,17.0,6.226478942538506,518.381266354056,18.57142857142857,7.885714285714286,7.0,77.85710612837465,73.12666817185908,2962.4031382282374,31.266670178081938,53.123521860862034,0.6359832488225649,102.47963286655212,1.2268638743364355,58.85911872864682,99.73566803895609,88.22240000000001,64.16514754083455,94.08909923058394,33.23091668829434
208,5.0,17.0,7.226478942538506,671.4206513573785,21.0,8.1,7.0,85.70489599341127,60.948979105772935,4629.8831313960045,37.727854209221995,90.82552704896499,1.072306642080237,135.27365723015436,1.5970712844658663,72.90350259944269,99.82276013689626,88.242,62.521456401500366,93.96794038393097,40.14970856557548
209,5.0,17.0,8.226478942538506,740.2298628970792,22.285714285714285,7.428571428571429,7.0,94.2995936161938,48.64633610428306,5418.548008483758,40.05005302874735,114.06440565152566,1.3721414145373463,154.09322342806516,1.8536693577412822,79.39381864681266,99.90466442329901,88.3196,60.79079371771421,94.0450045675721,42.586050383963844
210,5.0,17.0,9.226478942538506,723.6576227647673,24.57142857142857,6.185714285714285,7.0,105.16297027054561,36.51677132336577,5395.626288960095,40.79392493724428,120.12550741532645,1.505777004616356,165.99770891154495,2.080786489698631,83.81463715440682,99.95805350105886,88.2076,58.7141291995291,94.01760912985864,43.38966424991625
211,5.0,17.0,10.226478942538506,742.36925844376,26.57142857142857,6.1,7.0,122.02982965217983,25.205209571054144,5521.504592430422,40.69342366182951,130.69036041613333,1.6795901145653485,176.0449519287767,2.2624726111184867,86.6525494485484,99.96372507232314,88.21520000000001,56.65296791225539,94.00140917243147,43.29022726370361
212,5.0,17.0,11.226478942538506,821.4196845132238,28.285714285714285,5.800000000000001,7.0,154.8357180053582,16.83490660190278,6131.673265084285,40.84140465547568,147.10595654584827,1.9407220149883035,179.08744983756236,2.3626436662987715,88.31299578230357,99.97102144865589,88.3412,55.70544728224686,94.00283759446792,43.44699128303676
213,5.0,17.0,12.226478942538506,862.7358968869131,29.285714285714285,6.185714285714285,7.0,205.16856137014446,16.82535914502411,6423.120961515962,40.73380723051372,149.96980917662097,2.035997647014595,173.83049635209386,2.3599315321887806,88.28689416644352,99.9691604382846,88.19839999999999,55.6517320848531,94.02716186252772,43.32131952474384
214,5.0,17.0,13.226478942538506,855.6376647485926,30.0,7.500000000000001,7.0,238.01487941563204,25.184554146351537,6364.093675149941,40.694286788666666,147.25741519548632,1.9262737683740858,172.10253973421584,2.251272761514154,86.42251205979211,99.96329668288108,88.2754,56.781161111929556,93.97709628103958,43.30234535760707
215,5.0,17.0,14.226478942538506,832.2409640325923,30.428571428571427,7.7285714285714295,7.0,254.90068332997288,36.48943104883377,6176.989873621488,40.6082778945479,135.858440590142,1.7209901866160409,163.24411614136974,2.067898915089504,83.32398604412377,99.95808771222343,88.2796,58.73489675054906,94.03077801702516,43.18615537478101
216,5.0,17.0,15.226478942538506,771.4224898317879,30.142857142857142,7.671428571428572,7.0,265.7742877424283,48.61175537391173,5609.452445156456,39.7845954402601,116.42085548561259,1.4209897805842149,150.91711354046558,1.842038311449888,78.91295078181858,99.91798115832356,88.27239999999999,60.83219954648526,93.96466246691766,42.339954612476944
217,5.0,17.0,16.226478942538506,699.5628522226232,29.0,7.442857142857144,7.0,274.37703447718695,60.90508124195443,4782.924913551087,37.40706160092417,92.51253564721463,1.111149263500918,132.2433507629622,1.5883480090039355,72.33197901013651,99.83100569732804,88.287,62.44789409311329,93.96005101725648,39.811665911137155
218,5.0,17.0,17.226478942538506,547.3009933643874,27.428571428571427,8.328571428571427,7.0,282.23271818275504,73.07055097941806,3107.143589170278,31.061459537747986,55.09211607217475,0.6752163147065217,100.66145821061022,1.2337202433268188,58.796228468734945,99.74424146147737,88.13,63.89540479110308,94.05700856374739,33.024077644034364
221,5.0,24.0,5.733830044862316,490.31753075352424,18.71428571428571,4.714285714285715,7.0,72.71567505816893,78.30824260891615,2328.666925517734,25.98464125018205,39.66220337168677,0.4916263719033119,80.8908531390537,1.0026693745740156,48.44554718063355,99.74786009863386,88.205,64.79826693005208,94.08116299955095,27.61938779424535
222,5.0,24.0,6.733830044862316,647.2331281228054,20.857142857142858,4.857142857142858,7.0,80.3981537220885,66.340822713151,4189.505305102208,35.41512492684953,78.5081679912798,0.9325456426506048,121.29812980831187,1.4408187747671415,67.56110319242403,99.79528683646751,88.221,63.30502814616926,94.05282233466107,37.65450525326561
223,5.0,24.0,7.733830044862316,651.5969737357763,23.57142857142857,5.9714285714285715,7.0,88.2986640387012,54.09868665676975,4614.887125854027,38.74974029934635,94.25045201184051,1.128275654811854,144.6453188256507,1.7315544735316277,76.0989554230862,99.87356772396978,88.26859999999999,61.51593180348696,93.89569726316877,41.26892011967219
224,5.0,24.0,8.733830044862316,684.218928698993,25.428571428571427,6.185714285714286,7.0,97.45198694923677,41.81272299061307,5036.737876628564,40.27550890954327,111.03218153507149,1.3489684505736088,162.2758109691491,1.9715450625410245,81.42816197993439,99.94039376378252,88.2458,59.633395772009635,94.04631069770272,42.82518751745897
225,5.0,24.0,9.733830044862316,666.7434094814927,27.57142857142857,4.785714285714286,7.0,110.11921789677864,29.855384766349925,4944.242394569495,40.57212867944531,114.29893489795607,1.4499944228560768,171.42866846909382,2.1747412906318733,85.03441162176306,99.96736632658148,88.2524,57.51544938089128,94.02942718289708,43.14833121393824
226,5.0,24.0,10.733830044862316,665.0490995501493,29.285714285714285,3.542857142857143,7.0,132.85114518614265,19.272411323801947,4925.231417898877,40.519091849010664,118.61580081812302,1.5448343696406166,178.35645653585095,2.3228876945861128,87.26431827856004,99.96649324657801,88.3404,55.92498312777147,94.01633601820693,43.09792698277867
227,5.0,24.0,11.733830044862316,604.4627006402764,30.71428571428571,3.6142857142857148,7.0,179.9864885975029,14.037033855587335,4457.319880175725,40.34512513765384,106.82709202774409,1.4298189266941328,176.73065999703147,2.3654378097765156,87.87949609156655,99.96938331186385,88.1872,55.36262395049013,94.0620146779818,42.89204869337962
228,5.0,24.0,12.733830044862316,567.1493354240438,31.428571428571427,3.028571428571429,7.0,227.16560816585346,19.257051406980267,4196.456690191752,40.48294415497136,98.68564776477292,1.316489821012968,174.00293291534592,2.321240172182624,87.38482825418188,99.9643882721734,88.1732,55.84569409746567,94.11621302063654,43.013783550868965
229,5.0,24.0,13.733830044862316,498.2863932102463,32.42857142857142,4.271428571428571,7.0,249.92507548463436,29.833381563395157,3694.6593278986684,40.567864164811034,83.01440819221298,1.0803783088148302,166.5997894451555,2.168187459132517,84.91797493314431,99.96125330819707,88.2656,57.59808866231296,94.00506891042039,43.154975189124215
230,5.0,24.0,14.733830044862316,515.6866117862425,31.857142857142854,5.157142857142856,7.0,262.6038180557126,41.78517153905696,3791.3181413009074,40.22454535719953,81.27963284350287,1.013504428629631,157.6143940638004,1.9653495077544096,81.28075540368962,99.9410609928049,88.22680000000001,59.706174553273726,94.00256050815071,42.79090392831562
231,5.0,24.0,15.733830044862316,460.5067947459277,31.71428571428571,5.585714285714285,7.0,271.76432488279704,54.064307528964285,3259.8522590022026,38.7301025337695,64.77167514782958,0.7891857683446742,140.65302811344102,1.713733168215436,75.76904009267058,99.87560779977615,88.2692,61.67442155913039,94.01196944004062,41.19699094110666
232,5.0,24.0,16.733830044862316,422.9452620758706,30.57142857142857,5.385714285714286,7.0,279.6710692580443,66.29751137883252,2710.621383590202,35.06480817709861,50.502878403291824,0.6051110359697648,119.40759935556933,1.4307076830694374,66.96485720279321,99.78123866521581,88.224,63.30747123172519,93.95803352580828,37.31964884883106
233,5.0,24.0,17.733830044862316,371.70099519025445,29.428571428571427,5.085714285714285,7.0,287.359748121925,78.25328519754014,1752.9023767724873,25.801845931043246,29.468319229860416,0.3706467713542504,79.27963500548906,0.997163785274601,48.20882631311681,99.72173802520246,88.1184,64.73190916001693,94.09127667803523,27.422144583427098
236,5.0,32.0,5.750483080988943,451.0617725844055,20.5375,5.3500000000000005,8.0,71.61407998215958,77.60531844100119,2192.291490924282,26.59188032240027,37.99942463855078,0.46346780216487526,84.24439167351538,1.0275040589438296,49.62023392522647,99.73247180184775,88.215,64.75181577421884,94.07175958432803,28.267654862523028
237,5.0,32.0,6.750483080988943,675.185385123618,22.65,5.625000000000001,8.0,79.18042500340285,65.69929845634377,4368.165309182025,35.39670235804951,81.614874382438,0.973056483342098,120.87772659281622,1.4411693510870998,67.47807207872701,99.78117120974264,88.28819999999999,63.3386684828878,94.01127634941628,37.65154961463226
238,5.0,32.0,7.750483080988943,783.7474329337185,25.250000000000004,5.937500000000001,8.0,86.90051676509492,53.489212796136336,5556.310880820136,38.787981265705625,111.30116990694633,1.3424513047951068,142.01152722162607,1.71286213949059,75.85852551377928,99.87957954893356,88.191,61.763891159428184,93.98469982317673,41.270527371669566
239,5.0,32.0,8.750483080988943,845.4394014328661,27.987500000000004,5.3500000000000005,8.0,95.76156040459698,41.192897582015675,6201.337225829879,40.13189212727945,136.53921661873613,1.6621089160667768,161.50089100097176,1.965970492089444,81.07649504084837,99.95223315652811,88.3458,59.62814653083226,94.0080298098143,42.68985554581821
240,5.0,32.0,9.750483080988943,895.2781703586954,30.2875,5.1000000000000005,8.0,107.95759363300554,29.14778928819449,6594.85872857641,40.30271219152067,152.82552999901807,1.943054202619252,170.70172719367002,2.1703357313412015,84.6009584486544,99.96328844855171,88.2556,57.43047180333518,94.02293405964434,42.864767617179716
241,5.0,32.0,10.750483080988943,893.1613827355076,32.074999999999996,5.2875,8.0,130.23885811548092,18.31289649937837,6559.535504937772,40.18184937612385,159.0568263698211,2.067176874586622,178.08296400217594,2.314449453978214,86.69634670064997,99.96876577271894,88.36460000000001,55.84296500899962,93.9545915264545,42.767307827430635
242,5.0,32.0,11.750483080988943,890.7612625240826,33.975,4.8375,8.0,179.98665837985706,12.76305630079491,6528.940387799403,40.102195769127974,157.22865981582228,2.1010521481214695,176.5104371179045,2.35871522092,87.45206922755915,99.96871195271424,88.2126,55.27107784770653,94.0817549157995,42.62483815806614
243,5.0,32.0,12.750483080988943,853.6131645157709,35.1375,5.4750000000000005,8.0,229.77354493375543,18.301302468038305,6285.631917952043,40.287898368296034,148.08761107209926,1.9750002567330025,173.48327934481296,2.3136947025100776,86.8726757668785,99.96421550419902,88.3064,55.87687539365708,94.02050067713866,42.85012106736435
244,5.0,32.0,13.750483080988943,828.5182671984222,35.65,6.462500000000001,8.0,252.07558067434164,29.131557563034796,6104.989078071393,40.31527018790492,140.130244848608,1.7988874840641678,169.13356095629467,2.1712104069195513,84.65966306016942,99.96464781518965,88.2548,57.40527477908406,94.02784085299635,42.875886356822804
245,5.0,32.0,14.750483080988943,756.2118983840527,36.05,6.9625,8.0,264.27972865991194,41.17265005599041,5539.768464215728,40.08066134560992,118.62567899348298,1.4714246023219026,156.86830536120087,1.9457834576078297,80.69065337737538,99.94677791215412,88.3092,59.86957043898747,94.00062828572618,42.63871643897947
246,5.0,32.0,15.750483080988943,596.5869264810311,35.2,7.087500000000001,8.0,273.14576979840547,53.46391249145988,4211.670532055499,38.62490548082989,82.22615296922937,1.0184146523422084,137.82761458458444,1.7070683367959951,75.45046819611872,99.88471617302993,88.3038,61.74531189768939,93.99896438893438,41.09077768241544
247,5.0,32.0,16.750483080988943,564.4271446498274,34.9625,6.562500000000001,8.0,280.87019073150447,65.66735176514625,3628.565581684926,35.173359959075135,65.664612761617,0.8049444096905481,116.33850955619003,1.4261263252849727,66.9524961722042,99.7965499585397,88.2772,63.452352845026425,93.97996422182469,37.42644536026215
248,5.0,32.0,17.750483080988943,428.4247011479041,33.35,7.65,8.0,288.4408092859019,77.56471206823728,2070.7315454245677,26.444543154861105,34.68634549530683,0.4371839781251609,80.96252480860608,1.0204453126857242,49.35009247794389,99.73770714787695,88.222,64.75646262214373,94.04348222872747,28.119485293562523
251,6.0,9.0,5.774054949586571,419.2083872068012,22.04285714285714,4.8,7.0,70.85983589997228,77.12820794903625,2065.671159276971,26.95988246369293,35.57044773913113,0.4355787702088655,84.85146963813905,1.0390507048562188,50.283653383890005,99.72751611214005,88.2254,64.82877763255101,93.99715285520936,28.68159475555732
252,6.0,9.0,6.774054949586571,620.5201230717545,23.885714285714286,5.457142857142857,7.0,78.34409861190255,65.26748874336334,4035.2373800968876,35.57951220548889,74.51164739283844,0.8909440026476014,120.07934089870315,1.4358019498822543,67.60489962774783,99.79747041912749,88.2834,63.565353000864874,93.97293050496394,37.86144798752389
253,6.0,9.0,7.774054949586571,735.6327914625623,26.685714285714283,5.671428571428572,7.0,85.93666091264258,53.08346148102246,5196.525258953197,38.6490420643817,103.93050517901862,1.2578080906050675,141.28041379502295,1.7098314610259997,75.58236445562083,99.88505486533055,88.21600000000001,61.71394978811684,94.03446183269277,41.10093396732204
254,6.0,9.0,8.77405494958657,792.259202775903,28.4,4.714285714285714,7.0,94.58871243188591,40.78544830576281,5801.986188679012,40.067862031378596,126.49672382009662,1.551049849220717,159.66583079991975,1.957755547409456,80.87132967750375,99.95152986688834,88.3018,59.71696937422812,94.00367323396375,42.623719534506435
255,6.0,9.0,9.77405494958657,836.1374568547805,30.328571428571426,4.728571428571429,7.0,106.43519400624244,28.687233749389474,6146.146856749033,40.217218028623485,143.22390740203159,1.8126359956747657,171.29229916428272,2.1678684297832893,84.37013407141012,99.96219940605535,88.3584,57.38488536654401,94.04638829480795,42.76317119436236
256,6.0,9.0,10.77405494958657,827.7183373118158,32.0,4.371428571428572,7.0,128.31337610469458,17.683335349382926,6061.8803474991355,40.06928147582278,145.67777827429376,1.9068471662170523,175.9992158049948,2.3037391830775764,86.46279783660628,99.96557027627588,88.2958,55.844532512173515,94.01802342802192,42.61872353283295
257,6.0,9.0,11.77405494958657,771.877764148305,33.34285714285715,3.557142857142858,7.0,179.9882654228379,11.899126521601678,5632.525565638947,39.92467716379894,135.94402562807267,1.817536689509695,176.121183874333,2.3546949710556526,87.18815577553633,99.96848351279593,88.2078,55.22386028577909,94.03446661354845,42.45749308907826
258,6.0,9.0,12.77405494958657,703.92120865526,34.285714285714285,4.785714285714286,7.0,231.6934512447001,17.67587165984174,5157.14300467771,40.0840777211367,121.48763811716422,1.6215800921488601,172.5869836330814,2.303638634850419,86.49509893949991,99.96669777894574,88.28240000000001,55.827224003716594,94.05998067758357,42.615443286700106
259,6.0,9.0,13.77405494958657,661.667037338032,33.371428571428574,5.528571428571429,7.0,253.5849302975409,28.676993147550586,4856.39947023186,40.157038316691,109.90528181709068,1.4302275381506513,166.1036074265588,2.161551743463953,84.35856360695381,99.9594058283252,88.19,57.42392308023895,94.03653776253616,42.70365463485773
260,6.0,9.0,14.77405494958657,583.7032429357912,33.01428571428571,5.914285714285715,7.0,265.4363375695745,40.77277059967793,4254.048336962644,39.874668517583785,91.29205632200957,1.1358765863563522,156.4014889875332,1.9459829975303073,80.51487244234944,99.9498915071773,88.2086,59.74384218573483,94.02310110721284,42.409437731813824
261,6.0,9.0,15.77405494958657,521.6793077059026,32.957142857142856,5.242857142857143,7.0,274.09136403327784,53.06768692847803,3673.2078314963255,38.52375944586201,72.34478825272132,0.8875956383003708,138.67674485855935,1.7014200586248938,75.14836930270604,99.89183024136791,88.3796,61.76906347696072,94.00611015143346,40.98005904489026
262,6.0,9.0,16.77405494958657,495.15967456472055,32.857142857142854,6.257142857142857,7.0,281.68647475741915,65.24763318128987,3178.8370167903013,35.12446875440864,56.55550912528181,0.7053145347124219,114.21671034701684,1.424418366322827,66.93894076582859,99.79956784651068,88.2094,63.417870198085716,93.98872258563742,37.37093960650984
263,6.0,9.0,17.77405494958657,349.5328999478682,31.44285714285714,5.885714285714286,7.0,289.1732217147571,77.10304205586479,1716.0188428138429,26.860912600903273,28.40941505663992,0.36040706115150023,81.27822891887172,1.0311105512678602,50.05275784102784,99.7385534956282,88.2016,64.82181628036511,94.10918834744425,28.542284842299082
266,6.0,16.0,5.798259523703564,504.34935201425066,20.957142857142856,7.171428571428572,7.0,70.50093421531767,76.90361011070598,2504.0241296534055,27.16400576710616,42.721064695021816,0.5259870822474237,84.70530302934682,1.0429022663492222,50.57777097216801,99.72542782965651,88.2828,64.86840132484633,94.0413654956015,28.88516731328904
267,6.0,16.0,6.798259523703564,716.3751166538456,23.157142857142855,7.457142857142857,7.0,77.94620982630413,65.06571022353137,4654.905080343279,35.55143284629344,84.63841727650505,1.0260598078982766,118.14818146091828,1.4322940370834678,67.55693717418809,99.78801118212674,88.2122,63.598833061441496,94.00067877748603,37.820400138225715
268,6.0,16.0,7.798259523703564,821.1412768636944,25.885714285714283,8.17142857142857,7.0,85.4779738027773,52.8955488962522,5810.817208191473,38.71739256664408,115.9519272414246,1.4016411954352028,141.20825552004501,1.7069428062229404,75.61400001297571,99.88845535607001,88.2158,61.83477951006271,93.97436462141567,41.1999514150701
269,6.0,16.0,8.798259523703564,867.6014918368255,28.42857142857143,8.314285714285715,7.0,94.02951818795924,40.59860481170554,6341.601693311025,39.99129269280384,136.64642353103122,1.6913530525435518,157.49906473965703,1.9494584419890022,80.67379849107925,99.95104738205478,88.2486,59.78046695553787,94.01095399927175,42.53897124915213
270,6.0,16.0,9.798259523703564,865.6365278916409,30.5,7.428571428571428,7.0,105.7041750203054,28.477711454268107,6343.219992618051,40.09229995145215,146.45954864201926,1.8768585130974538,169.19289323284292,2.168183126084989,84.28453691667924,99.96580236484573,88.31020000000001,57.32736746714998,93.99153503554732,42.65522415001453
271,6.0,16.0,10.798259523703564,871.2911401329059,32.857142857142854,8.085714285714287,7.0,127.36362923166138,17.395790224231337,6376.331960544976,40.04002986050624,152.60249472412883,2.0077968992932913,175.14523870959025,2.3043926499551275,86.41571422514306,99.96196039805726,88.32900000000001,55.789995854823694,94.06049533089728,42.56838082730547
272,6.0,16.0,11.798259523703564,877.4003149712238,34.214285714285715,7.057142857142858,7.0,179.98579279484775,11.495407768898732,6386.29351845667,39.82335642264989,154.39630279301255,2.065844312726277,175.9701930333548,2.354506007664279,87.06614112763206,99.96802808086855,88.2024,55.213202955059415,93.95158142955151,42.38710601429414
273,6.0,16.0,12.798259523703564,843.736889795555,35.8,8.97142857142857,7.0,232.6317863464181,17.390411029541546,6153.29267690015,39.90132397787053,145.30549910463165,1.9469778218324263,172.21660076975,2.3075651253131726,86.36089426632584,99.96510223459003,88.2578,55.68590114137396,94.04233665784652,42.4291073530459
274,6.0,16.0,13.798259523703564,825.1794734768353,36.58571428571428,8.442857142857141,7.0,254.300860783319,28.470726578339963,6043.89946606113,40.073344233261565,136.90247666139504,1.7872095447778114,165.90630409717556,2.1658434343349944,84.30139859487284,99.9659940285514,88.2198,57.356973255410495,93.97584168594192,42.64217645124453
275,6.0,16.0,14.798259523703564,774.0249772115352,36.42857142857142,8.314285714285715,7.0,265.97870971648484,40.59051448971726,5639.782146427208,39.86521629019825,120.81392575520148,1.5066957330164905,156.08530643344335,1.9465724974979999,80.4808358942747,99.94968941143411,88.2518,59.71358412106014,94.04235283396429,42.39070492056059
276,6.0,16.0,15.798259523703564,744.788311233345,36.199999999999996,9.128571428571426,7.0,274.53186651750485,52.88617207498997,5241.749580082932,38.506158000040784,102.6948463503602,1.266285005538563,137.88461070273902,1.700194520294816,75.15831078952556,99.88562550392723,88.3064,61.79961771048031,93.98795830535713,40.96924616123512
277,6.0,16.0,16.798259523703564,660.748189124668,34.74285714285714,10.742857142857142,7.0,282.06477461985196,65.0546865935354,4257.459158901621,35.25342207022098,76.14548284014116,0.9389200761004973,115.24130386345145,1.4209953073716932,67.04389298022726,99.79408563134979,88.19200000000001,63.565669511784975,93.99081945646034,37.50730366443026
278,6.0,16.0,17.798259523703564,494.3509160242828,33.099999999999994,10.057142857142855,7.0,289.51100497264656,76.89047431227151,2439.709169921963,27.001599226129375,40.58449836542193,0.5133795771714712,82.09653719631906,1.0384922137906054,50.33855187570726,99.72643598443382,88.24260000000001,64.78229842320331,94.09007668937646,28.6976057159257
281,6.0,24.0,5.827173857927846,494.7604475093367,22.9875,6.462500000000001,8.0,70.44580378107037,76.86985483484555,2457.769765445466,27.178970066711834,42.0998001473474,0.5159140809533818,85.0912807587614,1.042755304209409,50.609402880845224,99.73033239365125,88.2568,64.85478102405395,94.07719096635859,28.89007397811321
282,6.0,24.0,6.827173857927846,707.359504765509,25.737500000000004,6.850000000000001,8.0,77.88702344963183,65.03643969893984,4592.426358317884,35.521294063990375,83.9030186958796,1.014576013691289,118.6143935730299,1.4343145272750988,67.53765403422081,99.79373451592211,88.2358,63.531159359391644,94.01733236089065,37.781644269207675
283,6.0,24.0,7.827173857927846,802.0779857270445,28.262499999999996,6.137500000000001,8.0,85.41196159466408,52.86927216928745,5670.4941769898105,38.680411333903045,113.2480531027047,1.3693781223099128,141.19331925068468,1.7072880027602784,75.60970197017679,99.8890897420486,88.1794,61.797469619080495,93.9848104614548,41.15602419581057
284,6.0,24.0,8.827173857927846,856.7119543171139,30.837500000000006,6.200000000000001,8.0,93.95170359645874,40.57343435917831,6254.851315256573,39.94559874027586,134.7865105101562,1.6685661328051322,157.33002187134727,1.9476396055838257,80.5985301814239,99.94832837769236,88.2496,59.75647362931387,94.03046240010929,42.481550893904185
285,6.0,24.0,9.827173857927846,884.6065215737835,33.0,5.975000000000001,8.0,105.6057349671983,28.45048988120512,6484.484036461329,40.10625033511145,150.23927466304175,1.9160875154122234,169.8374034093197,2.1660336756316867,84.26036878673776,99.96557550062735,88.3092,57.33245127935586,94.04414728406478,42.646194891818865
286,6.0,24.0,10.827173857927846,894.7634497159552,35.00000000000001,5.300000000000001,8.0,127.238936269898,17.359574274069402,6548.3359489920695,40.04142163009022,156.89914136241916,2.0627208768849945,175.35264925296977,2.3053253656481054,86.42841768674097,99.96377041310787,88.32560000000001,55.799061313617294,94.03657620719753,42.58068854172666
287,6.0,24.0,11.827173857927846,892.442122775703,36.875,5.862500000000002,8.0,179.98394962539288,11.445756839777502,6496.770590597177,39.82944387909945,157.13916723311306,2.0998046923386333,176.07771218191004,2.352874924603235,87.05242425502682,99.9680269933809,88.1994,55.20895711978514,93.99117473047593,42.37572728855899
288,6.0,24.0,12.827173857927846,857.2578797596161,37.925000000000004,5.425000000000001,8.0,232.74362188202682,17.356831432217735,6247.858593328347,39.875530831177024,147.55404273603492,1.9771633200590677,172.12328544289448,2.3063810397560705,86.30618935634735,99.96555810596773,88.2646,55.66277021835071,94.07251759186865,42.38807661571901
289,6.0,24.0,13.827173857927846,836.7495972345905,38.41250000000001,5.3375,8.0,254.38185767377348,28.44746938750801,6133.91001192841,40.10778331443085,138.75057124187285,1.8119689841155961,165.82089994478102,2.165485337673361,84.31673249754216,99.96464316797214,88.2432,57.36135673151045,94.0086482897098,42.66392937682634
290,6.0,24.0,14.827173857927846,775.7028535846739,38.675000000000004,6.512500000000001,8.0,266.03709007926,40.57084689384469,5657.752458064338,39.90573594391424,121.19318883807644,1.5101162267252242,156.23661596450125,1.9467715243623032,80.52849763073252,99.9510513756603,88.2558,59.730242618401455,94.05043879627098,42.430143287642444
291,6.0,24.0,15.827173857927846,741.4455214094332,38.3875,6.387500000000001,8.0,274.5769062635776,52.867506555470335,5219.891278956834,38.518465990911075,102.6163907724138,1.261377281452402,138.4004458983684,1.701240677878284,75.17734517165606,99.88767581791707,88.3158,61.81172251027584,93.96385723350487,40.99285312989097
292,6.0,24.0,16.827173857927846,640.76386515796,37.599999999999994,7.537500000000001,8.0,282.10141155754684,65.03586547108468,4126.679048875423,35.23623130890937,73.67190645259383,0.9119029502079602,114.97512649910799,1.4231497745010315,67.05302647947161,99.79360914107383,88.1822,63.56485553441924,93.94428037155953,37.50758552787499
293,6.0,24.0,17.827173857927846,455.461702708968,36.362500000000004,6.562500000000002,8.0,289.54188045253693,76.87089297879358,2244.451767170861,26.9615703192001,37.40152790159058,0.473259442982202,82.11783269402456,1.0390762607863135,50.29805893484783,99.72848258480953,88.2448,64.78049024375832,94.02457805796156,28.67502399487463
296,7.0,2.0,5.854229877910257,525.9623036237473,21.357142857142858,5.9714285714285715,7.0,70.7708776213992,77.07164188849639,2593.537029144724,26.978922822769867,44.536827516837015,0.5456040617519858,84.67684320718335,1.0373444218205596,50.30002763586001,99.73173994875168,88.198,64.83639414561388,94.04709719275482,28.686608761007314
297,7.0,2.0,6.854229877910257,727.310560786077,24.44285714285714,6.128571428571429,7.0,78.25135765170143,65.21938892590964,4724.939309628745,35.54373909894845,86.8658699828198,1.0443519271803547,119.4343581219764,1.435909202324272,67.56157473559563,99.7954514565306,88.292,63.54228851204271,93.96549260555832,37.82637446296529
298,7.0,2.0,7.854229877910257,814.6546302202472,26.885714285714283,6.771428571428572,7.0,85.83661265957143,53.04121846742085,5765.769967200886,38.72313881393268,114.6776009037352,1.3916978168438814,140.76836569716832,1.7083286158548276,75.62640384572192,99.88756709705498,88.2304,61.82055844014378,93.97979560671914,41.20368486007236
299,7.0,2.0,8.854229877910257,861.8306137559817,29.11428571428571,6.7,7.0,94.47527263104618,40.7460608497436,6310.204197561849,40.05975306194622,136.48205745223038,1.6839194694110058,158.36297211284005,1.9538868108574639,80.81744558395549,99.94834546912735,88.2788,59.760498315826695,94.00628880721278,42.61390761218155
300,7.0,2.0,9.854229877910257,901.7899276105293,31.514285714285712,5.742857142857143,7.0,106.29849246152635,28.646218164736393,6621.189518196079,40.17144095890855,153.07112309644646,1.9542513218544149,169.74144244662241,2.1670804496925244,84.32363193416518,99.96105857288727,88.3378,57.37310228145236,94.03344492167761,42.7203757050145
301,7.0,2.0,10.854229877910257,918.8311427683132,33.97142857142857,5.6000000000000005,7.0,128.15272836810902,17.631968757840074,6732.192000820424,40.087369429902225,160.83878921442636,2.1172677026140905,175.0471677851939,2.304305550892682,86.4921235649914,99.9651197818401,88.3022,55.83076738332008,94.04536286640722,42.625567288040465
302,7.0,2.0,11.854229877910257,928.172853832238,35.957142857142856,5.228571428571429,7.0,179.99194966931492,11.834880300057794,6770.0426075933465,39.90702113761641,163.30387062573757,2.1853736810677074,175.94122684313476,2.354489976780447,87.16216110503139,99.9687099663292,88.20700000000001,55.229452683960204,94.01203260713332,42.448844079761336
303,7.0,2.0,12.854229877910257,921.4626602823076,37.842857142857135,5.371428571428571,7.0,231.82980409411613,17.6356134199295,6744.48206030532,40.04586086356076,159.0674233613535,2.124966535472067,172.62492580287534,2.3060799173577395,86.50222890695841,99.96759875017277,88.2682,55.83434195077947,93.96484533571487,42.61791813788026
304,7.0,2.0,13.854229877910257,899.4930904202162,39.44285714285714,5.957142857142857,7.0,253.67767877495498,28.651708826864454,6602.374380014514,40.159573035124104,150.12585680020774,1.9465956390010717,166.90051140923546,2.1641029372351053,84.3911897584741,99.96303821349854,88.1992,57.42355948851379,93.99348981994295,42.7259091156793
305,7.0,2.0,14.854229877910257,869.9786210878572,39.75714285714286,5.328571428571429,7.0,265.4981107424618,40.753661886641375,6344.479135107552,39.900116589610015,136.65662509147947,1.6931691811058358,157.080440575193,1.9462192978818573,80.54608997236411,99.95238883359444,88.2146,59.75484447549465,94.0205817709737,42.43764060809937
306,7.0,2.0,15.854229877910257,807.1797378153663,38.88571428571429,6.557142857142858,7.0,274.13462466918475,53.051701464110174,5683.740934259657,38.525722721986625,111.97828554754672,1.3745733839621135,138.7278202133966,1.7029334602506243,75.179769892724,99.89090999622033,88.36739999999999,61.73873639134031,94.03164187649318,40.971019917517374
307,7.0,2.0,16.854229877910257,712.2864344256539,38.88571428571428,6.400000000000001,7.0,281.7176843931817,65.23374981159851,4566.834407542795,35.07901279750788,80.7302570346379,1.013431823949696,113.33959645003497,1.4227869224645113,66.88341366211844,99.79089888532323,88.187,63.41108103624211,93.98710472838573,37.323218859526605
308,7.0,2.0,17.854229877910257,508.09162147562995,37.614285714285714,8.02857142857143,7.0,289.19578731898986,77.09109437990021,2494.5186183632895,26.861575896649562,41.2950938745282,0.5252722914731036,81.27489635549692,1.0338141179096332,50.09581408689521,99.7385813560667,88.211,64.8019331578397,94.04942732359287,28.56112648536157
311,7.0,9.0,5.873887437751364,287.3904644498808,25.171428571428567,3.9857142857142853,7.0,71.35489458187705,77.44395667185222,1404.4692064600106,26.737859627341468,24.180943404672956,0.2956663708495311,84.13968588331491,1.0287967327499608,49.853744974775545,99.73265912337588,88.202,64.80670984991963,94.07907662082515,28.42062293522004
312,7.0,9.0,6.873887437751364,478.46123826510745,27.299999999999997,4.6571428571428575,7.0,78.90309240403325,65.55794878760075,3100.1603804402835,35.45064762706073,57.37482411398115,0.6884482678984276,119.91530248515285,1.438879919290285,67.55077672839317,99.79461138251929,88.223,63.366491825473815,94.06872322500851,37.68590282900327
313,7.0,9.0,7.873887437751364,563.0284031623661,30.15714285714285,4.357142857142858,7.0,86.59245871329698,53.36062046715124,3979.30283414524,38.66904606655265,79.81402994028615,0.9642302004489852,141.75844325436168,1.712578255436468,75.76401887691844,99.88604143823878,88.1022,61.73691901756555,93.9428966898339,41.16228839975429
314,7.0,9.0,8.873887437751364,586.5315914148207,32.628571428571426,4.2,7.0,95.40094418330598,41.067818220702485,4299.560815495831,40.106933605540455,94.44861726541399,1.1516150549706554,161.02903688032688,1.9634322717259793,80.98451586404313,99.9531461139568,88.35979999999999,59.66072754941213,93.98915192991646,42.67187519198643
315,7.0,9.0,9.873887437751364,613.3382759426222,34.6,4.057142857142857,7.0,107.50884842927677,29.010890215943967,4508.047292391873,40.21380493502178,105.37603189145551,1.3350915810360535,171.80736312193474,2.1767622100286976,84.53250848192586,99.9637735302242,88.3332,57.345766535449116,93.94711377056304,42.8047263199928
316,7.0,9.0,10.873887437751364,624.1538894779312,36.32857142857142,4.485714285714285,7.0,129.69970765992827,18.132595510606475,4579.201335241289,40.14068959157356,111.10697551799252,1.4405460574443887,178.012149553257,2.3079982064188087,86.56943679412518,99.96672009562879,88.3416,55.80384137186029,94.08826012142463,42.66280356313361
317,7.0,9.0,11.873887437751364,639.929197675255,37.94285714285714,4.2,7.0,179.9816481608557,12.526870527641307,4684.38346100218,40.05043935249163,113.15084032292567,1.5094955825557712,176.817749110342,2.3588478038500056,87.39065781748673,99.9687124492711,88.214,55.25840719203868,94.04642687111125,42.58581711709255
318,7.0,9.0,12.873887437751364,631.4879302559019,39.2,4.942857142857143,7.0,230.26089930657304,18.135019252206597,4635.31672143459,40.160686810284254,109.882676444275,1.4602962885005333,174.0059804464458,2.312469041029443,86.70194301060496,99.96580159033928,88.3082,55.79963297763882,94.03477145200452,42.708336703707865
319,7.0,9.0,13.873887437751364,685.8944560206709,40.22857142857143,4.185714285714286,7.0,252.44776010672575,29.015527605853965,5052.378771734865,40.301886981840774,115.54259113224964,1.4852611698238463,168.45535070014841,2.1654369076560736,84.53286135967944,99.9666876662784,88.2556,57.45458831956947,94.05405405405406,42.84970742322151
320,7.0,9.0,14.873887437751364,667.0182026551458,40.957142857142856,5.585714285714285,7.0,264.55297032024004,41.0756493873244,4890.610873533865,40.11549864223379,104.09848634836719,1.296739340412194,156.06543559679585,1.9440838874417037,80.74453251123906,99.94970286172592,88.2754,59.86240663712301,94.06405489120968,42.647001225526154
321,7.0,9.0,15.873887437751364,615.1644916443191,39.2142857142857,7.371428571428571,7.0,273.3585830483399,53.373020272729576,4339.53441121964,38.595675724589,85.44637823874184,1.0503361083905496,138.90004933533442,1.7074069174295605,75.43374518633634,99.88310399666528,88.28359999999999,61.72891027938181,93.99663438221073,41.0606996497881
322,7.0,9.0,16.873887437751364,608.9652108295519,39.18571428571428,6.714285714285715,7.0,281.04452183139546,65.57658075294653,3906.158974735886,35.09491567410658,70.33600545834263,0.866170611480442,115.5008598315964,1.422364686975331,66.83600082672795,99.79616407544877,88.2082,63.468607858372984,93.98357627652567,37.34154100589622
323,7.0,9.0,17.873887437751364,397.2877700974168,37.91428571428572,6.9,7.0,288.58871626636096,77.47083141341749,1924.8594590232576,26.508222121296754,31.920567458502102,0.4067401301512475,80.34621214409653,1.023792225095459,49.49830286795102,99.7374262786864,88.2038,64.7279481472556,94.04874382272675,28.18562060888588
326,7.0,17.0,5.889345956305078,470.07248861632263,23.485714285714284,3.8142857142857145,7.0,72.35181872203701,78.07680352506168,2255.4790020130295,26.251899041560094,38.45419891172042,0.47243766053297553,81.80482764458714,1.0050315046592386,48.8325657872358,99.73896497685611,88.18740000000001,64.96773430714029,94.07669773448738,27.904783728326453
327,7.0,17.0,6.889345956305078,696.3187412363768,26.128571428571426,4.199999999999999,7.0,80.01018625868095,66.13592339738543,4511.596869888956,35.449406947558174,83.90419491890333,1.001901151492699,120.49682128320123,1.4388542087977312,67.51342091667082,99.78843505363874,88.2944,63.38068452664697,94.02613030771876,37.70165466933831
328,7.0,17.0,7.889345956305078,807.2746964025613,29.11428571428571,4.357142857142857,7.0,87.86964385977075,53.909808345721096,5741.209970316513,38.91068371505452,116.48241777815392,1.3955126744988495,144.29093132391205,1.728671393662701,76.22401693129679,99.87971784660968,88.2924,61.60102147501536,93.96983999587655,41.407630061689936
329,7.0,17.0,8.889345956305078,863.7038259650651,31.44285714285714,4.657142857142858,7.0,96.95367399320767,41.6264104256217,6357.72970921301,40.27392794279786,139.46037431429522,1.6980539108205064,161.46782047476546,1.9660141124455188,81.30234161579025,99.94675077777853,88.2642,59.69470806146647,94.06581720818062,42.81462611829131
330,7.0,17.0,9.889345956305078,900.4303639270653,33.57142857142856,4.2,7.0,109.51030215860241,29.649618814781384,6674.996130120237,40.55903917350783,154.1817761259306,1.956341504560392,171.23120488018026,2.172673849011666,84.97883686339333,99.96668645838527,88.2524,57.54712489940265,94.0094308033516,43.14358551787107
331,7.0,17.0,10.889345956305078,916.7102016317142,36.042857142857144,3.9857142857142858,7.0,132.15855637025453,19.00502647992633,6777.5686716551645,40.450941452749454,162.67496346405417,2.1260984077882443,177.45516868307786,2.31926993285758,87.13893964987862,99.96670984573296,88.3144,55.867474655943816,94.11750394342553,42.97919064775104
332,7.0,17.0,11.889345956305078,924.4713228494769,38.32857142857142,2.8714285714285714,7.0,179.98766171695644,13.701038108939501,6800.215269130133,40.24537595993841,163.7799494894533,2.1862514008931466,177.1606597645864,2.364866650654467,87.75435542730577,99.96870428955336,88.191,55.33997100837763,93.99831111548363,42.81499899556077
333,7.0,17.0,12.889345956305078,913.1644528719277,39.82857142857143,3.9142857142857137,7.0,227.80161812302515,19.01269463527797,6747.474102780033,40.42769688297318,158.40303080398994,2.1175107506807977,173.46605017946985,2.3188712000573033,87.23130425667527,99.9644072445993,88.2202,55.875576036866356,94.05268284763373,42.98409748551931
334,7.0,17.0,13.889345956305078,883.2154315063245,40.957142857142856,3.5285714285714285,7.0,250.43640929956388,29.66157118096973,6540.070713144423,40.51376151177373,148.7990679433668,1.9141630329401855,168.4742619245113,2.16726629161764,84.7678182353647,99.96331579888906,88.32140000000001,57.581352150324506,94.01195955781108,43.0942634344947
335,7.0,17.0,14.889345956305078,857.8459478289445,41.5,4.557142857142857,7.0,262.9865168970178,41.64306566471055,6308.012953003357,40.23185375298801,134.70754544127112,1.6854504195099644,157.02999563288952,1.9647471947329698,81.20134048292287,99.94179752786698,88.3124,59.684345294070994,94.05406431527393,42.77524213959412
336,7.0,17.0,15.889345956305078,802.9735258610319,41.42857142857142,4.285714285714286,7.0,272.06542716990003,53.932791098966376,5673.453952507378,38.657438993658275,113.14985305706543,1.3745897903145958,140.9135537012062,1.7118743595445658,75.6301409671327,99.86476354006918,88.2898,61.67761516336549,93.99132791726583,41.12872947990031
337,7.0,17.0,16.88934595630508,696.4288933691099,40.785714285714285,5.014285714285714,7.0,279.91960419381456,66.16740860230018,4461.762648937425,35.05229470123455,81.79287646770774,0.9944773382390371,117.44612730241393,1.427966799924196,66.92817807120952,99.7954820117133,88.2074,63.28808206572983,94.00903957236146,37.28608957253923
338,7.0,17.0,17.88934595630508,463.60010289657373,39.67142857142857,6.457142857142857,7.0,287.5721639671113,78.11949159003734,2196.628151718545,25.92386750226366,36.57667601058247,0.4645301472091398,78.89704031998994,1.0020061348277431,48.43916765498157,99.71985870344979,88.0984,64.75101193376102,94.08207464911541,27.554523642200955
341,7.0,24.0,6.395237936978447,486.06797961994715,28.65714285714286,4.285714285714286,7.0,77.3900920754557,72.8541946794587,2789.5346268760886,31.399412051611606,49.87803144503226,0.5981623577680834,102.61534093241755,1.2306146112232736,59.129484794797285,99.7502563218495,88.1704,64.17881937732945,94.07817111757556,33.375874210362504
342,7.0,24.0,7.395237936978447,637.6612032603945,31.214285714285708,3.6142857142857148,7.0,85.20112385768017,60.70087650509043,4398.53690198828,37.7402712426769,86.19176578117718,1.0147979802523208,135.16859006079443,1.591437545617652,72.78235502005049,99.82758972244437,88.2778,62.61358787911798,93.97411315256277,40.160284547093575
343,7.0,24.0,8.395237936978447,754.7945396006611,33.642857142857146,4.942857142857143,7.0,93.73324095832648,48.40765191118125,5510.520152580801,39.94391389934855,116.75182840414672,1.3989319727202192,154.68027692134152,1.85339439983277,79.23367458135345,99.91465316813326,88.3454,60.76900419168461,93.98219265931903,42.50157691483464
344,7.0,24.0,9.395237936978447,799.085708588367,35.87142857142857,4.128571428571429,7.0,104.49543452888717,36.266056104202356,5945.448208737179,40.70783526808437,134.20955029107472,1.6648615493330505,167.95388635865353,2.083458046414231,83.77028572739434,99.96621261561975,88.1986,58.632532142889545,94.00142371884648,43.30555182849087
345,7.0,24.0,10.395237936978447,757.5836814728043,37.842857142857135,4.042857142857143,7.0,121.23694841246254,24.9047181450815,5624.544558965301,40.620336989878794,133.46086796294045,1.7089694367215245,176.1665030897731,2.25581606166483,86.44795286876025,99.96509013093467,88.2272,56.65446662222041,94.03808898637506,43.19562150583916
346,7.0,24.0,11.395237936978447,729.9047658612532,39.128571428571426,4.7857142857142865,7.0,154.26300388279597,16.434728664410343,5439.0505705130345,40.770277646611646,130.32498811058974,1.7212797275039486,178.5506742880524,2.358225083614737,88.12375206768785,99.96921565564995,88.3566,55.691989303674646,94.04867418544328,43.35018861214528
347,7.0,24.0,12.395237936978447,713.3455806956214,40.55714285714286,3.9857142857142858,7.0,205.70336358753397,16.44035344231227,5290.876778115363,40.58022434812452,123.91704565412257,1.6803867621121928,173.71250205725596,2.35564193230658,88.034919489332,99.96937657512153,88.1678,55.61896420273018,94.02851722660792,43.15735858125522
348,7.0,24.0,13.395237936978447,674.6258568966072,40.65714285714286,5.014285714285714,7.0,238.70571931657076,24.917354873019253,5005.924383354696,40.59832108647616,115.2823686307547,1.5215759361704029,170.88341256451844,2.2554367292856354,86.42905730201639,99.96486288591319,88.22579999999999,56.6638849455977,93.9937488244028,43.192575670453486
349,7.0,24.0,14.395237936978447,610.6884459097206,40.39999999999999,5.757142857142857,7.0,255.43568376193855,36.28403408542563,4527.372593057321,40.56143448713303,100.46924960183571,1.2652864437284241,164.51801286688877,2.0719017237072044,83.34826772245563,99.9571735445803,88.2632,58.669498806466166,94.01793614546747,43.142230248891146
350,7.0,24.0,15.395237936978447,556.266675054428,40.17142857142857,6.857142857142857,7.0,266.19064787138774,48.432242198100646,4043.8618726616064,39.7740707159851,82.76802413117855,1.0249892036237422,148.79198744573384,1.8426219825652004,78.86829671429297,99.90963036782026,88.304,60.799871237143556,94.017173686899,42.30511209414019
351,7.0,24.0,16.395237936978447,512.9864012273368,39.628571428571426,7.885714285714287,7.0,274.7161266620647,60.73433299414018,3514.0763509924964,37.479355347928,68.13360245911913,0.81834267449181,132.81756065288914,1.5952521792661525,72.48662677627782,99.8297070599105,88.3184,62.43421649578078,93.92918778498374,39.90171344153766
352,7.0,24.0,17.395237936978447,344.3592127028106,38.72857142857143,6.842857142857143,7.0,282.5199871764876,72.89943931371343,1962.0828907409925,31.173991750521832,35.03546959886926,0.4274858553683996,101.74105499859422,1.2413951466933137,59.02667078908351,99.76276229961806,88.1816,63.84843428166107,94.02588616496644,33.154690715520324
355,7.0,32.0,6.392186016026244,494.4337469236534,27.224999999999998,4.0625,8.0,79.02854469382478,73.8352130306865,2790.6045760729025,30.879977013258337,50.69416442072684,0.6008965827537147,102.52974182313376,1.215322753538707,58.22170459487681,99.73503563861402,88.16279999999999,64.07473285325011,94.13955172487238,32.80234125557198
356,7.0,32.0,7.392186016026244,677.9927157324746,30.3375,4.075,8.0,87.02968089797257,61.6319663872864,4667.558535604413,37.66617474020469,91.6546755294023,1.0855905761474587,135.18533961000227,1.6011832442397742,72.95291713512997,99.81920755290504,88.1674,62.419552767930185,93.98662399743694,40.07610140484657
357,7.0,32.0,8.392186016026244,789.1623456667294,32.574999999999996,3.9375,8.0,95.85964216415236,49.3424236795467,5768.529509341303,39.99314292811649,122.0051247353358,1.4709180780587983,154.60079336686917,1.863897949687504,79.59911575718999,99.89962500991288,88.26899999999999,60.605077772384796,94.01479740577601,42.539200244725976
358,7.0,32.0,9.392186016026244,831.8245570649251,34.637499999999996,3.6125000000000007,8.0,107.08171908309455,37.29003699599219,6229.234830552942,40.97224278044644,141.3823970146589,1.7472705526285126,169.96660631602848,2.100527734831151,84.31682371287843,99.95919477693145,88.224,58.608427450446776,94.01690219326079,43.5796562369435
359,7.0,32.0,10.392186016026244,858.0411736526594,36.4,4.262500000000001,8.0,124.3772357500441,26.17759710648125,6435.118179833469,41.0331795355644,150.1173655059836,1.9507061708282254,174.95356879779766,2.2734412178894856,87.24560730306817,99.96100436433714,88.215,56.720639233572925,94.03238124942519,43.63728642234638
360,7.0,32.0,11.392186016026244,894.8761151130038,37.987500000000004,3.8000000000000003,8.0,156.52059309610965,18.169309547297637,6709.017353661629,41.0187829284708,159.97238466069368,2.119438583817517,178.76483901963633,2.3684156365597904,88.7095916652699,99.96806088817914,88.293,55.71371600003625,94.02915266920994,43.62347395894645
361,7.0,32.0,12.392186016026244,873.0150822832356,39.3875,4.262500000000001,8.0,203.4466363698087,18.176792400028845,6516.333450621802,40.83836295399504,152.64903739192386,2.0655831331141927,174.8526921123676,2.366033731870909,88.59223583746237,99.96506383789621,88.1608,55.64393509588108,94.00069332572033,43.44474653233319
362,7.0,32.0,13.392186016026244,856.1576400035965,40.137499999999996,4.0375,8.0,235.56060222784626,26.194809320426614,6422.102179383997,41.04027349452602,148.79008155353807,1.9311857991033488,173.7881840929587,2.2556427798684786,86.89413446169189,99.96103757834958,88.2902,56.896203988859654,94.05745785056817,43.6331944668629
363,7.0,32.0,14.392186016026244,821.0430243990158,40.725,3.6,8.0,252.84006193003705,37.3140862978914,6143.3092492053465,40.93768065440747,137.20130356224442,1.7082569645214285,167.1061070918574,2.0805937250022097,83.9096672824097,99.96081256172587,88.29360000000001,58.78199390430437,94.03898196621459,43.532671024783276
364,7.0,32.0,15.392186016026244,706.2574107607425,41.2,4.1875,8.0,264.0522194625064,49.37431959222349,5172.219571952355,40.06828065107026,107.42585079857699,1.3109990934351026,152.1058032975026,1.8562624242384445,79.58013698434597,99.90842968238246,88.2382,60.74748120974529,94.0175600428731,42.61786907977473
365,7.0,32.0,16.392186016026244,585.143538564831,40.0625,5.124999999999999,8.0,272.87347259185447,61.67413950758458,4009.5896682255443,37.490763777920634,77.60646488469781,0.93596348648598,132.62808143629428,1.5995451112415897,72.63681128748138,99.81779656215653,88.253,62.31720856103038,94.02039470568305,39.8751397452435
366,7.0,32.0,17.392186016026244,465.2857245808573,38.625,5.0625,8.0,280.86542406754893,73.89098553231919,2610.068350146807,30.691557202184917,46.7666463936869,0.5649974231136642,100.51167255521462,1.2143020799157982,57.90510233756626,99.73923760415771,88.2796,63.988397422356094,94.07504960828095,32.624545328417554
369,8.0,9.0,6.378400422576306,397.07259043549755,29.914285714285715,4.571428571428571,7.0,80.92510544707444,74.99493793670428,2186.79062080459,30.131729845967598,39.89013772698986,0.4721205307834236,100.46056738199817,1.189003074389032,56.78738997668251,99.74850725791272,88.1934,64.12205757312587,94.06373428447841,32.033312386726784
370,8.0,9.0,7.378400422576306,628.3002070713974,32.24285714285714,4.257142857142857,7.0,89.12781461174384,62.74776028010718,4325.164238973114,37.66362978584076,85.73404449764287,1.0125578295892046,136.45394913565644,1.6115828360281628,73.06459518790253,99.81169016573985,88.25880000000001,62.245636977453266,94.00844004975035,40.06409399614411
371,8.0,9.0,8.378400422576306,745.3497577507057,34.57142857142857,3.9285714285714284,7.0,98.27046813041103,50.47998064781089,5478.751555476101,40.2168696884195,117.53201988880944,1.3989840152212634,157.6870706223801,1.8769497147796435,80.21811308885617,99.89316869366407,88.1764,60.55502700886217,93.99342310014211,42.78689759556027
372,8.0,9.0,9.378400422576306,757.731657082489,36.89999999999999,3.614285714285714,7.0,109.95199107386632,38.55152854302741,5703.806340671442,41.18471939585552,130.9465862608743,1.5992141123120411,172.8139309436547,2.1105283082265966,84.82180687199413,99.95328543957041,88.1952,58.60584885541213,93.98220016491365,43.821829371505814
373,8.0,9.0,10.378400422576306,792.5993310680304,38.24285714285715,3.6999999999999997,7.0,127.69941142857624,27.740393029351004,5990.3338282058885,41.350817078692174,141.7875192375453,1.803057319182964,178.88927441622502,2.2748660622175114,87.64257178429578,99.96237158737499,88.2312,56.83575591283249,94.12144909032875,43.933468384031805
374,8.0,9.0,11.378400422576306,749.7439770601434,39.58571428571428,3.757142857142857,7.0,158.68523931989895,20.22112535175287,5669.887939008846,41.375976970508695,135.5830541217868,1.7797241312583942,180.8391374525314,2.3737758297665223,89.22505309279339,99.96171984361763,88.29639999999999,55.84539771092173,94.08000714132106,43.9795640197564
375,8.0,9.0,12.378400422576306,842.7785622179409,40.92857142857142,3.8428571428571425,7.0,201.29767614031826,20.231877729407525,6359.741869598715,41.28694801769509,149.083081865765,2.0062739593087984,176.8947248413901,2.380546977878609,89.23434775156714,99.96624476397388,88.2826,55.75415170963414,94.03185880994866,43.90740387376761
376,8.0,9.0,13.378400422576306,828.2116434996793,40.92857142857142,4.3,7.0,232.24460380874558,27.765554548504355,6257.665958390409,41.33879528937723,145.31957627095974,1.8820390170601287,175.46188514918651,2.272413134772425,87.5988965891319,99.9648683014617,88.2394,56.946730696849734,93.94646419200586,44.00250253685955
377,8.0,9.0,14.378400422576306,567.290847794818,40.88571428571429,4.785714285714286,7.0,249.96837365013505,38.585766205073554,4273.733059968126,41.21813970542925,97.31785326568567,1.192375035426116,171.54842818984508,2.1018760307188726,84.67160991254983,99.95262532754259,88.2328,58.677642843374045,94.07054131142219,43.81620338398593
378,8.0,9.0,15.378400422576306,444.75264387923147,40.88571428571427,5.242857142857143,7.0,261.63571338180327,50.523373923319014,3257.7907763220137,40.076650989460624,69.3341014510673,0.8331075022948138,155.89362402957258,1.873192916917289,79.85146344709125,99.8965098689276,88.3176,60.5559346316627,93.94080058098837,42.66160256416986
379,8.0,9.0,16.378400422576306,370.47334148602175,39.15714285714286,5.6000000000000005,7.0,270.7668675868738,62.802554851277165,2533.5940261042897,37.41681662188448,50.27367320955638,0.5968930482804388,135.7011897479626,1.6111632914968053,72.78261903924307,99.81594313277482,88.2336,62.07227788425729,94.03890407150097,39.78865661113533
380,8.0,9.0,17.378400422576306,244.90440087984047,37.42857142857142,5.971428571428571,7.0,278.9580951504859,75.06459581876187,1334.4333881748114,29.811723319929733,24.413668085835617,0.2916970362032545,99.68652257014321,1.1910649018772523,56.51918682280378,99.73722581319186,88.0604,63.86182240490044,94.03985080906841,31.701159735416063
383,8.0,16.0,6.357913321839078,584.4353677126427,23.4,5.557142857142858,7.0,82.75884276087596,76.14677987894773,3149.024857840698,29.479924753444998,58.33509879895645,0.6749140571420975,99.81445686161634,1.1548138501329401,55.36676774716967,99.73561289737427,88.20400000000001,64.33521122918059,94.07840102339027,31.335486607723638
384,8.0,16.0,7.357913321839078,794.361192246305,25.85714285714285,5.514285714285713,7.0,91.13731256741382,63.87119830257522,5462.050290899978,37.620489939636464,109.64542915411056,1.281722638641404,138.02969005076113,1.6135262537397277,73.1105387792457,99.79640189087776,88.213,62.15413695256573,94.04310225087907,40.0034548406072
385,8.0,16.0,8.357913321839078,890.533116192118,28.271428571428572,5.5,7.0,100.54915676190016,51.64152853958217,6580.157356975243,40.427136125632586,143.87951495280086,1.6887932898614206,161.56559743451606,1.896384602835018,80.83454862140155,99.89276662117372,88.2188,60.39498798286963,93.96797601019115,43.02224847457406
386,8.0,16.0,9.357913321839078,935.6217747914613,30.728571428571428,5.457142857142857,7.0,112.60224869075542,39.85151086947382,7082.278617597072,41.41517100699068,163.35285240483418,1.9839140496471719,174.59282886104648,2.120423127272088,85.26657870061534,99.9530549438587,88.18820000000001,58.604963538097806,94.0242051631487,44.04735029147868
387,8.0,16.0,10.357913321839078,968.8412015336617,32.18571428571428,5.4,7.0,130.61822515582384,29.339396541353146,7373.042054614974,41.63713926318194,173.3778070250062,2.2133722781093623,178.95379217001883,2.284556307685538,88.25503996163894,99.95735510944766,88.17,56.94704785073367,94.00145052282582,44.29414549626704
388,8.0,16.0,11.357913321839078,977.2279018538587,33.614285714285714,5.357142857142857,7.0,160.41909425148754,22.24871814615431,7439.744945495672,41.65325644593014,177.43063548111468,2.3380945863541664,181.56525734121828,2.39257862154638,89.85476904045228,99.96716537554884,88.32140000000001,55.85101322424128,94.0055402111445,44.309363418765905
389,8.0,16.0,12.357913321839078,973.6901352939245,35.07142857142857,5.3,7.0,199.55953495019855,22.260086890975394,7408.706607598348,41.63019049246859,174.90113409322387,2.3373091833297623,179.6270987591212,2.4004650952165667,90.03575134516342,99.96079915344299,88.2634,55.79311970694376,93.92958135604238,44.32063881416477
390,8.0,16.0,13.357913321839078,956.3319697471264,35.32857142857143,5.628571428571428,7.0,229.3229253784395,29.366876342551564,7275.944929514408,41.62627036056564,171.3719932840544,2.1904027538681543,179.19718121456157,2.290420924072361,88.23985746505628,99.96396870035782,88.25659999999999,56.9189162231028,93.94104738273798,44.31105626379745
391,8.0,16.0,14.357913321839078,922.9316670771758,35.628571428571426,5.928571428571429,7.0,247.3131216583228,39.88931492705444,6983.769931504617,41.400648880098814,155.7161762921112,1.9389351918960165,168.71907406238145,2.1008437147209538,84.87148297287192,99.95398098485227,88.2244,58.81579156262261,94.05082327536344,44.01944335870975
392,8.0,16.0,15.357913321839078,853.6362027651891,35.88571428571429,6.257142857142857,7.0,259.34990431465377,51.6892901244227,6280.7598833724915,40.255584491767976,133.142966102827,1.6094334288374774,155.97155517952044,1.885385628706971,80.4108162848125,99.89076982346408,88.254,60.45400509995736,93.93486794208816,42.85478371735825
393,8.0,16.0,16.357913321839078,740.4180785172417,34.285714285714285,6.071428571428572,7.0,268.74837500266995,63.93104767780631,5053.381698991998,37.34150869441049,101.37276610424848,1.193637498779292,136.91287266682787,1.6121128500396231,72.7337528134213,99.80351497433458,88.251,61.9764843728712,94.05100810809822,39.70346458327354
394,8.0,16.0,17.357913321839078,544.4923643021351,32.714285714285715,5.871428571428571,7.0,277.1134346603334,76.22228007923533,2895.657745231684,29.096597510982324,52.6905797789463,0.6272858175718619,96.77009859721129,1.1520562246558619,54.88557097285644,99.73007181450717,88.17160000000001,64.10200423956258,94.0497310492627,30.937459561411924
397,8.0,24.0,6.325946462200591,598.5691939735849,21.028571428571425,4.414285714285715,7.0,85.01749448305455,77.59725107492612,3078.928863367245,28.143108492815198,57.27475306748209,0.6645784475777025,95.68610219858667,1.1102784010081057,52.990823644807136,99.73631480653631,88.1354,64.28085503338907,93.99095298098568,29.94235891885098
398,8.0,24.0,7.325946462200591,815.1568423075265,23.48571428571428,4.7,7.0,93.58575559980505,65.30550151779316,5583.600273091083,37.476576678842235,113.99346145652916,1.321544673205377,139.84236595970805,1.6212152123564096,73.06970855009716,99.77942309959285,88.2232,61.976221364420205,94.00991260484486,39.86449475425941
399,8.0,24.0,8.32594646220059,885.0613384065437,25.95714285714286,5.014285714285714,7.0,103.28436922641224,53.14455424214814,6559.92568620754,40.55200399396133,145.022011898243,1.7019255963609732,163.85532347321745,1.9229464925279693,81.49944328674998,99.88192019074083,88.24539999999999,60.11831016596098,93.90137575723263,43.18574000321594
400,8.0,24.0,9.32594646220059,910.9411690687551,28.414285714285715,5.299999999999999,7.0,115.7027905904494,41.5466304003924,6947.954927948197,41.730485179399814,161.1963416307556,1.944682505554764,176.95582009488584,2.1348058157727037,85.90302145265574,99.94241303007219,88.2144,58.589485910284964,94.04506084646866,44.37286211928351
401,8.0,24.0,10.32594646220059,969.2018874284105,30.271428571428572,4.785714285714286,7.0,133.86433501283662,31.406827865413607,7437.885575468407,41.987693014903975,177.05872816638418,2.2370889423044416,182.68508394693208,2.3081764195075225,89.00411873853517,99.96349959532161,88.2182,56.90540448597283,94.0066875769689,44.66458089008416
402,8.0,24.0,11.32594646220059,959.4756624005562,32.099999999999994,4.271428571428571,7.0,162.2004455785992,24.791679028692844,7379.756023302269,42.081848903031904,173.36262861458718,2.2933620989905097,180.68475877839703,2.390224357804597,90.35480934219068,99.96195522945752,88.31700000000001,56.10998217105367,94.0208899422236,44.75797764612891
403,8.0,24.0,12.32594646220059,935.2952772589288,33.957142857142856,3.757142857142857,7.0,197.78096306208596,24.80438800004523,7200.583205993377,42.121681840974404,168.35204368585457,2.245657330376717,179.99881724971834,2.401014294606585,90.7040303561572,99.96146601415784,88.2338,56.017133825700284,93.99194446131115,44.814140278066574
404,8.0,24.0,13.32594646220059,879.1082300242199,34.4,4.92857142857143,7.0,226.07959798562496,31.43843502295941,6733.531647974831,41.9070732745943,156.45870299697117,2.0127717527681774,177.97433541562984,2.2895608117702695,88.58647725169175,99.96622601820621,88.2336,57.05400447599763,94.00402990235237,44.580081639186844
405,8.0,24.0,14.32594646220059,863.3051707213965,34.85714285714286,6.114285714285715,7.0,244.21194043312073,41.59038708926896,6606.64079559434,41.87001575207817,149.04998210800366,1.834093692404242,172.650398912188,2.124502151274773,85.85058221738862,99.94336459607631,88.28399999999999,58.770768637940016,94.05081013117143,44.518506213484606
406,8.0,24.0,15.32594646220059,772.7295193128217,35.300000000000004,7.2857142857142865,7.0,256.61095322681155,53.199221777288855,5715.679653380373,40.46943566485839,123.24210874142021,1.4616219494078608,159.48932409236522,1.891505258796975,80.84929031604662,99.873538783706,88.2484,60.44194933330913,93.96263675204048,43.06971054000308
407,8.0,24.0,16.32594646220059,644.714217494922,33.6,7.314285714285713,7.0,266.2936915748834,65.37281018956004,4390.198424759891,37.25663899503377,88.620236802152,1.041906232353441,137.45661937856985,1.6160745398198813,72.64173629613394,99.79544126241964,88.2876,61.884072775148404,94.06502066972097,39.60732558157666
408,8.0,24.0,17.32594646220059,403.192450286358,31.999999999999993,7.3428571428571425,7.0,274.84618480726215,77.68066015854951,2042.8544684309693,27.721186143799944,37.72482334352653,0.447118410451326,93.56530192153488,1.1089453935304856,52.46150932760535,99.71494970768728,88.12480000000001,63.952540922415835,94.02748169844156,29.48200424287169
411,8.0,31.0,6.791816885562184,605.9098802482606,24.385714285714283,4.114285714285715,7.0,91.38050940205336,72.8183744214163,3663.8580664742126,33.083951730388264,73.59364777346407,0.8332736418386889,121.4597255672913,1.3752435287856177,63.50696176291058,99.73775173679975,88.237,62.93372239948367,94.05942381719305,35.173457786311545
412,8.0,31.0,7.791816885562184,770.1333827936485,27.271428571428572,3.9000000000000004,7.0,100.55314406044549,60.59200276066304,5556.731818553776,39.47664713882864,121.63805602759632,1.383390140830864,157.9441415542278,1.796299409606989,78.38827161585023,99.82288120794563,88.18939999999999,60.824325368156565,94.05142532719776,41.9734703663367
413,8.0,31.0,8.791816885562184,852.638635004466,30.128571428571426,3.6714285714285717,7.0,111.59685662876257,48.7750727765885,6481.866809115533,41.59315521753149,144.7223659126214,1.735531249043705,169.73470350878878,2.035482768188911,84.45447889007636,99.919007765726,88.1566,59.4776421010567,94.0031684831364,44.246546035299914
414,8.0,31.0,9.791816885562184,888.8571428571429,33.01428571428571,3.4571428571428573,7.0,126.57157516715148,38.00939369501811,6886.641142686681,42.38988688627152,158.3448234020154,1.9845177113723964,178.14428862328958,2.2326621632283468,88.26555715573741,99.9535141067679,88.1988,57.90797864738004,94.07448325576293,45.05991999023258
415,8.0,31.0,10.791816885562184,897.0697037793929,34.3,3.4857142857142853,7.0,148.85087387487994,29.66855450046288,6941.000306306641,42.33335080084045,164.2202786656973,2.1223407334312747,183.0630083413031,2.365859335667856,90.38750774166643,99.95714800715561,88.2106,56.47977607606881,94.0473656520709,45.01279808033441
416,8.0,31.0,11.791816885562184,913.5398854997627,35.62857142857143,3.5285714285714276,7.0,179.99190754270867,26.303269888996756,7074.95477565369,42.37238660891546,164.9883717538488,2.202244898328805,180.6033588381201,2.410671863685559,91.20186527962863,99.96393870941404,88.1832,56.04789033412969,94.03525816179894,45.060105578706114
417,8.0,31.0,12.791816885562184,868.4573058150397,36.91428571428572,3.5571428571428574,7.0,211.11249703986306,29.693229443169766,6722.069672332862,42.34881945355484,158.86973149136367,2.054726675056256,182.93326618084672,2.3659501293824827,90.41319974199993,99.96372729271849,88.2206,56.50276793145599,93.99987958819162,45.05199329944115
418,8.0,31.0,13.791816885562184,773.5088574643099,37.25714285714286,3.942857142857143,7.0,233.35638462685802,38.05038934709034,5958.877905968403,42.148873076921994,136.95893225805412,1.7233662607231877,177.06187968813722,2.2279851666762647,87.84858599996245,99.95241461822928,88.2624,57.838549813875254,94.0296401400087,44.82509240082485
419,8.0,31.0,14.791816885562184,760.7686940767036,37.599999999999994,4.328571428571428,7.0,248.305776849838,48.82802634914035,5756.448160605656,41.398893799679286,129.35759642458066,1.5471589968897015,170.03538320090016,2.0336785792262253,84.19063750626218,99.90566444207094,88.1958,59.39037095716163,93.96603121703637,44.05729736957702
420,8.0,31.0,15.791816885562184,737.4502509774759,37.94285714285714,4.714285714285714,7.0,259.3304435959706,60.656885207440645,5314.779004788488,39.43113285994336,112.72044021294418,1.3141520432159228,152.8515856676914,1.7820212841124399,77.98663181783606,99.83171503443839,88.3026,61.048392585702295,93.95130870400583,41.96975369887757
421,8.0,31.0,16.791816885562184,586.9923224847519,36.52857142857142,4.671428571428571,7.0,268.4856045611757,72.8975587543415,3511.8698684433302,32.73352420586961,68.79178757387487,0.8065771044791376,117.19367517905118,1.3740845894966365,63.14093631779178,99.74956673229954,88.16720000000001,62.64747619004303,94.0936035516061,34.78825655552319
424,9.0,8.0,6.7477515998953095,439.85417468447963,20.487499999999997,4.4375,8.0,93.91713753696466,74.4819905125068,2574.5770830449264,32.02461759405092,51.213661867393625,0.588974441825786,116.43327451451539,1.3390220571358102,61.591014612872875,99.7385594238784,88.20360000000001,62.854284837393294,94.03343533207462,34.05662834815883
425,9.0,8.0,7.7477515998953095,581.4458504372932,22.55,4.6,8.0,103.26783102195988,62.3267190942238,4177.8184670341025,39.31217400224317,91.13868810903233,1.0493255710161855,156.744928251683,1.8046832223963931,78.4298419963354,99.79822235941387,88.1168,60.62452381764633,94.01904990565082,41.81298794413832
426,9.0,8.0,8.74775159989531,687.0576548939541,24.599999999999998,4.7375,8.0,114.5362517501815,50.69096785246288,5236.017362409191,41.696026197539695,118.34254789062396,1.410641463171776,172.24543973517024,2.053163156139357,84.99263367239799,99.89632086536912,88.1566,59.23066091940971,94.05079598785314,44.33351760566155
427,9.0,8.0,9.74775159989531,718.1124200052345,26.6625,4.900000000000001,8.0,129.6120771137809,40.25088728316128,5610.115319441654,42.743110366974705,129.0709743064532,1.614220874105179,179.7364461479616,2.2478665305543837,88.9617795368969,99.95670181149646,88.2254,57.93267050093438,94.0445338740869,45.449861471164326
428,9.0,8.0,10.74775159989531,694.6837790940065,28.0125,5.1499999999999995,8.0,151.21379009585965,32.35692227990038,5418.590716034872,42.67622163994943,129.02808434975736,1.6503587351223064,185.73642890875234,2.3756978135788245,90.93203281332445,99.95896817426511,88.2242,56.58026035288248,94.05775898350602,45.3723564128645
429,9.0,8.0,11.74775159989531,752.4912201937709,29.349999999999998,5.424999999999999,8.0,179.98948267116268,29.25463947704128,5889.061617364211,42.81849839172906,136.08915794251422,1.82172795361247,180.85148941335217,2.4209291812645524,91.89544410906166,99.96370697007639,88.1712,56.224699112313246,94.02453789652111,45.539706282686595
430,9.0,8.0,12.74775159989531,789.352917753337,30.7,5.675,8.0,208.74699925356242,32.38200200346253,6161.826733358334,42.70955387984835,143.74826323356444,1.86837753565803,182.10899079552652,2.36697362312389,90.83042091620025,99.96598917095203,88.2072,56.70059834061413,94.04804288257296,45.412485545472634
431,9.0,8.0,13.74775159989531,743.3251076093175,30.575,6.025,8.0,230.31520722673895,40.29341709975565,5798.490238246115,42.6798514902939,132.16771300555604,1.6636736609473803,177.80606581504273,2.238150768642927,88.66808662888477,99.95151405299468,88.273,57.96337308540613,94.12059161693507,45.345923519051205
432,9.0,8.0,14.74775159989531,664.7306748049205,30.4125,6.4125,8.0,245.36468358243613,50.7462180404902,5090.746035299556,41.900816220696115,113.3201297056967,1.3572296902043122,170.47525261107128,2.041773821559567,84.90402631911965,99.89666893269884,88.26,59.58933318815727,93.93138837287206,44.60789619585493
433,9.0,8.0,15.74775159989531,584.4700225189752,30.2875,6.762499999999999,8.0,256.6123229167788,62.39410201856957,4181.547368666871,39.14367089297084,89.27985456848087,1.049151780755502,152.7535222143619,1.795048061205638,77.97295483205883,99.80259460047505,88.2448,60.6636039722677,93.96332926546228,41.6584546322144
434,9.0,8.0,16.74775159989531,393.46480327309735,28.7625,6.449999999999999,8.0,265.94358710753187,74.56348774374666,2280.707849880685,31.713964783739687,44.80001119504046,0.5253954245997374,113.86027624927235,1.3353047597374783,61.161292082887556,99.74782922232981,88.1942,62.69327216221562,94.01766740885256,33.731920454722484
437,9.0,16.0,6.700718503894677,492.51492406353697,17.542857142857144,4.714285714285715,7.0,96.50001117380052,76.22923631173639,2757.840339794269,30.6363129057052,55.64387278953889,0.6309840881628638,112.97905925457914,1.2811471436375472,58.85057168321596,99.74921544796561,88.20320000000001,62.932417994589805,94.01941873821546,32.58509073642321
438,9.0,16.0,7.700718503894677,683.340247462487,20.057142857142853,4.8,7.0,105.98733774031622,64.17152173900087,4887.13598335715,39.12949061626287,106.71011340794296,1.2289448060813755,156.15956151302353,1.798437616758173,78.06911713964213,99.8068976784608,88.13980000000001,60.60661865007911,94.0096107316085,41.62286207946876
439,9.0,16.0,8.700718503894677,821.0195683323719,22.557142857142857,4.857142857142857,7.0,117.41132464702235,52.74297204885784,6284.040789881404,41.876681482732295,143.4551739910247,1.7061040062054356,174.72808142978388,2.078030867974095,85.63073111441709,99.89824247300253,88.249,59.0597464586793,93.92547237576488,44.585010246419074
440,9.0,16.0,9.700718503894677,873.1663990441658,25.07142857142857,4.942857142857143,7.0,132.47342549317852,42.64257211726743,6842.753357493319,42.876629955989365,159.38369317656094,1.9738062863603933,182.53530295145853,2.2605156228195122,89.41684696586411,99.94080719929603,88.18639999999999,57.85245682152899,94.04484994449652,45.59168309726086
441,9.0,16.0,10.700718503894677,865.1341324527075,26.171428571428567,4.8428571428571425,7.0,153.31766922324846,35.175032291451885,6813.329609704899,43.08863380233138,160.44373602607942,2.0656607787908143,185.45532999745572,2.3876768946042404,91.59765014993532,99.95670956423983,88.24119999999999,56.71507771844495,94.03651018303069,45.821174901604245
442,9.0,16.0,11.700718503894677,856.2601195161351,27.299999999999994,4.728571428571429,7.0,179.99216217824028,32.30575469151159,6750.0521293944885,43.13086630833772,155.47768786432923,2.0816479939659827,181.57763548790322,2.4310930131165085,92.4963570685221,99.96006081648399,88.134,56.3092800355964,93.99691177597072,45.88540782183831
443,9.0,16.0,12.700718503894677,869.291938974328,28.400000000000006,4.628571428571428,7.0,206.65029670096163,35.20229538319775,6858.806777996943,43.16877129437213,159.05952712334425,2.067769489827765,182.97596007966848,2.378682462266374,91.52984779442646,99.96306551678819,88.2644,56.79766252076915,94.1133744133329,45.86890180430771
444,9.0,16.0,13.700718503894677,881.5625056298725,28.657142857142855,4.6428571428571415,7.0,227.46077471015255,42.68943345707903,6914.933043915216,42.91623752406705,158.73838647214197,1.9867277445975178,180.06481157989373,2.253643651935956,89.30203782157807,99.94423248253864,88.2234,57.93690217773453,94.07267046944919,45.62030322930444
445,9.0,16.0,14.700718503894677,767.1673593944989,28.857142857142854,4.628571428571428,7.0,242.49427391634464,52.80381709380129,5872.373584874384,41.880352788585625,132.03193113873724,1.5788566729005955,172.1031656546831,2.0580342132213985,85.3109766447598,99.88034780716961,88.2558,59.286535935255955,93.93469725149825,44.58454012627122
446,9.0,16.0,15.700718503894677,711.7888849871485,29.114285714285714,4.642857142857142,7.0,253.8950657220266,64.24484219952471,5069.692341122231,38.96881272776019,110.20784919909771,1.2728468847769674,154.8322143314833,1.7882365285880362,77.62185973013818,99.81003461541077,88.2266,60.63548302842412,94.02266129787434,41.44619200290728
447,9.0,16.0,16.700718503894677,550.7524972057997,27.657142857142855,5.214285714285714,7.0,263.3607275590242,76.31633869017315,3043.764198186182,30.237181097969962,60.996618795267565,0.7070152415731248,110.75141575340866,1.2837258935004598,58.39909206047873,99.73655931042926,88.21719999999999,62.57239886889554,94.04695736201779,32.15115294116009
450,9.0,23.0,7.159294019113986,714.9864687581311,21.11428571428571,3.2857142857142856,7.0,103.38613460256894,71.7709448454683,4605.55677747828,35.24285552200645,99.09870078575076,1.1195966688742276,138.6022045394461,1.5658991013058876,69.28214167876932,99.7830286211775,88.2144,61.45461981527556,94.03706866909945,37.477620283996835
451,9.0,23.0,8.159294019113986,835.9394873526273,24.37142857142857,2.828571428571428,7.0,113.76271249465034,60.11481665383321,6243.331223651763,40.86281740245227,141.27231971421224,1.6465103686114748,168.99826106027555,1.9696525807458614,82.87091079205068,99.8309367599234,88.251,59.58357263983256,93.93228204258757,43.50242165300066
452,9.0,23.0,9.159294019113986,888.3123326717201,27.614285714285714,2.357142857142857,7.0,126.77554133590093,49.48398534683071,6919.756071553393,42.61984495126959,159.83027359468485,1.9356300885519615,179.92576227549782,2.1789972033038096,88.03606755226947,99.91111272357871,88.2016,58.433420484049606,94.01554373958605,45.33276440896032
453,9.0,23.0,10.159294019113986,901.1333780245751,29.085714285714282,2.585714285714286,7.0,144.15886558663254,40.82812565996279,7132.158393301681,43.30306878925069,165.91689045588691,2.1063860401587173,184.1202362513778,2.337485317408,91.18931242076923,99.94351128413143,88.1592,57.305349939961005,94.04967974744214,46.04276049162028
454,9.0,23.0,11.159294019113986,949.7940768266229,30.52857142857143,2.814285714285714,7.0,167.0688436975752,35.70847809532271,7537.564604340823,43.41985434308427,175.34343850786965,2.306202846146181,184.61205727215452,2.4281082630579083,92.64048531462934,99.9560463461826,88.2748,56.47014823881409,94.06386095891786,46.15997461772038
455,9.0,23.0,12.159294019113986,978.6700498289696,32.0,3.0428571428571427,7.0,192.91543395437614,35.72326604701961,7784.854887918224,43.52121340959555,181.84433032921203,2.3615073246805536,185.8075971171191,2.412975982143569,92.57390265035512,99.95806186894447,88.2252,56.66903281844964,94.07108297282262,46.26417814512558
456,9.0,23.0,13.159294019113986,960.7470954211193,32.457142857142856,3.1714285714285717,7.0,215.79693869765146,40.86777922492628,7602.434596714102,43.294266294421405,175.92466165584275,2.24368333605144,183.11235339070228,2.3353527132631897,91.10247817758585,99.9467071843251,88.19200000000001,57.36252765329854,93.98839449232827,46.06341722110731
457,9.0,23.0,14.159294019113986,932.9101874921141,32.871428571428574,3.285714285714286,7.0,233.14813571418696,49.5409820497455,7275.088672078086,42.666324004203666,166.75957120819245,2.031000856040846,178.7520100477004,2.177059360344925,87.91778248458402,99.91554207046464,88.32799999999999,58.50584793333741,93.98916205401929,45.39494030139522
458,9.0,23.0,15.159294019113986,875.9170491815687,33.32857142857142,3.4142857142857146,7.0,246.1341840326541,60.18507670782583,6528.923214376109,40.78170256708134,145.11417288596607,1.7105201110946506,165.67113634967663,1.9528334477481752,82.46257707458393,99.82968121850405,88.305,59.69217715241179,93.98229617608045,43.392962532725114
459,9.0,23.0,16.159294019113986,735.6722189380362,31.32857142857143,2.657142857142856,7.0,256.487202873522,71.8538491093728,4701.313390429754,34.96404075188076,99.8988221468806,1.1393952539381837,135.7925711685666,1.5487811345967817,68.69676076383061,99.78749027603584,88.1842,61.475644568893415,94.08391654928407,37.16261188336639
462,9.0,31.0,7.114228087494666,643.4638267931838,22.671428571428574,4.3428571428571425,7.0,105.97582732352723,73.65986118139041,3974.216180270312,33.79201749137944,85.9672878711814,0.9754788717204576,133.60080907673495,1.5159809007165634,66.6998616171618,99.76741019764461,88.138,61.241399702045875,94.07889117088878,35.91880927890426
463,9.0,31.0,8.114228087494666,818.7587613654657,25.814285714285717,3.9142857142857137,7.0,116.4058453654533,62.19389121951909,6091.9672816925495,40.708806833307335,138.55959659704757,1.6138280849112023,169.2312841525727,1.971066645100418,82.72937056631413,99.80757549658668,88.2424,59.45708426911435,93.96891840795641,43.32156581453267
464,9.0,31.0,9.114228087494666,895.5642515568563,28.97142857142857,3.4571428571428573,7.0,129.37725202039923,51.85735215676144,7040.856647234681,43.01456391087068,160.96734943937244,1.9604834224321508,179.73847120354066,2.1891041530789446,88.7179927458836,99.90594261366212,88.244,58.53313823572781,93.95621218756904,45.7815006686293
465,9.0,31.0,10.114228087494666,909.0027241054204,30.571428571428566,3.7,7.0,146.32894926927912,43.57719848409003,7263.056066430219,43.71605700047003,167.64754103388694,2.127594993745097,184.43018550783157,2.340581537683436,91.69559225859575,99.94039970721073,88.25460000000001,57.47148590734904,94.05062042571659,46.48141267180477
466,9.0,31.0,11.114228087494666,904.2530776892872,32.18571428571428,3.9571428571428573,7.0,167.98257961564923,38.770296168852546,7214.240164347027,43.650313988198214,168.1838812536691,2.1930433605493107,185.99204736293885,2.4252539633631947,93.07261955043626,99.94964330675619,88.17099999999999,56.590405167111854,94.04064871107974,46.416432241237175
467,9.0,31.0,12.114228087494666,914.146000282056,33.785714285714285,4.2,7.0,192.00604740181427,38.78545333337991,7312.558901764455,43.76637583959015,169.77710015427203,2.211695410842504,185.72208389238483,2.4194115711933266,93.06094399633879,99.95420093094543,88.2114,56.73634188111737,94.01259370314843,46.553737234168494
468,9.0,31.0,13.114228087494666,899.6325633233948,34.128571428571426,3.9571428571428573,7.0,213.63332458728954,43.61831854594564,7166.425276613364,43.58370854082496,165.87328570843653,2.1113496662969595,184.37892587577375,2.3469022269461624,91.6617773486068,99.94424221544264,88.2388,57.35574262724856,94.00298130948286,46.36417689491759
469,9.0,31.0,14.114228087494666,852.2624025413694,34.42857142857142,3.714285714285714,7.0,230.55320336400152,51.91691775678187,6682.843435664167,42.901722387282724,154.74764397333857,1.8624184919209141,181.5727685650512,2.185264170245397,88.47795644189092,99.90054845600912,88.2842,58.47676322389576,94.01679903207794,45.631975167166594
470,9.0,31.0,15.114228087494666,781.0495574968598,34.771428571428565,3.471428571428572,7.0,243.49671087888856,62.26716848838874,5815.019863684576,40.734218019482626,130.66991167273625,1.5227794043877512,167.30041060584253,1.9496578543210727,82.40021770072504,99.81666220975293,88.2524,59.683098991265815,94.02646114517871,43.32207925659159
471,9.0,31.0,16.114228087494666,621.9222069189681,32.771428571428565,3.1714285714285713,7.0,253.90166767281585,73.74545749915985,3829.7613849784348,33.69166106696955,80.05182805849743,0.9338227790238459,128.71678671047619,1.5015105886796485,66.24731320706437,99.7806117939292,88.24539999999999,61.38931856021115,94.08558785223775,35.8095876701994
474,10.0,8.0,7.078970062538247,489.04522245035633,18.97142857142857,4.014285714285713,7.0,108.17726914353874,75.32065070720648,2900.8978192965765,32.45414577735805,62.187211035464316,0.7121966077680357,127.16045097808318,1.456300102881246,64.06620535157501,99.76986634982586,88.0358,61.3164498162426,94.06010821409606,34.50362368655494
475,10.0,8.0,8.078970062538247,670.9339129312377,21.728571428571428,4.142857142857142,7.0,118.61234120156104,64.03342138532064,4979.070390672279,40.60273545173753,112.09202451170995,1.3122923420089336,167.06865214487672,1.95591893138278,82.31941725780771,99.81938905003625,88.256,59.56120894563468,94.00054124723182,43.19415070701332
476,10.0,8.0,9.078970062538247,791.6802741578232,24.514285714285716,4.257142857142857,7.0,131.49428906996843,53.955944317570655,6239.071452258703,43.117831099040764,143.13743631039122,1.738592590980187,180.80207500768987,2.1960792099180115,89.14647282889047,99.8847515920388,88.1574,58.42045611986945,94.02207508951724,45.85926343147481
477,10.0,8.0,10.078970062538247,840.6083352488416,25.89999999999999,4.314285714285714,7.0,148.03568620530783,45.98732905142615,6706.113202398602,43.6479609228218,156.86541809910796,1.9787340998641043,186.60940121735976,2.3539310959584387,91.9725416431126,99.9344776691281,88.2142,57.26685753955471,94.00448455364429,46.43178581327554
478,10.0,8.0,11.078970062538247,775.5844172108326,27.328571428571426,4.371428571428571,7.0,168.67889402004482,41.42562801595674,6228.2964670385945,43.9366533451822,145.06185547393346,1.8841143503355668,187.035546685694,2.4292834003953363,93.49218713731717,99.94741470756232,88.2376,56.69930786745163,93.98285730284498,46.7496462717698
479,10.0,8.0,12.078970062538247,724.503247159851,28.71428571428571,4.428571428571428,7.0,191.30996918344297,41.44050838758692,5819.048500513642,43.94388123713015,133.6294545322167,1.7466973557143715,184.44286489544655,2.4108896165222964,93.2397225485469,99.94579699955776,88.187,56.924274329696665,93.93573384676098,46.780793035392236
480,10.0,8.0,13.078970062538247,675.5473257384652,29.042857142857144,4.385714285714285,7.0,211.92931805166347,46.02805497483879,5428.019235801765,43.96148664756299,125.38864861791421,1.582460848116477,185.61045812866973,2.3424870291457847,92.16515085885747,99.93198605260652,88.21719999999999,57.52020254726784,94.06486524861857,46.73528902781116
481,10.0,8.0,14.078970062538247,656.9477639470952,29.34285714285714,4.314285714285714,7.0,228.44033779026296,54.015356948878576,5154.852196989216,42.931113244311994,118.51754014310372,1.4392377858656824,180.4063376835667,2.1907948620121735,88.76336842213298,99.88532292023143,88.2478,58.34212550455719,94.04821629273566,45.64798242497665
482,10.0,8.0,15.078970062538247,560.8982031181703,29.671428571428567,4.271428571428571,7.0,241.29442146098208,64.10653240171456,4133.696306063404,40.32192798710439,93.54182855630735,1.0913951731365132,166.77148907998892,1.9457990185548475,81.84866837265423,99.80893841833647,88.2438,59.48802841208421,94.02567459756996,42.88395500450521
483,10.0,8.0,16.078970062538247,357.5137718665311,27.97142857142857,4.0285714285714285,7.0,251.70382761072932,75.40555037084337,2099.107207757317,32.12392590213681,45.01831413495298,0.5177622480957063,125.92050342541617,1.4482302189158742,63.47071635324449,99.7626465589424,88.1386,61.17339592900668,94.0932600103366,34.1405175021121
486,10.0,16.0,7.045982091747646,566.1970813225971,17.974999999999998,4.35,8.0,110.5900887757645,77.19381462017702,3167.3238608717984,30.60635546220941,67.8059349502866,0.7817087753705645,119.75677230955807,1.380630174822779,60.3332928478683,99.7697692248368,88.1724,61.30609052693323,94.06311073861593,32.538106832612456
487,10.0,16.0,8.045982091747646,778.4237106977632,21.2,3.7875000000000005,8.0,120.98921383515288,66.11970541278602,5707.10901150188,40.11316072696548,128.98861710830062,1.5073545833977369,165.70489225293232,1.9364191540961346,81.44208895789438,99.8022536731607,88.1938,59.496429196290826,94.05213831241741,42.64991891382597
488,10.0,16.0,9.045982091747646,856.1273971194817,24.375,3.2250000000000005,8.0,133.72165542016913,56.33397406762969,6756.0492042057085,43.175878234895436,156.05817192188601,1.8842184049758397,182.2838194957408,2.200862174619646,89.26168748169407,99.88173563155891,88.2768,58.38584409633854,93.95845392986041,45.95209523895109
489,10.0,16.0,10.045982091747646,877.0675223853154,25.9875,3.425,8.0,149.7789153718854,48.69817547401734,7056.852176150911,44.02149245040995,164.1736851238954,2.0615667112269502,187.18477304620822,2.3505222330205697,92.46852868361785,99.92109022471146,88.202,57.465358937235344,94.0002685327057,46.83124116299036
490,10.0,16.0,11.045982091747646,855.5479372291841,27.624999999999996,3.6,8.0,169.37220227516366,44.38622125728839,6911.451353701793,44.19892215451048,160.3217112380516,2.0754555771238588,187.39068176270365,2.425878769394877,93.88844029762612,99.93649972898992,88.1886,56.83799184410763,93.97757761594481,47.031348621409265
491,10.0,16.0,12.045982091747646,804.4788535960513,29.237499999999997,3.8,8.0,190.61542017358087,44.40036956319994,6521.124936025161,44.35010573916132,147.49470161329808,1.942775669755793,183.34192496669255,2.414949331572249,93.86702817731477,99.93832059683892,88.198,57.030345935496165,93.9906820559952,47.18564092634165
492,10.0,16.0,13.045982091747646,765.9898447338578,29.3875,3.8249999999999997,8.0,210.1878068475838,48.737219635263166,6167.44170332485,44.052322785233244,142.12542426813516,1.8025236475683242,185.5447891969331,2.3531952283187367,92.51035890285611,99.92429616970351,88.2386,57.47370474460089,93.96790565873911,46.88017943617575
493,10.0,16.0,14.045982091747646,735.3424685686257,29.5125,3.8375,8.0,226.21701119876926,56.39134653385824,5791.741571495313,43.0929572209679,133.37561514714452,1.6147398568083537,181.37890962120767,2.195901808787831,89.01774700981193,99.8890436239711,88.323,58.408160952111075,93.94301638249894,45.871379140638155
494,10.0,16.0,15.045982091747646,664.710719192226,29.662499999999998,3.8625000000000003,8.0,238.92244098434898,66.19037164912122,4839.953955523151,39.83779746651955,107.58441963292842,1.275140922294357,161.85148896600893,1.9183396408048634,80.80394116750207,99.80774419094992,88.2158,59.55850451240372,94.01742977554873,42.372778708826424
495,10.0,16.0,16.045982091747646,490.90827111818635,27.412499999999998,3.5,8.0,249.29591493806694,77.27542914132957,2712.2186317868955,30.22811858265148,57.87280611802787,0.6738666425359985,117.88924636817734,1.372693601191667,59.772204062017245,99.77543636796679,88.17099999999999,61.151717004080794,94.005613695931,32.15565261924341
498,10.0,24.0,7.523288604870686,638.2907500337125,15.457142857142857,4.799999999999999,7.0,117.80350035665467,73.44373010097057,4097.184789238622,35.11994058993628,91.43111087592929,1.052729203025713,143.2436720586977,1.6492941546937836,70.40265211155446,99.7784349387918,88.1908,60.24724019664664,94.0952337837736,37.323825211636375
499,10.0,24.0,8.523288604870686,789.8294160942854,18.185714285714283,4.514285714285714,7.0,129.12783916783553,63.17897235823059,6009.261595712971,41.62694866037474,139.90726331286427,1.6489907302955846,177.13605047113478,2.0877808507688416,85.80399196185581,99.8249564091576,88.20660000000001,58.62181751279355,93.98695798736095,44.290132962886815
500,10.0,24.0,9.523288604870686,855.2767406046551,20.957142857142856,4.214285714285714,7.0,143.1115141741791,54.63907557531612,6838.635203432234,43.74712808624218,159.63195420353296,1.9579424808098245,186.64362845957663,2.289250236625888,91.37208756890884,99.88910935994105,88.19500000000001,57.85337104925014,93.9388469447017,46.5697946154209
501,10.0,24.0,10.523288604870686,885.359511333639,22.7,3.6999999999999997,7.0,160.3141920948586,48.790051734507045,7163.548368677329,44.26855152259624,165.5262956310755,2.12716100811237,186.9594142403679,2.4025957601202865,93.63377678304732,99.91612887138929,88.23060000000001,57.04711842335117,94.01003762119512,47.089175414408764
502,10.0,24.0,11.523288604870686,905.124409555813,24.44285714285714,3.1571428571428566,7.0,179.9936743246769,46.68361749232201,7347.810382120672,44.41569219901484,166.9076380746922,2.2105170100473486,184.40297964851217,2.4422245016374635,94.43235631583447,99.92540003945408,88.2038,56.77914180035852,93.98609223882983,47.2577283946962
503,10.0,24.0,12.523288604870686,849.6800091291565,26.185714285714287,2.642857142857143,7.0,199.66467163680971,48.81550487283113,6890.981038277115,44.3723495951725,160.4866219613804,2.029416708577095,188.8788958632372,2.388448223769628,93.54190209751391,99.92201527049819,88.22240000000001,57.254837011761296,93.98401496269233,47.212655910461415
504,10.0,24.0,13.523288604870686,817.9297313255481,26.57142857142857,2.7285714285714286,7.0,216.84426629329906,54.68497514655015,6536.616872786912,43.72439483808312,150.42141814371857,1.8637961765104465,183.90506223553405,2.2786751784776826,91.06213520093951,99.8956172845097,88.3288,57.901823053018816,93.9820632366815,46.524191246971206
505,10.0,24.0,14.523288604870686,798.4986453728517,26.899999999999995,2.8000000000000003,7.0,230.8020972586738,63.23959416085143,6057.359080164366,41.504568901293524,137.5106009758064,1.649087095334594,172.2114392712552,2.065234681224246,85.24879412175378,99.8398864236841,88.18740000000001,58.85455590360515,93.95436440547134,44.17524312353983
506,10.0,24.0,15.523288604870686,601.9126030826059,27.28571428571429,2.885714285714286,7.0,242.10138373966134,73.5152926189633,3834.0133432795096,34.85033480993088,83.63408065807535,0.9832573928610211,138.94721630641365,1.6335550839530766,69.92414719429473,99.78383582421675,88.08120000000001,60.28344263563422,94.06722080039862,37.04833045283634
509,10.0,31.0,7.513643891040374,410.4607037674536,12.142857142857142,4.942857142857142,7.0,119.61360760117114,75.02446586715475,2517.8626303290803,33.561952494082654,55.75445825610719,0.6526809091350442,135.83385143659177,1.5901178922716568,67.45768561659624,99.78304629329145,88.1294,60.13450354908333,94.08371973404537,35.67243364628348
510,10.0,31.0,8.513643891040374,540.4254240772674,14.285714285714285,4.857142857142857,7.0,130.82019664538993,64.97121854451404,4078.710802248145,41.2927600653369,95.11893791192273,1.1136894427882111,176.00751865871337,2.060764340777908,84.98271248443473,99.82292406847844,88.0978,58.79502125269212,93.97393695822873,43.94065142092692
511,10.0,31.0,9.513643891040374,807.8488731968677,16.5,4.785714285714286,7.0,144.53204834649105,56.67585120377494,6454.9638146524085,43.71701091831996,151.88785387073486,1.8522650886329177,188.0151831736488,2.2928361356784768,91.42184261134688,99.88981740522257,88.21719999999999,57.73354516568317,93.9934899006974,46.5106795848375
512,10.0,31.0,10.513643891040374,746.0146878927286,18.228571428571428,4.785714285714286,7.0,161.17242289820123,51.0457417131742,6050.646390317279,44.37528611631587,139.17562093456598,1.7842373354651446,186.55882141904746,2.391691965884866,93.66894098592041,99.91772438803264,88.24,57.191433568416436,93.95211029624664,47.2318141406225
513,10.0,31.0,11.513643891040374,798.8097929515683,20.014285714285716,4.785714285714286,7.0,179.99697444591231,49.03191352323708,6498.648354947202,44.51090545131802,146.00299582395093,1.9456132968212887,182.77567089466447,2.435640266292092,94.55035952476828,99.91857970343962,88.1844,56.87222939738471,93.94311895848466,47.380697963613784
514,10.0,31.0,12.513643891040374,805.5447116399267,21.742857142857144,4.785714285714286,7.0,198.81647175606884,51.07128519535542,6534.818068994765,44.3844274508941,149.34102872743318,1.9218099443809673,185.39135887740474,2.3857272186276903,93.52477685438751,99.91526460552728,88.2748,57.24195011337868,93.9985025966875,47.21822818958204
515,10.0,31.0,13.513643891040374,792.4612334414174,22.085714285714285,4.742857142857142,7.0,215.43490503064294,56.72211282862429,6346.236474782964,43.815219970419925,146.43553948261967,1.8053700995950592,184.78574509783246,2.278180967610097,91.2957830382599,99.87626847474834,88.2556,57.93543468593158,93.97783347693272,46.62293048197858
516,10.0,31.0,14.513643891040374,731.1477582225132,22.42857142857143,4.757142857142857,7.0,229.1215575564669,65.03239747006462,5501.930248979853,41.17150087647356,125.50515703545945,1.5001828517054288,171.65498440503177,2.0518189857444273,84.4727281757132,99.82129348185529,88.30120000000001,58.84728748834286,93.96452670136881,43.81600410474243
517,10.0,31.0,15.513643891040374,602.433529031082,22.77142857142857,4.714285714285715,7.0,240.3033862221227,75.09640092078244,3676.85134201733,33.39286702214198,80.81032446731271,0.9462154355810068,134.13981887310155,1.5706553337143154,66.92010962440975,99.77992758029241,88.1528,60.30687094412384,94.06996297497228,35.49790599048741
520,11.0,8.0,7.51580449465655,599.419519797613,9.971428571428573,4.328571428571428,7.0,121.47473197840779,76.69695769432488,3484.8835964744403,31.80857155030765,78.31116554603742,0.9072187792454102,130.64500397397512,1.5134955557532093,63.85775913704368,99.80583405162636,88.172,60.19127098844555,94.03951005119995,33.824688721782394
521,11.0,8.0,8.51580449465655,793.7089547201712,12.57142857142857,4.5857142857142845,7.0,132.5331079173298,66.86907928030179,5886.946793941749,40.58033259775261,137.8150073056396,1.6195227986289469,173.63418478027307,2.040449196141328,83.59701664871538,99.82089701124721,88.2174,58.65881439119504,93.97575433746462,43.18170456182733
522,11.0,8.0,9.51580449465655,740.8128025823369,15.157142857142855,4.857142857142857,7.0,145.94202103984975,58.82495061698194,5908.9520132410225,43.64040331177375,138.98230134216453,1.6874464187476579,187.60785566569297,2.2778310699619806,91.19946524624831,99.87615115909813,88.172,57.80352203200443,94.00472267078428,46.42362859215875
523,11.0,8.0,10.51580449465655,791.3834157295527,16.52857142857143,5.014285714285714,7.0,162.00601265968592,53.4120214670298,6432.676431424321,44.47249892448949,147.03889707366807,1.8964985852503646,185.79982111214363,2.396434582220856,93.9951703621992,99.9036512765639,88.2212,57.16629489358516,93.90562914564487,47.35871462563119
524,11.0,8.0,11.51580449465655,785.785321941974,17.914285714285715,5.214285714285713,7.0,179.99504253430004,51.486777993587424,6402.147662054576,44.57676481838373,144.3214510990353,1.9106864105706147,183.66524172577084,2.431562867385437,94.59019572633423,99.91156803479231,88.2034,56.90663531739998,93.97198758903433,47.43622643519082
525,11.0,8.0,12.51580449465655,609.348336064547,19.285714285714285,5.371428571428571,7.0,197.9782762573981,53.4335626560167,4942.868674250942,44.38131990210099,114.10319130453233,1.4528934543133838,187.25445619735905,2.384339741857409,93.66151150179171,99.90618159074324,88.2556,57.24214270160412,93.88334125851956,47.27283808518431
526,11.0,8.0,13.51580449465655,425.0580959633535,19.057142857142857,5.214285714285713,7.0,214.02430832390962,58.86415774688432,3389.5840752802383,43.629967527747944,77.85523618318958,0.9666352266550116,183.1637531964616,2.2741249627635614,91.01218543667932,99.86903995867283,88.27120000000001,57.88038422970293,93.95156864897069,46.438785594694735
527,11.0,8.0,14.51580449465655,340.36904335005704,18.814285714285713,5.042857142857142,7.0,227.41178232729254,66.92109018517503,2524.7197484185976,40.58353700511104,57.39083920115225,0.6885365440836534,168.61356907281336,2.022911770432421,83.37346950726226,99.82577448685142,88.16159999999999,58.84737751113535,93.98807501004048,43.17945335168916
528,11.0,8.0,15.51580449465655,376.5437491978012,18.585714285714285,4.885714285714286,7.0,238.44830940982382,76.75806402479587,2176.888149796515,31.63060103551303,47.05821947626029,0.5629519722016927,124.97410878952145,1.495050637279255,63.384929453318925,99.77722373588081,88.1602,60.262062348375125,94.13984093207166,33.59959048405093
531,11.0,15.0,7.529927776590739,524.9333649233542,10.785714285714285,5.4714285714285715,7.0,122.90439598616732,78.0022232333584,2912.9550540822597,30.361021386920783,65.30112185149133,0.7539023695399892,124.398878438649,1.4361867999190083,60.73418961176391,99.80404075226578,88.1816,60.38009835380098,94.07261600532934,32.274026891312126
532,11.0,15.0,8.529927776590739,655.8788165298181,13.328571428571427,5.514285714285714,7.0,133.83228340977377,68.35266871027609,4807.784968328489,40.105894084334246,111.55221340570361,1.3140095021537683,170.08052492976367,2.003433361525604,82.29888796752492,99.84383357963354,88.2392,58.844467851816205,93.9995524933067,42.66604789122801
533,11.0,15.0,9.529927776590739,771.1046752623508,15.871428571428574,5.514285714285714,7.0,146.99599848754156,60.501524669491026,6137.226192916195,43.54572897250789,143.75038227648625,1.751015036493967,186.42136001519955,2.2707877317670575,90.87703157218678,99.85797095540016,88.2918,57.83586490998839,93.9704030844175,46.33983418522634
534,11.0,15.0,10.529927776590739,881.1111603130513,18.085714285714285,5.0,7.0,162.62201976337707,55.25110457176485,7178.961946234317,44.57770652560087,164.44355380562055,2.1005685804287366,186.63201785708304,2.383999516794706,93.94709045264862,99.90092253139532,88.21379999999999,57.286352330289226,93.98903423631855,47.42862493247694
535,11.0,15.0,11.529927776590739,884.8853015805186,20.32857142857143,4.485714285714286,7.0,179.99626629458598,53.39124224860181,7215.195556137645,44.611609985281085,162.84566387353752,2.1479689512509585,184.03025068070892,2.4273981581730544,94.57342793574303,99.90705666596392,88.22579999999999,56.92584163605381,94.01075401681261,47.45373064160604
536,11.0,15.0,12.529927776590739,886.5636128517102,22.542857142857144,3.9714285714285706,7.0,197.36630761092752,55.27043703140566,7188.057197156902,44.35967883936312,164.55138786788632,2.1079807047210917,185.6058442761848,2.377698198035204,93.598458102704,99.89638903310791,88.2146,57.24985020970641,93.94097965526537,47.22079650664658
537,11.0,15.0,13.529927776590739,757.9808326707655,22.814285714285717,3.771428571428571,7.0,212.9767513784389,60.53681960964234,6016.262767798437,43.42655159194299,137.83504914718998,1.7160601629521877,181.84503249445575,2.263988862232313,90.56254502824281,99.86276024032811,88.3126,57.856208201706735,93.97893548551471,46.208814100300664
538,11.0,15.0,14.529927776590739,645.7138406801915,23.07142857142857,3.585714285714286,7.0,226.12147867493422,68.3995588660578,4714.02648837223,39.94281737383444,105.93958090029935,1.281974182875469,164.06583570936493,1.9853596161498475,81.81985614698355,99.82388061054722,88.2356,58.97988424186139,93.97184963888077,42.50508798893337
539,11.0,15.0,15.529927776590739,468.0122305945429,23.342857142857138,3.385714285714286,7.0,237.029706043905,78.05720981250754,2583.6160720940547,30.20351907563423,55.67951213739447,0.6659946806991985,118.97020739535284,1.4230283679833475,60.33704717654368,99.78897023823016,88.234,60.39764764139479,94.13149600968808,32.0865176439198
542,11.0,23.0,8.06001693915914,585.1188261325709,10.8125,4.8625,8.0,129.43912087827542,74.35398506692448,3755.9480396427525,35.12062819541163,86.17715471013663,1.0073521346084795,147.28145952803678,1.7216197627184924,71.31729168780893,99.8127794991285,88.2382,59.41094319484973,94.11485905398949,37.31677287564602
543,11.0,23.0,9.06001693915914,738.6816388636469,12.9875,5.075000000000001,8.0,141.23907721492847,65.69779538280713,5613.480440173078,41.57781679427554,131.14610788716624,1.5821677400007543,177.54077127044235,2.141880421496176,86.41701160658354,99.83993107513717,88.212,58.15661944708121,93.93584412034596,44.26192917477603
544,11.0,23.0,10.06001693915914,774.5297967300903,14.725,4.675,8.0,155.3244275406448,59.21564385827751,6232.554240107163,44.026555434216775,144.29340368526059,1.8042953636306118,186.29806663918993,2.3295364119598565,92.3933824000587,99.88305842999144,88.2492,57.493249835500194,94.0273886104424,46.82311833270175
545,11.0,23.0,11.06001693915914,769.880019056554,16.5125,4.262499999999999,8.0,171.48469941428266,55.69211843379153,6288.146631032561,44.68753337782287,142.27722218662956,1.857878185455583,184.80440934287725,2.413204836426735,94.49199739878472,99.90252858972471,88.23100000000001,57.087072437461,93.98442747727516,47.54780613908409
546,11.0,23.0,12.06001693915914,759.8046802733712,18.25,3.8625000000000003,8.0,188.5162545362021,55.700916327566915,6211.266725999658,44.72650741049756,140.02299562847674,1.8278424240016937,184.2881457088388,2.4056740784276975,94.3868017205307,99.88854682732233,88.28819999999999,57.17214462443503,93.98333994446648,47.58982542749158
547,11.0,23.0,13.06001693915914,745.4798179040392,18.525000000000002,3.8624999999999994,8.0,204.66664247444106,59.24041786436519,5993.333531680202,43.98649206027721,137.03188230817426,1.7309639646506614,183.81702497788277,2.3219461118576885,92.23729892442859,99.8658290045056,88.2456,57.593796239980385,93.95655274865139,46.81577896748513
548,11.0,23.0,14.06001693915914,710.2290768158268,18.8,3.875,8.0,218.736742439563,65.73489008746253,5413.562693220094,41.70340290182272,123.20603080455184,1.5073676972518129,173.4736507225556,2.1223683265824613,86.26386501287175,99.83359820086555,88.2202,58.429900514797886,93.94262084832845,44.39242010200396
549,11.0,23.0,15.06001693915914,604.9775417045297,19.075,3.8750000000000004,8.0,230.51994256506543,74.39971631890312,3869.6738734904743,34.99628011851047,84.86573199671898,1.0250919440142094,140.27914450775978,1.6944297487903497,70.78650163940856,99.81518771485845,88.1976,59.69493812660023,94.07636597516374,37.19986391454526
552,11.0,31.0,8.103834254136927,498.86860931236725,9.028571428571427,2.7857142857142856,7.0,130.45574218711448,75.42794693134505,3092.7836582013074,33.919554234965766,71.75017451467232,0.8344818402315715,143.82579536036883,1.6727487451692107,69.01484537575288,99.82085883449398,88.1986,59.352616860857374,94.05562019657675,36.0632933620274
553,11.0,31.0,9.103834254136927,652.7563378047655,11.828571428571427,2.942857142857143,7.0,142.10416568210746,66.91547604883357,4921.954534354101,41.2546846829435,114.13584462600215,1.378617676105464,174.8521431593351,2.111994317422925,85.56506911408934,99.84484025805514,88.16720000000001,58.32712335738564,93.90171699230314,43.93389812704386
554,11.0,31.0,10.103834254136927,720.8872691396473,13.514285714285714,2.9571428571428573,7.0,155.93171150777349,60.5676293745233,5778.453107178091,43.85620102937317,134.47156082864365,1.6742990062510394,186.5361847617736,2.3225531618130173,92.13565036129121,99.8619260522187,88.2136,57.496611489378125,93.97786368356834,46.66652263669327
555,11.0,31.0,11.103834254136927,719.6868981847363,15.314285714285711,2.4,7.0,171.7056578203284,57.12862520280333,5861.30824928009,44.55923609738355,133.13839104594737,1.7263382324982506,184.9948795535418,2.3987351122447658,94.1231904789118,99.88621501735108,88.2366,57.130895137298864,94.01902567870832,47.39385010184646
556,11.0,31.0,12.103834254136927,675.3651033943054,16.514285714285712,2.4285714285714284,7.0,188.2894219295336,57.13455719091337,5495.918655967673,44.5234132960691,125.24354654549487,1.6241450241478865,185.44568843731423,2.404840013179723,94.09442809274543,99.88744273054424,88.3106,57.0308532249873,94.05696157240655,47.336648507186005
557,11.0,31.0,13.103834254136927,661.3409486975643,16.871428571428567,2.1428571428571423,7.0,204.05674068825317,60.584359895522745,5294.42653273126,43.80062260448468,122.30052182509644,1.53375020616901,184.92809505589122,2.3191520337422875,91.91808620972277,99.87719970002289,88.2734,57.52849770317019,93.9507097791798,46.620853325571396
558,11.0,31.0,14.103834254136927,611.083029203497,17.04285714285714,2.5142857142857142,7.0,217.8738456868977,66.94056497544256,4604.139775256233,41.22256851785688,105.98300643971966,1.2847321822725506,173.43470751897812,2.1023856348082632,85.36389948697234,99.83829999546423,88.188,58.34739804691671,94.00103557955471,43.85331317224638
559,11.0,31.0,15.103834254136927,509.1984988168046,17.07142857142857,2.371428571428571,7.0,229.51048279566464,75.4588733102814,3157.1105241833766,33.92262433437876,69.68795288516586,0.8427080465423024,136.8581271293921,1.6549696208854794,68.72743401173213,99.81640479795462,88.2376,59.54725258754978,94.11134372866879,36.045202406397095
562,12.0,8.0,8.15155495063118,440.3956564415166,8.585714285714285,2.4285714285714284,7.0,131.0883013625909,76.09986768021017,2677.99876023656,33.27010077108118,61.3182620643171,0.7199544163270375,139.23448419037712,1.6347900025727105,67.49840895569744,99.82390934844193,88.25,59.478106490068626,94.07065289997519,35.367141340516795
563,12.0,8.0,9.15155495063118,430.85564186190976,10.514285714285714,3.9714285714285715,7.0,142.6389992234497,67.67715208896261,3216.310663299284,40.84256209385579,75.33370057527878,0.9025632520610198,174.84673114579618,2.094815906693624,84.72505931596852,99.84581268054656,88.2044,58.247907308410284,93.97247456041171,43.46226092790554
564,12.0,8.0,10.15155495063118,436.51630000392834,12.057142857142857,3.7714285714285714,7.0,156.30532896395334,61.41202618803688,3479.197253996339,43.607918575990276,80.33137598333204,1.0127957472882834,184.0283535405416,2.320178530055278,91.69996546312751,99.86157742828533,88.2804,57.405437043859784,93.96809965301655,46.407151721717696
565,12.0,8.0,11.15155495063118,486.1301220026074,13.514285714285712,4.342857142857143,7.0,171.84280149310217,58.02447776433946,3952.52366184164,44.484500469944386,89.06649886289603,1.1634894301701852,183.2153467388271,2.3933703704209974,93.96929506910602,99.88210140639418,88.2114,57.12845913056112,94.04979497123239,47.298880857264116
566,12.0,8.0,12.15155495063118,541.2596509971972,14.128571428571428,4.271428571428571,7.0,188.15462887291307,58.02853966313926,4409.6918275613625,44.57479537567937,99.78603740702702,1.2954587064026024,184.35890653069157,2.393414517442592,94.11907807364732,99.8829714368658,88.1836,57.20500815164327,93.99361732531001,47.423215154500234
567,12.0,8.0,13.15155495063118,495.9485033813622,14.614285714285714,4.185714285714286,7.0,203.68765223228448,61.42349431114208,3958.587830137571,43.67073212238158,90.53471420352341,1.1437211840428572,182.54861862927385,2.306128915088966,91.58822716180156,99.86196141719613,88.2362,57.590813760293436,93.96166776363758,46.4771785790735
568,12.0,8.0,14.15155495063118,358.4027628496424,14.771428571428569,4.328571428571428,7.0,217.34692253839617,67.69436810810409,2680.398524296306,40.91803720449798,61.533971187088035,0.7446042369832353,171.68944429399627,2.0775627706185196,84.52009453091985,99.84016976011861,88.21860000000001,58.51044987601842,93.94115797929933,43.557092636131415
569,12.0,8.0,15.15155495063118,328.5037223532776,14.614285714285714,3.657142857142857,7.0,228.8895964165946,76.12109082129557,1997.4116961110628,33.2670327095812,43.643208122868245,0.5303893505296537,132.8545314805709,1.6145611584859467,67.25395171835568,99.81270605734913,88.20360000000001,59.70803649316662,94.10036905984857,35.35271226027085
572,12.0,16.0,8.21363855371601,600.9277245094169,9.442857142857141,3.314285714285714,7.0,131.4998734068139,76.53805779987256,3589.612041230825,32.68225722691315,81.17072069813332,0.9667239215576754,135.0756794661108,1.6087191223318675,66.39712250299284,99.82420404126555,88.1704,59.434826178146096,94.09425789210083,34.733529929520614
573,12.0,16.0,9.21363855371601,734.932048140181,12.07142857142857,2.557142857142857,7.0,142.98516048463503,68.17314812612791,5463.367327387095,40.6724174791133,127.0664899161007,1.5261679656070284,172.8955625729687,2.0766109866471996,84.1559813595614,99.84195548904232,88.203,58.393025040993095,93.98479279699745,43.27553029452725
574,12.0,16.0,10.21363855371601,750.1155387367804,14.285714285714285,2.4285714285714284,7.0,156.54616854625885,61.960625677405865,5946.461464573533,43.37277591100934,138.4585065864216,1.7320656759147188,184.5829068140494,2.309065185919992,91.38536981844054,99.86724940772814,88.1352,57.37040748390674,93.98967055077193,46.14632188499901
575,12.0,16.0,11.21363855371601,817.7495765404227,16.2,1.6857142857142855,7.0,171.93173175892625,58.60517017756855,6645.531355357188,44.46273311414409,150.14482485830217,1.9555726576715988,183.60734039570642,2.391407728934399,93.90625393711265,99.88595630063098,88.2118,57.177521132387255,93.98211187817338,47.30978292100948
576,12.0,16.0,12.21363855371601,874.2000825972895,17.54285714285714,1.8999999999999997,7.0,188.0702241723088,58.6071572249441,7095.303479254843,44.40653676747073,160.77585271023383,2.0901655325333413,183.91196238801675,2.3909463910405515,93.8164948376215,99.89007950538044,88.2456,57.12807690649653,93.99455097145217,47.24373520435009
577,12.0,16.0,13.21363855371601,835.2491979695125,18.32857142857143,2.228571428571428,7.0,203.45371618209845,61.96624253254538,6661.843517188294,43.63802949288696,153.25338906809617,1.916770497674472,183.48223433276507,2.2948486539515796,91.35295883255311,99.86107869110292,88.2514,57.68284601628526,93.96756578119098,46.439459328446034
578,12.0,16.0,14.21363855371601,750.3446058975575,18.485714285714284,1.6999999999999997,7.0,217.01145670884603,68.18159468222437,5585.619633999855,40.7284014565947,126.68596332929833,1.5510014451843683,168.83704145211703,2.067052169088455,84.0689947170372,99.83744556013268,88.2166,58.524954242607286,93.98891837779951,43.33319518890739
579,12.0,16.0,15.21363855371601,594.7093426038502,17.84285714285714,1.7142857142857142,7.0,228.4930816283292,76.54848530690428,3548.396978157184,32.64481495832111,78.39660553476322,0.946923466371894,131.82339660499503,1.5922458225154565,66.12625934993763,99.81891211110354,88.134,59.620980648916046,94.12063022390336,34.68401654415449
582,12.0,23.0,8.271275889244862,534.7308720342616,6.5857142857142845,1.9857142857142858,7.0,131.57598831148397,76.62285989811116,3186.5403390609686,32.60400371856765,72.2177611732058,0.8580090155689146,135.05440764710258,1.6045623330196275,66.23195343727559,99.8235183366263,88.1678,59.45380299549381,94.07643531205926,34.65692934730944
583,12.0,23.0,9.271275889244862,601.7135033288006,9.385714285714286,2.142857142857143,7.0,143.04735251917847,68.26711204828969,4469.062445209897,40.63623253161144,103.44846554894067,1.248347165897592,171.92312450467352,2.0746537330332186,84.0452871777926,99.84878643748102,88.2196,58.4168689306611,93.96236095240317,43.24735151365109
584,12.0,23.0,10.271275889244862,647.3434299224589,11.342857142857143,2.8000000000000003,7.0,156.58757189495535,62.06226243385521,5136.714699499767,43.41476675124141,118.81741595272771,1.4951333896511294,183.546183463946,2.309644804505426,91.40143319068066,99.85710559442938,88.177,57.39991595779719,93.98075233670747,46.1953811517683
585,12.0,23.0,11.271275889244862,721.7385440925801,12.314285714285711,1.757142857142857,7.0,171.9448381472918,58.71030814597797,5873.767111882777,44.52701641160134,130.83481988561513,1.7223416879849303,181.2773073524981,2.386378976268169,93.86399961971537,99.88263628804408,88.2726,57.222833422177864,94.02411759109505,47.35701600013576
586,12.0,23.0,12.271275889244862,735.0296402038574,13.257142857142856,3.0142857142857142,7.0,188.052499704054,58.70949546007573,5970.814793111713,44.44424360048935,135.0810848408458,1.759564684796742,183.7763777844137,2.3938690204502966,93.89615704869996,99.89054419702951,88.2548,57.10484106980406,94.02255743644548,47.26976675839883
587,12.0,23.0,13.271275889244862,699.7127968415817,13.871428571428572,2.942857142857143,7.0,203.41056159744377,62.059962684374796,5577.462292544633,43.611758426182725,128.68901851930735,1.605457838951008,183.91691433998906,2.294452589973842,91.31593164496626,99.85930777613397,88.2778,57.660492594743715,93.9590555146784,46.41570542327305
588,12.0,23.0,14.271275889244862,683.4338963304347,13.957142857142857,2.3428571428571425,7.0,216.95201549558917,68.26364685684378,5078.154108095343,40.65333073922085,115.698721373907,1.4143948369398494,169.2902883440941,2.069541538009992,83.98893201114976,99.84272738809624,88.2544,58.47636513852258,93.93791192156314,43.27680901952113
589,12.0,23.0,15.271275889244862,581.6361097792729,13.342857142857143,2.657142857142857,7.0,228.42472007608873,76.61857111863789,3463.626759252911,32.58115656523972,76.0745620477944,0.9234392610947508,130.79408373848074,1.587658065874194,65.98501428863008,99.82342220477123,88.1198,59.649493771329695,94.10408193603226,34.62246896727279
592,12.0,31.0,8.33663482328302,256.9654222192171,6.25,3.3625000000000003,8.0,131.33939930903355,76.37077354993684,1549.4558002797364,32.990680660959285,35.570695813920324,0.4160232648740732,138.4260010810909,1.6189853922025508,66.93152119682875,99.82562595520243,88.2012,59.517260021306704,94.05916410003931,35.07439277885896
593,12.0,31.0,9.33663482328302,281.84779199581135,7.625,3.6750000000000007,8.0,142.84614209480088,67.97834792494373,2096.7874544087845,40.703011645026336,49.18865612899155,0.5895313181914211,174.5220559674371,2.0916655547196283,84.44433029403194,99.84472612862571,88.2312,58.22085903498755,93.97884934840083,43.31082145316664
594,12.0,31.0,10.33663482328302,365.2556810939011,9.237499999999999,3.500000000000001,8.0,156.44591732587492,61.73911081620283,2908.608788473741,43.568750400180924,66.95150701956298,0.8472235250640694,183.30038514130837,2.319535516947271,91.70051860620671,99.86443874694251,88.22579999999999,57.409126712989554,93.93250430003361,46.383039316205405
595,12.0,31.0,11.33663482328302,414.9882896958727,10.85,4.7625,8.0,171.89163611487396,58.36420432562123,3375.5914058715675,44.50417988408934,75.92415782634431,0.9925782368903749,182.95494044418916,2.391822279172729,93.94141115051447,99.89031236048254,88.2506,57.141722761809476,94.04795464200775,47.32073127320407
596,12.0,31.0,12.33663482328302,373.41391830831594,11.587500000000002,4.9625,8.0,188.10265854852685,58.36044538124185,3034.33486532611,44.4590089485373,68.69061358503777,0.8953534334152053,183.95300822269328,2.3977505644980823,94.0171310147929,99.88370405970312,88.2232,57.09402795714056,93.99065026753274,47.301522887638555
597,12.0,31.0,13.33663482328302,329.69797224539616,11.8875,4.6875,8.0,203.55225922653148,61.72848593934419,2630.2606196287616,43.64849544464896,60.524218466419704,0.7607844314192187,183.5747367635345,2.3075192917867335,91.5865379822338,99.85676274743555,88.2452,57.569326863280025,93.94591696333882,46.46130119915932
598,12.0,31.0,14.33663482328302,237.87240673095266,11.8125,5.4,8.0,217.15812076865183,67.96236862979504,1775.0567079536663,40.827702075342366,40.481223963761416,0.4931372410798989,170.1804110871422,2.073116625240461,84.25100924345715,99.84299207710382,88.2758,58.45885732698566,94.05248039748467,43.409490002598865
599,12.0,31.0,15.33663482328302,256.8069799895284,11.375000000000002,5.4,8.0,228.67161896765163,76.3510370395018,1546.5664310040115,32.949477137737766,33.9258329659288,0.4108224805111695,132.10635072034322,1.599732532690199,66.62247434688267,99.81538684846753,88.1844,59.70057349559653,94.11525155377606,35.00971053444077
