index,month,day,hour,dni,temp,wind,step_weight,azimuth,zenith,Absorbed power (kW),Field efficiency (%),Max flux (kW/m^2),Average flux (kW/m^2),Peak concentration ratio (-),Average concentration ratio (-),Shadowing and cosine efficiency (%),Blocking efficiency (%),Reflection and attenuation efficiency (%),Intercept efficiency (%),Absorption efficiency (%),Field efficiency w/o receiver (%)
1,1.0,8.0,8.398702424578232,391.58578899536855,6.1,4.199999999999999,7.0,130.7415101829102,75.72923844226386,2260.955292285611,31.59015988012798,54.19615629326577,0.7016582977606762,138.4017444358962,1.7918380019888183,68.37608143644883,99.75794505103117,88.1618,55.81181692901747,94.12251250876021,33.56280982956953
2,1.0,8.0,9.398702424578232,518.6075509478048,8.414285714285713,3.542857142857143,7.0,142.3396856983438,67.24798108915036,3710.3366261237697,39.14364366197349,86.46315347892447,1.1469432600165261,166.72174040062623,2.2115822608451765,85.0157758910698,99.78230897612656,88.19839999999999,55.69981274089157,93.92771025349147,41.67422324714708
3,1.0,8.0,10.398702424578232,561.7402991459523,10.4,4.357142857142858,7.0,156.09207028003237,60.92620850470022,4358.799004496084,42.45394309515679,101.63752025724044,1.3499655149918717,180.93328965674368,2.4031843843931187,92.04386278425099,99.82774369167934,88.2406,55.691882945125705,94.01812541022704,45.155062292423416
4,1.0,8.0,11.398702424578232,494.416608804688,11.428571428571427,3.1,7.0,171.76324650854056,57.49826391806498,3926.749647319211,43.453717193745796,88.74694976386486,1.2158242847836263,179.49831818640024,2.459108903568245,94.08254564885594,99.8542435968056,88.2294,55.768846593901536,94.00400547088707,46.225388988561086
5,1.0,8.0,12.398702424578232,642.6744072445298,12.614285714285714,3.157142857142857,7.0,188.2355962472062,57.492400126152525,5145.0561769764645,43.80118771128074,116.93309493133329,1.5741048901388097,181.94764504888968,2.449303834717479,94.24677291292252,99.85474437502691,88.2582,56.12481561329854,93.95950087742708,46.61709279237304
6,1.0,8.0,13.398702424578232,559.6310427329523,13.085714285714284,2.9285714285714284,7.0,203.91312849850542,60.90965863163066,4400.110322521813,43.01783409960512,100.82764854419004,1.3137367658460182,180.1680765452168,2.3475051695316944,91.76550642008003,99.83290065864801,88.211,56.65609854695924,93.95631486328853,45.78493118019622
7,1.0,8.0,14.398702424578232,476.3895203194557,13.485714285714286,2.157142857142857,7.0,217.67549093998258,67.22313953291832,3524.9876859857945,40.48388444406546,81.9825749710799,1.0127680295905457,172.09147446422477,2.1259242413884487,85.09701651763254,99.81733274032658,88.13839999999999,57.53159334101713,93.99187589400728,43.07168471636666
8,1.0,8.0,15.398702424578232,376.10452273611844,13.185714285714283,2.728571428571428,7.0,229.28483207450427,75.69859704424061,2280.2796653350674,33.17159314661765,51.241897259009214,0.6294049343255286,136.24376778622636,1.6734840882706696,68.20294417499917,99.79940024071972,88.2354,58.68582667865871,94.11507455812747,35.24578108486772
11,1.0,15.0,8.443850913078677,434.945090452344,5.6571428571428575,4.642857142857142,7.0,129.95650094837674,74.90151559691708,2587.0793222739835,32.54333699103881,60.86074698382836,0.7998956041574773,139.92742605861588,1.8390726133397293,70.32686969693569,99.75052059847866,88.2638,55.84346846335225,94.11755134583233,34.577330716413584
12,1.0,15.0,9.443850913078677,583.2372998126779,8.657142857142858,4.271428571428571,7.0,141.6704444573924,66.30558298412426,4221.99107677135,39.605800180624406,98.95520532561426,1.2996535174824984,169.6654266752081,2.228344308397142,85.90832620563009,99.78151920158086,88.1542,55.770472569848664,93.97797645984434,42.14370395339113
13,1.0,15.0,10.443850913078677,700.518791109653,10.971428571428573,5.6000000000000005,7.0,155.62027525248203,59.876128062745735,5470.965788317059,42.7298119055135,127.07565952912041,1.6765367756427105,181.4022138190282,2.3932788055363963,92.21810423413852,99.82731543487276,88.2534,55.96917174606417,93.96910122613538,45.472193889228315
14,1.0,15.0,11.443850913078677,641.6046153081203,12.614285714285714,6.914285714285714,7.0,171.58787662915924,56.37846266545591,5135.8989093069995,43.796132311590036,116.3363795904888,1.572424581591573,181.32098307089038,2.4507688131832426,94.31057257083617,99.86126727358456,88.2272,56.055515704025204,94.02805562529866,46.57772833899428
15,1.0,15.0,12.443850913078677,672.7716053429223,13.0,7.5857142857142845,7.0,188.4057818547989,56.369977823066684,5401.3815280741155,43.926234216796516,123.25699555196293,1.6479928413887546,183.2077848902926,2.449557663107299,94.34571813877616,99.8640633283641,88.2764,56.199209586598364,93.97616625490481,46.74188782893015
16,1.0,15.0,13.443850913078677,654.6317661483141,13.557142857142857,6.542857142857143,7.0,204.38265851650095,59.852211619647036,5173.444566260019,43.23838814938308,119.2589632670772,1.5425658529942259,182.17717109691523,2.356387106098271,92.13693232537882,99.8383601146215,88.2208,56.70302072476504,93.96391886750895,46.01594811126395
17,1.0,15.0,14.443850913078677,553.2455387975061,13.8,6.985714285714285,7.0,218.34683300952685,66.2697317018194,4139.411554758153,40.93619367114507,95.96137522526514,1.1877728517140225,173.45169277612206,2.1469180832360224,85.87051869261845,99.80672015661786,88.2658,57.57884652058228,93.98275379404703,43.55713364268117
18,1.0,15.0,15.443850913078677,381.9769686522203,13.028571428571428,7.071428571428571,7.0,230.07652099340268,74.85730054448445,2368.7285472742665,33.92851782676796,53.41471139979815,0.6571109576322871,139.83751844585896,1.7202894717732806,70.0307914191875,99.7942340151364,88.1584,58.56166952726281,94.03580689740842,36.08042398549675
21,1.0,23.0,7.9841901287396695,552.6748562807614,1.2714285714285714,2.9571428571428573,7.0,123.58980358849828,78.63147623694064,2681.3525122217725,26.544281735894465,63.81897948282242,0.8867972026277775,115.4729200316688,1.6045549974817026,59.11129510772481,99.73058791753766,88.1178,54.3053968803055,94.09477032424074,28.21015625462036
22,1.0,23.0,8.98419012873967,682.4057090739522,4.8428571428571425,4.271428571428571,7.0,134.43721312531716,69.05383497165774,4605.974324205414,36.92883718173491,107.79439508207264,1.4780543465294556,157.96232893237854,2.1659466309788438,81.62945114840738,99.74681248937497,88.235,54.68074662885347,94.00358230788731,39.28449988297565
23,1.0,23.0,9.98419012873967,721.9610656028926,7.599999999999999,3.542857142857143,7.0,147.47208651124498,61.27608604039116,5443.1449491717885,41.24989941812233,126.36337767112894,1.7258037045382093,175.02796714613118,2.390438746301411,90.63242785228601,99.78665663053509,88.2146,55.01713122426908,93.97847597337166,43.892922279150696
24,1.0,23.0,10.98419012873967,807.7346566506789,10.0,3.9,7.0,162.892605229925,56.0802729817563,6369.976130907768,43.147522062200686,145.02696547427757,1.993488805666074,179.54778129199104,2.467999595228707,93.977927667037,99.85965055482244,88.2084,55.477802022146896,93.95302389732214,45.92456982476163
25,1.0,23.0,11.98419012873967,859.7490091356051,11.571428571428571,4.428571428571429,7.0,179.99740129491664,54.229553137006,6857.132527257337,43.63727582601517,152.9008831358518,2.1339534535561864,177.84362821142295,2.482065615523851,94.54670609828611,99.86786427417144,88.24260000000001,55.682545446292806,94.05634307979491,46.394825056077785
26,1.0,23.0,12.98419012873967,837.1947892096931,12.857142857142856,4.942857142857143,7.0,197.1127976615523,56.061074606317,6676.810717354851,43.63443124541167,152.8877508863929,2.029654087595607,182.61909039199588,2.424351075466665,93.72058775164672,99.86625833901924,88.2298,56.258072131088,93.92374420012104,46.457295348491265
27,1.0,23.0,13.98419012873967,749.3472049071548,13.814285714285717,4.428571428571428,7.0,212.54837756967305,61.24099015570845,5852.28449110937,42.7296277903427,134.6694542614257,1.7131582814878352,179.7156957142603,2.286200936320431,90.336715525329,99.8306702240276,88.2302,57.16569331795351,93.93946615824595,45.48634300131363
28,1.0,23.0,14.98419012873967,648.5155037409739,13.985714285714286,4.557142857142858,7.0,225.60167537921214,69.00717996155544,4637.389496255528,39.12370563216432,106.31331707145235,1.3027847050636872,163.93334694110158,2.008872104905047,81.41612692421926,99.79838892567831,88.1896,58.063805080682364,94.03361837856878,41.606083342083764
29,1.0,23.0,15.98419012873967,471.21218676134004,13.742857142857144,4.414285714285715,7.0,236.46813605789654,78.57681650641283,2506.6429426293857,29.10467360468812,54.998756705078975,0.6684841725616526,116.71760249472239,1.4186478859050118,58.978664914521254,99.76551161103048,88.19200000000001,59.62320935793747,94.0681972413057,30.93997169949819
32,1.0,30.0,8.008207178874045,371.76444008941104,8.071428571428571,4.699999999999999,7.0,122.25713255310261,77.40610602139078,2010.0204576360934,29.58144623586979,46.5171993538298,0.5801857583965758,125.12546746709343,1.5606273646210984,62.072087047480906,99.75302981120853,88.1078,57.629178224648484,94.08928656042202,31.439760377897276
33,1.0,30.0,9.008207178874045,496.41614232245894,10.657142857142857,5.0285714285714285,7.0,133.23053557395667,67.65780713343547,3561.990616378636,39.258495063303705,82.80011725935762,1.0366597278128946,166.79577918635215,2.088287707492613,83.01859015941133,99.77009930621684,88.212,57.14402585184276,94.02847371351308,41.75170936297115
34,1.0,30.0,10.008207178874045,598.2698467090948,12.557142857142857,4.442857142857143,7.0,146.4971329547738,59.697206799355634,4677.8101941892,42.77916003716071,109.87386396327989,1.3912212427570596,183.6526854356165,2.3254075905876843,91.04428447994502,99.83267179444216,88.3294,56.70457328966587,93.96876187428754,45.52487356850689
35,1.0,30.0,11.008207178874045,673.239909682977,14.628571428571428,3.3857142857142852,7.0,162.32431393330697,54.3480270018637,5421.99346946115,44.06318731762893,124.9740846031962,1.6203138145571427,185.63083204922515,2.4067405857150312,93.8792980177879,99.87523167209976,88.1634,56.71762816654439,93.98139434301527,46.8850112574476
36,1.0,30.0,12.008207178874045,695.648172632353,16.085714285714285,3.7428571428571424,7.0,179.99615744888177,52.433913409904974,5642.319831745692,44.3766815793026,126.86751369647105,1.6947081359646312,182.37309991974922,2.4361569578366122,94.53875692754312,99.8997793785868,88.2054,56.668747233791436,94.00297988577104,47.207739194254806
37,1.0,30.0,13.008207178874045,625.853886647012,16.94285714285714,4.442857142857143,7.0,197.67790082737247,54.32471907749908,5065.3153991015815,44.28129471803762,116.11843076436631,1.4969863719828433,185.5360064734379,2.3919103227158818,93.731705532798,99.89124376350956,88.27080000000001,57.03693118668826,93.93623663311607,47.13973680996583
38,1.0,30.0,14.008207178874045,583.0023449082497,17.2,4.8,7.0,213.52373908344742,59.6547294245675,4614.7707330657295,43.30784758974002,105.39427193216821,1.3247089276973851,180.77847002271437,2.27221886715715,90.77919204335653,99.84601882697642,88.1926,57.63802454779188,93.99576783793262,46.07425268806927
39,1.0,30.0,15.008207178874045,579.8032099673991,16.657142857142855,4.414285714285714,7.0,226.81258714695468,67.60145046908177,4246.960182186053,40.07599792394807,96.07409821468727,1.1735784178944537,165.70121821176065,2.0240978278827417,82.76744717874448,99.82409491620707,88.2294,58.509756546184924,93.96103392067066,42.6517208801506
40,1.0,30.0,16.008207178874045,357.24373037450147,14.828571428571427,3.9142857142857146,7.0,237.80843324517784,77.34003679881657,2005.4201428710974,30.713374034492098,44.03687393719235,0.5296442116336696,123.26843046630415,1.4825850437695276,62.093884766919984,99.76385240435002,88.1652,59.75647191241175,94.10730593607306,32.636545833493145
43,2.0,7.0,8.022124206362832,514.1681942979326,10.0,2.3875,8.0,120.48441085517284,75.80097227892766,2988.588517521773,31.801505984452014,69.33259115580628,0.8314368290440074,134.84418508320218,1.617052237506225,65.82500069227237,99.74375036882697,88.1172,58.394336647271516,94.13252382919359,33.783760055299105
44,2.0,7.0,9.022124206362832,594.75,11.75,3.2875,8.0,131.60660995700516,65.83247733229139,4342.861665997445,39.95106093043261,102.4876827419994,1.2566881335311497,172.32060990668245,2.112968698665237,84.38285126292662,99.78678183471963,88.1726,57.27661431659631,93.94855798041853,42.524400362546835
45,2.0,7.0,10.022124206362832,541.1017377962189,14.25,4.312500000000001,8.0,145.16731215388592,57.629540872697106,4277.587536362228,43.252055200564456,99.4516641294615,1.2508692813057776,183.7947601767182,2.3117081205473045,91.39212691716666,99.85482195273548,88.16760000000001,57.19289955883489,93.98916436952359,46.018129313839424
46,2.0,7.0,11.022124206362832,526.3949320941515,15.875,5.737500000000001,8.0,161.54037855720634,52.07238489997492,4247.325532630855,44.14592494479479,97.72105040446127,1.2684106602489742,185.64208058709573,2.4096179178679953,93.80694797493176,99.8977973168963,88.256,56.81182499336478,93.95431295743941,46.98658694337168
47,2.0,7.0,12.022124206362832,540.5143701384358,16.75,6.3125,8.0,179.9955711976858,50.07170301600048,4386.5311542834925,44.401817266466345,98.79090857389323,1.3189704726310634,182.7720298141029,2.4402135179000894,94.53953734258181,99.91158307110535,88.2184,56.729490676239266,93.92979424658411,47.271281303888394
48,2.0,7.0,13.022124206362832,521.8185823907997,16.625,6.175,8.0,198.46217309482512,52.04580464907878,4220.58953588664,44.25275861997835,97.13344106556401,1.2509130981906025,186.14408214542837,2.3972183827937545,93.76617470564203,99.90139073072869,88.227,56.984796914000455,93.96413041746969,47.0953739723546
49,2.0,7.0,14.022124206362832,496.7333936006029,16.75,5.7375,8.0,214.85738846650395,57.581319482017314,3946.5032847425978,43.46862303716763,91.95047862611067,1.136212561742695,185.11032237958054,2.2873689918585653,91.17621045060477,99.8687074829932,88.2,57.60147676881893,93.96426333029812,46.26080330600695
50,2.0,7.0,15.022124206362832,448.3218860111792,16.625,5.875000000000001,8.0,228.44370733403406,65.76867975019154,3347.7395050734503,40.855307936794425,76.80562185321108,0.9185808811737042,171.3180289647869,2.048931604358032,84.23114876936327,99.81226788556503,88.2108,58.62102647276626,93.97593629511944,43.47422281433147
51,2.0,7.0,16.022124206362832,396.4424620528816,15.125,4.3875,8.0,239.59107856483786,75.72610402559737,2351.864145943956,32.457781951212276,52.293289983600886,0.6193191843230507,131.90637983835714,1.5621918528001661,65.62934869887349,99.76185994189383,88.1834,59.75283437948289,94.08293479129333,34.499117213142036
54,2.0,15.0,8.021988537803509,339.61786409109874,8.714285714285714,3.2428571428571424,7.0,118.4760727287038,74.02106400571428,2053.7441469577707,33.08587190770152,47.842634366492376,0.5859225676906334,140.8719605917406,1.7252407180014127,69.35223742365169,99.73024296283523,88.1534,57.6887378349235,94.06436449818011,35.17365166310313
55,2.0,15.0,9.021988537803509,397.33542848383564,11.285714285714285,4.128571428571428,7.0,129.73947668907,63.81261784054845,2935.1274588973765,40.416290109048525,68.85087780463415,0.8516385135040384,173.2814968636383,2.1433742184877547,85.55015813848568,99.78559809057516,88.15220000000001,57.15208177965331,93.97288394519502,43.00845990064464
56,2.0,15.0,10.021988537803509,527.7724681374135,13.857142857142856,4.414285714285714,7.0,143.61136104171112,55.33628095919476,4160.309458379966,43.12863138777294,97.44131727156632,1.2304964584801839,184.62751119900406,2.3314904296216636,91.51925379154454,99.87485064830538,88.2146,56.912610295536425,93.98273716455535,45.889950313171425
57,2.0,15.0,11.021988537803509,636.5312762441645,15.857142857142856,4.428571428571428,7.0,160.60886033239802,49.53720568545413,5137.138874590786,44.1558582210977,118.17728340907955,1.534646572164242,185.6582509289746,2.4109523434879465,93.70261530597898,99.9077626667694,88.2506,56.893336902228896,93.94167743170183,47.003480700246406
58,2.0,15.0,12.021988537803509,678.3471731281925,17.0,4.585714285714285,7.0,179.99688093256233,47.43450794024541,5497.498733517467,44.34042894138683,124.35688795195082,1.6584573365010493,183.32336726411057,2.4448503689535355,94.48527744689109,99.91700040365924,88.1932,56.68202451202905,93.95413648539888,47.193695349728046
59,2.0,15.0,13.021988537803509,750.2963682963549,17.71428571428571,4.3428571428571425,7.0,199.40008015115808,49.50929599519437,6079.861173043948,44.33508955369339,139.47153204659512,1.7975228317445986,185.88858741684078,2.395750409702911,93.72376448861277,99.9224271677297,88.1752,57.15790381673151,93.9316918189039,47.19928779646539
60,2.0,15.0,14.021988537803509,701.0614565833774,18.57142857142857,3.7714285714285714,7.0,216.42215904696866,55.285919156723736,5593.391461216191,43.65217582969447,128.79143587168892,1.5961525109876789,183.70919505310405,2.2767654618562645,91.0805513169914,99.87555478989387,88.2316,57.899407411106,93.9339892595351,46.47111889295536
61,2.0,15.0,15.021988537803509,680.5580457173965,18.285714285714285,4.128571428571428,7.0,230.32156452928137,63.74617034887524,5152.903498921694,41.426057935124625,116.83129642345858,1.4027168388169973,171.66984823506604,2.061127405140515,85.13474875383713,99.8286040754142,88.21679999999999,58.812294471394054,93.94903597755699,44.09418096106988
62,2.0,15.0,16.02198853780351,583.5539437924231,16.71428571428571,3.8428571428571425,7.0,241.61140644881831,73.9429030101734,3660.1835448248034,34.3169456872602,81.0666248604187,0.9510028450207413,138.91881928443456,1.6296742659990042,69.11520969483524,99.77099427032199,88.2074,59.973138011985625,94.07384671350295,36.47873121609526
65,2.0,22.0,7.51134968637075,543.2301041653252,8.428571428571429,3.742857142857143,7.0,111.59644446495338,77.98703815256862,2818.455920800537,28.386653032599586,63.85514208756797,0.7763733628216647,117.54713444256113,1.4291795628936377,58.58353736993001,99.71501172880016,88.0738,58.69318673510752,94.00341442594964,30.197470172704122
66,2.0,22.0,8.51134968637075,687.0008768566958,11.857142857142856,5.014285714285714,7.0,121.94480671333424,66.98598659358893,4875.472491321488,38.828104573748725,113.48412340070828,1.3684437180951763,165.18774170994308,1.9919097110273782,81.03504644402764,99.76193877065181,88.2126,57.88669880208085,94.05871013588055,41.280711289423664
67,2.0,22.0,9.51134968637075,625.6613492056988,14.428571428571427,5.314285714285714,7.0,134.58090951146653,57.29708774716916,4879.013038388274,42.665753846442726,115.19619190042336,1.395031048286883,184.11907982915898,2.2296903109932056,89.42802674187739,99.84963736069344,88.1868,57.66153119328777,93.96573796515499,45.40564972976037
68,2.0,22.0,10.51134968637075,695.8634530208727,16.857142857142858,4.857142857142857,7.0,150.42168671405153,49.76367825045016,5597.792193192069,44.012852455202164,129.87329888091,1.6437603595526653,186.63618317229603,2.3621880879313255,92.74181150927392,99.9043398429088,88.229,57.24026202399239,94.06035572856175,46.792139062512085
69,2.0,22.0,11.51134968637075,708.9219982078329,18.0,4.271428571428571,7.0,169.61736026833162,45.51390622796699,5729.402294140511,44.21785144532165,132.65208496310044,1.7181394854219763,187.1180260994118,2.42359454180497,93.88078863125617,99.92724882714231,88.24600000000001,56.86456842568421,93.92910845122667,47.075770412834345
70,2.0,22.0,12.51134968637075,715.6593770792533,19.142857142857142,4.714285714285714,7.0,190.3761194948672,45.49780888604939,5797.917726990232,44.325378614471425,131.56442235427895,1.7297447311882796,183.83664990350468,2.416994434206547,93.83932096366586,99.93159434996511,88.29679999999999,56.99597898373007,93.92378785950623,47.19292058447913
71,2.0,22.0,13.51134968637075,807.980281940024,19.71428571428571,4.571428571428572,7.0,209.59456371663322,49.71919090464073,6503.404055832614,44.03791479092746,151.00608139589627,1.8947903962505668,186.89327545632528,2.3450948477369105,92.37457269687677,99.92228689503293,88.2734,57.490068567696994,94.01329152615907,46.84222206885924
72,2.0,22.0,14.51134968637075,595.7098153473772,19.71428571428571,4.357142857142858,7.0,225.46612713927087,57.231729055485474,4683.971739350269,43.01959146543491,106.7875979018968,1.3045248890653338,179.26110188334832,2.1898663669065517,88.95182136980264,99.86858532098036,88.2702,58.39313384955,93.95213303286968,45.78883956831961
73,2.0,22.0,15.51134968637075,681.6438216852224,19.57142857142857,4.857142857142857,7.0,238.13176007777315,66.90579783233116,4948.403821209253,39.71864302288691,112.17250949679816,1.304581197598222,164.56176367809655,1.9138751883247713,80.60149402547783,99.80521806959543,88.2012,59.56623582575822,93.97739712181372,42.264038204211495
74,2.0,22.0,16.51134968637075,607.8378648277546,19.285714285714285,4.92857142857143,7.0,248.50765568000995,77.89517712975227,3285.797086446366,29.576022035983602,69.80903278127913,0.8150547096654015,114.84811463836854,1.34090808886407,58.446940185568494,99.7537258889701,88.1132,61.243148167952654,94.00487456901676,31.46222168965227
77,3.0,2.0,7.488941758124156,433.25689525213596,8.814285714285715,4.428571428571429,7.0,109.20806464954177,76.1089288006377,2413.0323083312774,30.47224315645741,55.01505959902585,0.655037685345111,126.98022859396055,1.5118921187945746,62.56954246994422,99.70785237472016,88.1746,58.89850654594675,94.05119173145778,32.399635342701565
78,3.0,2.0,8.488941758124156,490.9663847659359,11.471428571428572,4.357142857142857,7.0,119.60808038120206,64.8890516253787,3532.251851188899,39.362862660052826,80.70670655992926,0.9880579831670184,164.38336526523196,2.012475830983962,82.15418371489567,99.76825633890411,88.1146,57.95969532615026,94.03524059616191,41.85969261151594
79,3.0,2.0,9.488941758124156,561.6450160042259,14.899999999999999,4.5,7.0,132.41077364184812,54.90760852445566,4376.2337218829525,42.63098533056951,102.14964827384465,1.2515638518507248,181.8758207819226,2.228389491915847,89.16564248932151,99.86465868825478,88.2214,57.73875734943588,93.98848021388272,45.35767067789296
80,3.0,2.0,10.488941758124156,608.6262792723713,16.84285714285714,3.8285714285714283,7.0,148.7415656498138,47.047146299923746,4867.4606429583855,43.7560912978216,112.5487760748547,1.428188774330581,184.9226362841409,2.3465775681556473,92.05335889673705,99.91862196844164,88.2302,57.35879961523802,94.00157416160074,46.54825377987743
81,3.0,2.0,11.488941758124156,477.33104852430887,18.04285714285714,3.085714285714286,7.0,168.95610494945853,42.55578667504907,3837.5877086690757,43.98710719707171,89.46688233193203,1.1587509986237738,187.43151657224698,2.4275625945684998,93.55336273415763,99.93517620286674,88.2392,56.72586242090223,93.99504218144017,46.79726310688033
82,3.0,2.0,12.488941758124156,544.5179563497628,19.357142857142858,2.271428571428571,7.0,191.04526093793345,42.53980655442235,4391.533978567036,44.125619234996606,100.75648626508867,1.3162758090351447,185.03794978685565,2.417323053694955,93.55783910397041,99.94310235003162,88.2286,56.903277900256754,93.99638076864821,46.94395558016461
83,3.0,2.0,13.488941758124156,441.44682968267796,19.357142857142858,3.5571428571428574,7.0,211.28447423160785,47.003306162969466,3543.7589617299923,43.92103279450615,82.7259320645125,1.0379689511949535,187.39727301695154,2.3512887201864587,92.16574501936053,99.93864405628446,88.337,57.433157987739406,93.98622583011857,46.731350691636486
84,3.0,2.0,14.488941758124156,380.1015444341585,19.614285714285714,4.214285714285714,7.0,227.64714773336217,54.843592278711924,2984.9582197670284,42.966046496881894,68.35144418075701,0.8329115661780907,179.82416851925447,2.1912869820563654,88.75228562167824,99.88290132908124,88.30160000000001,58.41547786689524,93.96328515917658,45.72642008428733
85,3.0,2.0,15.488941758124156,358.37823971992873,19.671428571428574,3.3285714285714283,7.0,240.4792913625962,64.81047969206573,2640.6619085076854,40.31419019891132,60.07488982672341,0.6949151975758185,167.6298479329317,1.9390552231042046,81.70923009349946,99.81100435097898,88.256,59.57983498544657,94.00801015178133,42.88378206689169
86,3.0,2.0,16.488941758124156,264.7584996971333,18.82857142857143,2.8714285714285714,7.0,250.906301328611,76.0182505634377,1525.0270942761583,31.514790165093153,33.03201590133911,0.3781214700183343,124.76281569477699,1.4281749989174322,62.347252004251786,99.74799255999636,88.172,61.127597788738576,94.0210112794262,33.51888023351782
89,3.0,9.0,7.462201466702027,526.4527853820972,11.985714285714284,4.942857142857143,7.0,107.00896602206619,74.43224958189107,3134.273685429545,32.57348759115143,69.69299104016146,0.8093016067913111,132.38222491230354,1.5372729127150946,65.65117621563896,99.73889332510618,88.1632,59.99317662311078,94.05199246310218,34.63349019844575
90,3.0,9.0,8.462201466702027,700.0568186726274,15.24285714285714,4.414285714285715,7.0,117.41906499752012,63.02657480187353,5164.2911629110295,40.3612122094498,118.19013694753576,1.3891255372637126,168.8293489828943,1.984303988207162,82.68063251949124,99.7973308426639,88.2226,58.96837710321453,94.02480835163142,42.92613079146946
91,3.0,9.0,9.462201466702027,765.2603182497811,17.685714285714283,4.942857142857143,7.0,130.32946165451983,52.78269745461227,5997.635521944937,42.88028345976159,138.36642300283265,1.6857105846362002,180.80961432743445,2.2027936695993477,88.8898450237389,99.89209089754982,88.22240000000001,58.24694305503863,93.97717576376253,45.62840190851551
92,3.0,9.0,10.462201466702027,710.389169978851,20.085714285714285,6.771428571428572,7.0,147.0814164822024,44.613353785918825,5655.60804693833,43.55818182294619,131.15563653737922,1.6648796107214332,184.6250507187263,2.3436162614514497,91.61348646971788,99.93743610435476,88.2298,57.36459252437777,93.99893240544868,46.339017591248
93,3.0,9.0,11.462201466702027,777.421362745403,21.6,6.628571428571429,7.0,168.2816527162259,39.88273853457384,6216.948854735962,43.75297574108542,144.085186421436,1.88630822087019,185.3373129760808,2.426365303635135,93.24817403952474,99.94441078839115,88.14659999999999,56.656026951926044,94.00632305269612,46.54258811565184
94,3.0,9.0,12.462201466702027,699.592848644659,22.057142857142857,7.071428571428571,7.0,191.71046835766307,39.86534525434769,5583.736498487903,43.668304055383835,129.28043795552242,1.7035199460198305,184.79382430220818,2.435016237401666,93.27924206419328,99.94918226551812,88.1582,56.51512709758107,94.01012904288176,46.45063728767459
95,3.0,9.0,13.462201466702027,614.2290747017412,22.542857142857144,7.142857142857142,7.0,212.9397170714547,44.566082632038125,4899.743702915741,43.644524370848636,112.98092706938645,1.4437251724005755,183.93939935885973,2.3504670030503245,91.74337298696018,99.9422322806016,88.2846,57.33915424509484,94.0307239822582,46.41517423505484
96,3.0,9.0,14.462201466702027,591.2061412564154,22.542857142857144,7.442857142857144,7.0,229.7271295881896,52.7142955578061,4633.728167049702,42.88233128834399,106.64242749367519,1.2976270115854307,180.38112267751745,2.1948808055811946,88.63538544032934,99.89757186398812,88.25699999999999,58.36881540175077,94.0126462735466,45.61336478453141
97,3.0,9.0,15.462201466702027,420.6687412318567,21.899999999999995,7.128571428571429,7.0,242.66855215767893,62.94293887515859,3121.2670567168525,40.59545919642737,69.47705705938513,0.8188523607932078,165.15859214053654,1.946549102734228,82.18502849756126,99.82154195011339,88.2,59.66975077973618,94.0237709099492,43.1757403511368
98,3.0,9.0,16.462201466702027,261.00996679437776,20.171428571428567,6.3999999999999995,7.0,253.10597586825065,74.33560552713556,1577.5885454349802,33.06917988003888,33.62687652026361,0.3887026489058392,128.8336875915343,1.4892253107409383,65.28495483053302,99.75456813736933,88.2526,61.18133490844655,94.0439942370817,35.16352123100238
101,3.0,17.0,7.42593931792976,521.2770083932535,12.9125,4.65,8.0,104.41002847875467,72.50487120063161,3247.9266031850552,34.089796433842544,72.65572029949219,0.8273067289965855,139.38025105584632,1.5870769584613293,68.35951511145845,99.74616122731841,88.16619999999999,60.3040171748781,94.03312666877856,36.252964930029535
102,3.0,17.0,8.42593931792976,626.3067658579021,16.349999999999998,3.4875,8.0,114.7859988269077,60.8998984274238,4661.516868700089,40.721796422308344,105.3007770547961,1.2356455383110432,168.12971341696633,1.9729078554955117,82.90943159522017,99.79664060250606,88.2182,59.35814663534714,93.98716373698291,43.32697658189335
103,3.0,17.0,9.42593931792976,700.7093126236139,18.8875,2.3875,8.0,127.76403944009832,50.356371462891445,5459.829355523483,42.631238667118375,126.7588791641956,1.533321712353163,180.90080562734602,2.1882422350176287,88.28024937900878,99.90405661340259,88.177,58.32421412062788,93.9890072247135,45.35768588893968
104,3.0,17.0,10.42593931792976,702.8842123872457,20.150000000000002,3.0500000000000003,8.0,144.97047916965707,41.81377587252233,5600.825204814564,43.59683902365442,130.64519964111028,1.6490871424926719,185.8701580412406,2.3461718351757868,91.61232364116975,99.94537315124383,88.235,57.38387150911475,94.03892895958897,46.36041637861394
105,3.0,17.0,11.42593931792976,745.9126631132164,21.725,3.6125000000000007,8.0,167.4056426213727,36.77932314069488,5934.515421154177,43.52953764254067,137.55943992253393,1.816717041567383,184.41762249805757,2.435562675642145,92.92645142826179,99.95625725268349,88.2432,56.46984397639125,94.04525286594793,46.28573619190291
106,3.0,17.0,12.42593931792976,752.7315300274954,23.075,3.8750000000000004,8.0,192.5933276238066,36.76246615966098,5949.850094230699,43.24667151496758,138.97856944664736,1.8390863450784996,184.63232095720878,2.443216833246406,92.76977492206223,99.95396877586423,88.201,56.26403691453306,93.98136388011919,46.016220375490825
107,3.0,17.0,13.42593931792976,848.1402649172828,24.3125,4.3875,8.0,215.05968499879137,41.76848021002144,6685.370028936391,43.12653241230569,154.3082110184128,1.9985047466824932,181.93713634555735,2.3563375415001704,91.17274621010888,99.94289818883026,88.2634,57.01517916860327,94.04948424091556,45.85515036088183
108,3.0,17.0,14.42593931792976,767.3227951377078,24.650000000000002,3.7375,8.0,232.30186728378547,50.291370446375375,5973.859532270022,42.595495829347676,136.63896553421569,1.6845639534994785,178.07233982889005,2.1953784823988682,88.21792510489449,99.90935460478607,88.256,58.265514425694064,93.98203837574597,45.323017637740804
109,3.0,17.0,15.42593931792976,646.1279790651571,24.375,4.9625,8.0,245.30968053306879,60.82034890599919,4810.449968715586,40.73370615596649,106.70111282449338,1.2728562529454068,165.13928553113064,1.9699754447826643,82.63387204978777,99.84293086918386,88.2414,59.523420368024624,93.99791769161241,43.33468991260561
110,3.0,17.0,16.42593931792976,520.4473883555913,23.487499999999997,4.125,8.0,255.7113447574396,72.41211513206628,3283.57311410001,34.51887466776338,68.80336209179633,0.803617577926289,132.20041762374453,1.544089942434727,67.98908567802884,99.79163738102473,88.2116,61.30131617511741,94.08660136169392,36.688406391749275
113,3.0,25.0,6.886347311808322,447.02142180712065,11.342857142857145,7.228571428571429,7.0,97.16664806245494,76.68620707282336,2407.203714082554,29.462614333431482,51.68657014337633,0.5916153609911214,115.62436971013413,1.3234608726343984,58.22190801800545,99.70670761720922,88.1714,61.20928920475745,94.04060151493752,31.329674479752885
114,3.0,25.0,7.886347311808322,647.9467926252134,13.971428571428572,7.871428571428571,7.0,106.65334872505427,64.63806954010172,4574.32097275975,38.62549537014589,101.87065384733138,1.188508857956923,157.22070856249394,1.8342692200721835,78.16394562519406,99.78066743330997,88.17660000000001,59.703670700770154,94.07339156126497,41.05889532534943
115,3.0,25.0,8.886347311808322,733.4237132085073,16.114285714285714,7.214285714285715,7.0,118.07524902773679,53.24203110230845,5580.927931469368,41.6330509906835,128.49038944617547,1.533304492464446,175.19257576779026,2.0906121043682946,85.61679675301785,99.87515888354432,88.2722,58.719856627571964,93.9318428545489,44.3226170438828
116,3.0,25.0,9.886347311808322,805.9215741929426,18.34285714285714,6.771428571428572,7.0,133.09014175812388,43.19717403995246,6331.714254271937,42.98483826816825,148.45778420599402,1.8332405329036483,184.20872323049676,2.27471331157684,89.71847322142034,99.94877618137765,88.2402,57.75202675888656,94.06373688509142,45.6975660244911
117,3.0,25.0,10.886347311808322,821.8767493089072,19.657142857142855,7.214285714285716,7.0,153.73633401331932,35.79212476552507,6487.710168915955,43.18883776425856,151.93157997609111,1.9664271589023314,184.85932361980804,2.392605899310139,91.81300545122993,99.9571656826861,88.247,56.6893249230239,94.07021669746347,45.91127700189843
118,3.0,25.0,11.886347311808322,819.0194012287832,20.8,8.242857142857142,7.0,179.99174423993847,32.93652702610413,6467.416710494903,43.20394717933091,148.75568635844107,1.9930475272470445,181.62657213646148,2.433455818332087,92.61613941599477,99.96051556685123,88.13600000000001,56.315010465237705,94.02227588069545,45.95075664213048
119,3.0,25.0,12.886347311808322,792.472026883221,22.28571428571429,7.371428571428571,7.0,206.27159208422407,35.758785259763506,6235.36776723528,43.04918204265004,144.59108181261348,1.891557873656863,182.45575478706513,2.3869080667696596,91.53324185359939,99.96011521264711,88.25420000000001,56.687108219317835,94.04584793076418,45.774675852082815
120,3.0,25.0,13.886347311808322,767.9243801831957,22.7,7.128571428571429,7.0,226.9581602450405,43.14009955416067,6019.126088991492,42.884638825438856,139.53834590572907,1.7389601050251848,181.70844617856886,2.264493939638092,89.36384911779176,99.94065093689971,88.2912,57.83306209966591,94.03815704902098,45.603444570998555
121,3.0,25.0,14.886347311808322,762.5309488500048,22.94285714285714,8.614285714285716,7.0,242.0069492342535,53.16869850112162,5836.726007653126,41.87922182754152,131.98719463274216,1.5820589407301902,173.0909346457293,2.07474718647963,85.49850931669644,99.8955832389581,88.3,59.09159960910486,93.97391574609485,44.56473000517895
122,3.0,25.0,15.886347311808322,635.3143188971733,22.385714285714283,9.214285714285714,7.0,253.45542357277543,64.55111069683377,4524.032595221484,38.96044002550347,97.6900514143718,1.1405507439476041,153.76648771894452,1.795254270244465,77.68193043299505,99.80098600328667,88.235,60.58319725094652,94.01040690394608,41.4426884305594
123,3.0,25.0,16.886347311808322,446.2992628310015,21.185714285714287,8.828571428571427,7.0,262.9658220641742,76.5849434173072,2444.8984765046325,29.97239393631307,48.94815334143941,0.5737202684984037,109.67563116942549,1.2855057497947342,58.03879388155585,99.73437648733302,88.2452,62.41256754852813,94.01454219749571,31.88059340155086
126,3.0,32.0,6.851241869093428,477.6280012670574,12.87142857142857,4.6571428571428575,7.0,94.86793516087661,75.11306489278756,2703.055805121042,30.963639597062876,56.60549349222886,0.6462627582417984,118.5137666595449,1.3530671495963063,60.59705269340022,99.70584232967433,88.184,61.78157193777396,94.06566865238618,32.91704618768732
127,3.0,32.0,7.851241869093428,637.9605432281603,16.17142857142857,5.1000000000000005,7.0,104.24546650237,62.97200918979224,4558.830376884019,39.097265715491886,100.64844554256675,1.159562210172682,157.7659411870098,1.8176080362355198,78.37447923530803,99.79750199550105,88.19839999999999,60.279164460723614,94.02083773106963,41.5836176947528
128,3.0,32.0,8.851241869093428,696.3650080584006,18.900000000000002,4.271428571428571,7.0,115.54758758211086,51.38692642267921,5315.099443002189,41.76007077582093,120.78388980585258,1.4429109929628363,173.44910845336884,2.0720613130547,85.34411599876753,99.89005782731599,88.2282,59.09212628444864,93.95682679641925,44.44602079453415
129,3.0,32.0,9.851241869093428,765.5597026411311,21.58571428571429,3.971428571428572,7.0,130.60120749387113,41.03955927960279,5978.190132661497,42.72454338462161,138.6241022776404,1.7294221951622997,181.07549522185698,2.2590298172642913,89.12867498742405,99.94695212769575,88.2222,57.77461741029811,94.09693186502561,45.404820898843425
130,3.0,32.0,10.851241869093428,780.1534256892852,23.671428571428567,3.242857142857143,7.0,151.9326442934667,33.26342074123409,6068.821244143982,42.560928846034884,142.92292098729865,1.879625186930553,183.19847901843494,2.409301971942066,91.30307593271453,99.95673074744802,88.28439999999999,56.17896294684643,94.0277312721126,45.264230318250696
131,3.0,32.0,11.851241869093428,784.159516791838,25.07142857142857,3.4000000000000004,7.0,179.9935267552112,30.209522519230024,6079.9273029002625,42.42098422713299,140.71986977540044,1.9300942513774373,179.45311733397705,2.461354112328905,92.09580222034958,99.96347516765125,88.1592,55.56503682185936,94.0654879328865,45.09728823965636
132,3.0,32.0,12.851241869093428,831.34480021201,26.9,2.8714285714285714,7.0,208.0819455166302,33.23192834585913,6382.718755867319,42.005996826075865,148.77452310293395,2.017814437011664,178.95646074287515,2.4271691318657194,90.98745597718678,99.96077453292219,88.208,55.71816443507907,93.97133238073138,44.70086329720818
133,3.0,32.0,13.851241869093428,819.9892033161678,27.78571428571428,3.542857142857143,7.0,229.45429123473744,40.98639275403021,6277.116713821374,41.883102174538955,144.37025288947132,1.8897134403363647,176.06360218599812,2.3045589291835316,88.74553905433874,99.9497164187218,88.2992,56.82909031576753,94.09862345078398,44.509792639469275
134,3.0,32.0,14.851241869093428,740.418353436674,28.5,3.471428571428572,7.0,244.53998808287244,51.31882993389165,5543.638401412578,40.96420120880975,122.95494781321808,1.564058654156579,166.0614532885618,2.1123985472496107,84.92841370327395,99.90072214440168,88.2372,58.20763792461906,94.00504387076153,43.57659921432246
135,3.0,32.0,15.851241869093428,646.6302103145188,28.57142857142857,3.242857142857143,7.0,255.86647246448314,62.890726829567356,4574.09832602319,38.702255605907226,96.00191843571778,1.194129514328339,148.46494473096575,1.8466961414430643,78.07470447502808,99.82976157553281,88.22919999999999,59.83037954563517,94.06580894910623,41.143807764250305
136,3.0,32.0,16.85124186909343,397.93869204861556,27.699999999999996,2.371428571428571,7.0,265.2656177897629,75.01723866783726,2245.533755865405,30.873807459074992,43.75229483354597,0.5407473462983733,109.94732532367276,1.3588709947116955,60.40564314993111,99.78386739028379,88.1866,61.75894358834493,94.04807030585846,32.82768839240266
139,4.0,9.0,6.813097200969878,452.8149801481728,14.914285714285715,6.042857142857143,7.0,92.27243710942906,73.39056261016344,2692.439763538497,32.532091235183955,54.98271433653732,0.6260993941681638,121.42423892103912,1.382682600216291,63.01566909928825,99.72052857045716,88.238,62.355412006173324,94.0912089874862,34.57505922738288
140,4.0,9.0,7.813097200969878,576.9530951562596,17.142857142857142,6.628571428571429,7.0,101.48398439743386,61.16880941770065,4140.741905103199,39.26670191561094,89.97765133508648,1.0449946034459074,155.95314782169132,1.8112297381174207,78.43175627508934,99.80346197091147,88.2272,60.46689637471636,94.0300581856155,41.75973372057092
141,4.0,9.0,8.813097200969878,707.7229583424414,19.199999999999996,6.857142857142857,7.0,112.58178370950127,49.39162970166956,5368.873192671854,41.50559402878942,122.30536025568057,1.4526810546686173,172.81530691350196,2.052612590201882,84.59859611508223,99.89982162810253,88.24260000000001,59.21124574892631,93.99316438429648,44.1580984113817
142,4.0,9.0,9.813097200969878,688.2849139978417,21.34285714285714,6.100000000000001,7.0,127.5722255485187,38.70968972226294,5338.27769965334,42.4345580252239,123.35514292644118,1.5436871933969736,179.22104700790808,2.2428025981720325,88.470576269215,99.95827834691553,88.20360000000001,57.86350417617516,94.01800205424138,45.134503071807806
143,4.0,9.0,10.813097200969878,664.8031773145042,23.0,5.814285714285714,7.0,149.62086140598095,30.487666220509812,5120.4855066219,42.140998959009195,122.17156395604775,1.585539841242596,183.77102896764734,2.384976328854865,90.488028891514,99.95578291451817,88.2012,56.191882688952866,94.00645942672587,44.82776951285604
144,4.0,9.0,11.813097200969878,737.0513887265291,24.771428571428565,5.742857142857144,7.0,179.99470755825806,27.178206943308403,5650.762908329642,41.94653470072939,132.4001291898144,1.8075901630363271,179.63486836185763,2.4524615117535635,91.38758224631455,99.96483697970073,88.1608,55.44004411674598,93.94259422995054,44.65124158489132
145,4.0,9.0,12.813097200969878,788.2242056007515,26.171428571428567,5.371428571428571,7.0,210.40060236917307,30.458604921311903,6016.122413852939,41.7593440925793,142.18519076231775,1.9060552022957868,180.38673483003498,2.41816375182626,90.55754504653572,99.96213692828462,88.2126,55.67866344897663,93.92345764506996,44.46103789149765
146,4.0,9.0,13.813097200969878,727.2187454775982,27.45714285714286,5.457142857142858,7.0,232.49002430136343,38.66149687313915,5524.8498494662435,41.566378317172465,127.17510726519527,1.6677922580887408,174.87875285953126,2.2933845812698688,88.25807984723346,99.95328766408842,88.1994,56.84803001876173,93.97440348629785,44.23159581239922
147,4.0,9.0,14.813097200969878,643.1152386826446,28.028571428571425,6.485714285714286,7.0,247.50983927928772,49.33005341273585,4822.833474105857,41.02987915412812,105.68559125592752,1.340534944541482,164.33383148005257,2.084439714548562,84.47124336380617,99.92000688892514,88.2576,58.60251510993684,93.98759283124161,43.654569627928296
148,4.0,9.0,15.813097200969878,531.1503293392041,28.014285714285712,6.699999999999999,7.0,258.6292038924015,61.09461481853691,3765.751539561488,38.79010711239175,79.44258024947023,0.9724440557868439,149.56703566070178,1.8308264197005142,77.92401497887028,99.84565277994982,88.24260000000001,60.10823277310161,93.99575522288856,41.26793494068987
149,4.0,9.0,16.813097200969878,321.3723809748071,26.985714285714284,7.428571428571428,7.0,267.8598412307766,73.30173739497211,1896.2056510828886,32.282239690697324,37.009657014901784,0.44859966847000415,115.16128704850662,1.3958874347238028,62.77538102226023,99.7744362606746,88.2234,62.08551265330976,94.09812188016922,34.306996830189306
152,4.0,16.0,6.783392889369679,444.56956918551015,13.085714285714284,6.928571428571429,7.0,90.05982852492734,71.97156070477043,2682.547944799292,33.01372523997358,55.34209990933854,0.6347493459253236,124.48467854138116,1.4277840633317282,64.46331266152785,99.7336198903194,88.2198,61.87614224275102,94.06997590078176,35.094858825938346
153,4.0,16.0,7.783392889369679,546.8057441925777,15.314285714285711,7.6,7.0,99.09437325172115,59.70188320444343,3909.882434765256,39.12167152659514,83.92779705590583,0.9893905053630179,153.48740928066692,1.8094003508027665,78.20893112349593,99.82096195554871,88.2494,60.41702141185178,93.98709561047833,41.624513740409256
154,4.0,16.0,8.78339288936968,663.1134204759019,17.599999999999998,7.514285714285715,7.0,109.95719883777171,47.78086389246822,5005.1714454104695,41.29694376888963,113.63348572759888,1.3521090849044182,171.36357404144624,2.0390313981792727,84.06468323567056,99.90840580761592,88.21520000000001,59.271521675985774,94.04003935786946,43.914213616748995
155,4.0,16.0,9.78339288936968,704.8584432928644,19.685714285714283,6.785714285714286,7.0,124.78876787727535,36.822917272450944,5417.544378103429,42.052066523626955,127.45699152923308,1.5749095429800388,180.826366970645,2.234362882315185,87.81703738801939,99.95219007955481,88.2662,57.728735944867616,94.02206139334702,44.7257440439426
156,4.0,16.0,10.78339288936968,720.4798246834805,21.44285714285714,7.871428571428572,7.0,147.36871323254658,28.19765277301291,5536.554263006169,42.04404656439606,130.17627798206905,1.706641250314073,180.6799767630659,2.3687564756776234,90.07251074252554,99.9644201504325,88.2522,56.30214189850919,93.97586480424881,44.73919623083392
157,4.0,16.0,11.78339288936968,792.4118111738477,22.528571428571425,6.771428571428572,7.0,179.9940075331908,24.63721417724748,6070.560735648989,41.91453379284327,142.38785073193762,1.918552044366733,179.68920796499722,2.4211552848066025,90.77793711604559,99.96395432400756,88.2214,55.71019712074893,93.9793122819587,44.59974517273591
158,4.0,16.0,12.78339288936968,778.7354577564856,23.557142857142857,7.914285714285714,7.0,212.6540736680688,28.1700449396388,5947.018087725241,41.78265965780182,138.98586312606577,1.8534486079407997,178.47635129711443,2.380074760279353,89.92441418942289,99.957617322956,88.2436,56.05070845360077,93.98060687456766,44.45881022407905
159,4.0,16.0,13.78339288936968,718.5797416660693,24.057142857142857,7.871428571428571,7.0,235.27528282501376,36.778013085592306,5503.459731264458,41.90323913489482,125.71354716092084,1.6088662465378913,174.9472464523514,2.238952969656006,87.6779874851855,99.96646447160018,88.2646,57.5685385617952,94.08728315050911,44.53655981102488
160,4.0,16.0,14.78339288936968,629.2653806688097,24.042857142857137,8.185714285714285,7.0,250.13415833318868,47.72371531740588,4746.42085070277,41.26854671054755,103.91997611577368,1.2778273914315141,165.14491231874723,2.0306653292659855,83.77835350664961,99.93449430281765,88.2366,59.403847636846955,94.03912824350536,43.884442020439174
161,4.0,16.0,15.78339288936968,589.3127810864396,23.471428571428568,9.414285714285713,7.0,261.01633631082973,59.632602207497726,4229.448873853901,39.266725903707766,88.60350307365016,1.051110514092082,150.35055392877,1.783620766130824,77.76205224910443,99.83660426959162,88.252,60.939667089633375,94.04647940312073,41.752467665902635
162,4.0,16.0,16.78339288936968,493.50383994655033,22.21428571428571,9.557142857142855,7.0,270.0678741847083,71.88775750198153,2998.233964466053,33.24005662673429,58.371156824355666,0.687137338504035,118.27903270353002,1.3923647252237317,64.08858366541013,99.75108856209965,88.1438,62.735941331416534,94.02757785504767,35.35139092700755
165,4.0,24.0,6.255680900399966,407.3129728659412,14.0875,6.512499999999999,8.0,83.49488190550092,76.6122697166217,2132.2698985795896,28.641826198354472,41.15261962022922,0.475139593674456,101.03439458525119,1.1665221226107094,54.601412603952404,99.70177957088008,88.18979999999999,63.41343026244558,94.07935090230175,30.444328031236147
166,4.0,24.0,7.255680900399966,613.2292300630436,16.725,6.5875,8.0,91.91268096559747,64.31481776808025,4199.542775556403,37.46846774399803,85.98525687540103,1.0035043241066124,140.2171531623847,1.6364261110049276,73.26903908232597,99.78963576871257,88.323,61.707882710138286,94.02547639535483,39.84927189993913
167,4.0,24.0,8.255680900399966,682.139887124549,18.9125,7.550000000000001,8.0,101.39153975902589,52.08929689472389,5053.047423988401,40.52907583220723,109.32923017303388,1.2906562422741785,160.2739148327679,1.8920697449825614,80.96196884542609,99.88909024515819,88.1798,60.491587384482635,93.95145095360176,43.138318164157624
168,4.0,24.0,9.255680900399966,715.6654511763488,20.525000000000002,7.6,8.0,113.53389776113687,40.33855291103497,5426.673109838692,41.486842345365325,124.8695353645666,1.522724420980423,174.48031780675856,2.1277042485109496,85.43278188449392,99.94742412190351,88.2534,58.54455995555908,94.0364520801543,44.1178302962802
169,4.0,24.0,10.255680900399966,677.9340049630521,22.275000000000002,6.6625,8.0,131.5777924463656,29.915077895662318,5140.027180561504,41.48248536436869,122.19043696670909,1.563967491538247,180.239427543347,2.306961267746828,88.39903628739621,99.96168174078265,88.2086,56.63500229090398,93.96969830469104,44.14453394312734
170,4.0,24.0,11.255680900399966,717.9757855040975,23.3375,6.3125,8.0,160.9416225363865,22.939178199787523,5441.2433826338365,41.46437524772294,129.49855840877112,1.7332355022153445,180.36619204065352,2.4140584365229305,90.03503580115984,99.96669642088474,88.2788,55.51811117129408,93.9976813676665,44.11212558056346
171,4.0,24.0,12.255680900399966,733.7663376364501,24.412499999999998,6.8125,8.0,199.05680703247714,22.92476638623678,5548.076401984531,41.36865685217187,129.93136170029456,1.780836195362597,177.07457406511608,2.426979958087046,90.18988421695954,99.96349909881316,88.217,55.309758597853595,94.04118520219458,43.98993564705357
172,4.0,24.0,13.255680900399966,732.5582393247,24.6375,7.0,8.0,228.46701968145882,29.880319788679746,5544.188577860121,41.4078430012557,130.7075413937191,1.696375546421729,178.42614331143184,2.3156869384003,88.46128522560981,99.96031818016907,88.2016,56.480572007993956,93.99963853244171,44.05106620379692
173,4.0,24.0,14.255680900399966,677.4936746084525,24.537499999999998,6.75,8.0,246.54330405847747,40.29154086946652,5097.12913885116,41.16301370596757,114.2554127022166,1.445779780407428,168.64425010056198,2.134012219734738,85.13127312391437,99.95104316587528,88.241,58.295785155638804,94.04227510716592,43.77075486429931
174,4.0,24.0,15.255680900399966,663.3394842768998,24.275,7.15,8.0,258.70548153868214,52.03144242146894,4876.250133854235,40.219521376321666,104.96324760966041,1.26242133872776,158.23458439848469,1.9031300995204796,80.63159099193209,99.89008648041047,88.2512,60.226058429433884,93.9516083462983,42.80876302625459
175,4.0,24.0,16.255680900399966,592.3324740118032,23.6625,6.5875,8.0,268.19963384056086,64.24439726024035,4046.0334495684324,37.37237495452699,81.01897901510114,0.9629900775738954,136.7795664930684,1.6257593831580237,72.87876208463888,99.81019381521756,88.3006,61.88238230855638,94.02517107087066,39.74720229581703
176,4.0,24.0,17.255680900399966,368.083340606159,22.112499999999997,6.324999999999999,8.0,276.63199484352765,76.52587832266812,1934.7154081821461,28.75793516365759,35.63310009641956,0.4225194615222441,96.80715252621603,1.1478907489440837,54.39346770705915,99.74407550680084,88.151,63.951486146210314,94.02556660548892,30.585229317808537
179,5.0,2.0,6.236362595637274,431.21406493162175,13.628571428571428,7.528571428571429,7.0,81.32207171197467,75.24215332680456,2337.7024054311983,29.660814822774345,44.08908413170803,0.5206828091926226,102.24407717011573,1.2074810437252042,56.573946225279336,99.72626847461011,88.1886,63.3486910328015,94.10375241862819,31.51926895627477
180,5.0,2.0,7.236362595637274,595.2829640450169,15.571428571428571,7.7142857142857135,7.0,89.54058480206446,62.975060568826486,4068.465396884407,37.39331294972002,82.01959792245795,0.9728427449855379,137.78253851769122,1.634252622273882,73.263334645491,99.8133761457072,88.1988,61.68716248912355,93.98554113925216,39.786239985911045
181,5.0,2.0,8.236362595637274,662.928530542893,17.285714285714285,7.2142857142857135,7.0,98.71381262223757,50.70076486807685,4854.201971900704,40.06248679765226,104.91769993977275,1.2517758242636698,158.26396829512277,1.8882515483811677,80.23184240939383,99.89952370151963,88.18,60.31235739243559,93.98343685300206,42.627177872110956
182,5.0,2.0,9.236362595637274,686.2246570376265,18.87142857142857,7.800000000000001,7.0,110.4404150517562,38.783116207416874,5176.313499240407,41.27062291688389,118.72058927616582,1.446699666942834,173.00542622393155,2.1082012313403506,84.87392066944686,99.95125435026584,88.213,58.65305659521379,94.02758225948672,43.89203883068043
183,5.0,2.0,10.236362595637274,693.802593239692,20.785714285714285,7.657142857142858,7.0,128.21117668133368,28.007575126229646,5241.794356254086,41.33622683184866,123.18669461783956,1.583107813149517,177.5529463541246,2.2817842259096195,87.71836488536293,99.96918007673254,88.25460000000001,56.84447235212644,93.96120624337021,43.99286523076676
184,5.0,2.0,11.236362595637274,760.0778298993015,21.94285714285714,6.857142857142857,7.0,158.973412429118,20.539920830640394,5739.269146338526,41.31286351119337,137.5338328914453,1.8154242359914914,180.94703921263746,2.3884715019671168,89.41133181661314,99.96262232693005,88.288,55.69134893207184,94.008187115466,43.94602723319262
185,5.0,2.0,12.236362595637274,789.7402508197481,23.21428571428571,8.028571428571428,7.0,201.01604617546076,20.52572818041853,5918.133447235711,41.00032054194092,140.29774351468686,1.8986437036338837,177.65049124577126,2.4041369319381873,89.31091837468672,99.96578198364787,88.2576,55.328843420524684,94.04324882413675,43.59730342644006
186,5.0,2.0,13.236362595637274,798.6272633607356,23.642857142857142,8.914285714285715,7.0,231.82935116612308,27.974703077911748,6000.500926399065,41.108359587770416,139.10106742908587,1.8323619444769956,174.17520514354726,2.2943894211251434,87.6604320029223,99.96283724071044,88.2604,56.528115918374745,94.02807909627175,43.71923789454545
187,5.0,2.0,14.236362595637274,776.8052290004896,23.7,9.114285714285716,7.0,249.63093342061347,38.73950954093541,5825.870937565338,41.033209788070344,131.98972080132722,1.6433766250486717,169.91353285708126,2.115558139539295,84.68207965244542,99.95987886590927,88.2328,58.42666563866962,94.03230689218874,43.637353101542345
188,5.0,2.0,15.236362595637274,654.5326281016777,23.628571428571426,9.914285714285715,7.0,261.37500697964896,50.647303424990575,4781.134809025486,39.965611292000894,101.49100346110285,1.2402409330038058,155.05873825641712,1.894849667923876,80.02693479802022,99.9021683745683,88.315,60.26435872268176,93.9248153107744,42.55064133984654
189,5.0,2.0,16.236362595637274,533.59361993268,22.542857142857144,9.942857142857143,7.0,270.5613100098328,62.9098408051181,3642.6602211812055,37.35036124671377,71.1432721232998,0.8573068927454915,133.32856590803218,1.6066663106909942,72.64232944623889,99.81398936109882,88.167,62.1140188402668,94.06280757086249,39.707895406562
190,5.0,2.0,17.236362595637274,395.77028404630664,20.528571428571425,8.757142857142856,7.0,278.79206011933536,75.16185503123651,2154.509186710419,29.784611470125952,39.15740579107124,0.4695301881449159,98.93973188368452,1.1863704958959957,56.346858780322805,99.73777274696658,88.1678,63.9256009443167,94.0324474330238,31.674823194770664
193,5.0,9.0,6.227328505702189,468.38910977647583,19.142857142857142,7.000000000000002,7.0,79.595074830409,74.17457009961046,2631.7659661023386,30.741655324669043,48.39753826071929,0.5679001831489826,103.32763347938536,1.2124538579045856,57.97380819636305,99.75418497807166,88.1964,64.08667463821158,94.04716298471885,32.68748822297177
194,5.0,9.0,7.227328505702189,669.2834526678781,21.71428571428571,6.628571428571429,7.0,87.63665583777045,61.94567972977437,4598.619767440778,37.59275772267407,91.93111012610422,1.0788561466040496,137.35751236587595,1.6119570001373034,73.05153403317114,99.8175716609828,88.1442,62.26379066960358,93.93740256800616,40.01894527098375
195,5.0,9.0,8.22732850570219,753.9245481096683,23.857142857142854,6.628571428571429,7.0,96.5353507783608,49.649381591859544,5496.063291598664,39.885093326176325,117.23452184965441,1.4144070322769933,155.49901133157041,1.876059130616409,79.6717124158067,99.90707562457646,88.2438,60.45861132599379,93.92211086387975,42.466138121598796
196,5.0,9.0,9.22732850570219,824.3940886006616,26.0,6.0285714285714285,7.0,107.8633322894482,37.616985442343044,6108.090916385775,40.53754048092028,138.4234802105158,1.7578949755982787,167.9093556401864,2.1323478660335313,84.32461429844545,99.9571472298745,88.209,57.9865080661259,94.02629509812742,43.11298285082339
197,5.0,9.0,10.22732850570219,855.2214644986269,27.71428571428571,6.0285714285714285,7.0,125.26463341275166,26.568729005873998,6266.864701737266,40.09207165551693,147.95887116158877,2.0124975279539936,173.00649867146353,2.353188748757398,87.41397865786888,99.96010436335858,88.2302,55.28862180395714,94.05846379748081,42.62462944519271
198,5.0,9.0,11.22732850570219,835.7125326779312,29.428571428571427,5.885714285714286,7.0,157.0993898047503,18.670714759553,6047.559717419325,39.592235321459476,144.6830036970566,2.0703527638312686,173.12532484518195,2.477350384105279,88.77342042336966,99.96829207528367,88.306,53.78282244726885,93.93576868639212,42.14819964228914
199,5.0,9.0,12.22732850570219,848.6510000971933,30.57142857142857,5.371428571428571,7.0,202.9025006979669,18.659198756068413,6065.438437086269,39.103879266980854,142.9245402628505,2.122487902665956,168.4138005451968,2.5010138471796703,88.710354867426,99.96756266303731,88.17,53.23332735808598,93.94679522427249,41.62343076592549
200,5.0,9.0,13.22732850570219,799.6709500527853,31.285714285714285,7.214285714285716,7.0,234.78223453982736,26.54281425592802,5724.865813471409,39.168844846784545,133.9271500046361,1.9200756689819156,167.4778232169066,2.4010821811836154,87.01519277818034,99.96240303493573,88.305,54.26398917887706,93.97492265103403,41.68010331036283
201,5.0,9.0,14.22732850570219,736.5162772439598,31.142857142857142,6.257142857142857,7.0,252.20772983972375,37.58254786382184,5309.938976029459,39.44518091620465,120.52720782754673,1.6191074214993122,163.64500222392766,2.1983321638973194,84.03032899646506,99.96284507074162,88.279,56.55699622193363,94.05362516880588,41.93903302016174
202,5.0,9.0,15.22732850570219,724.597689457897,31.0,7.2142857142857135,7.0,263.5491781713556,49.60635201046935,5140.954516205925,38.81803866577627,107.77523308502258,1.4145541507992518,148.73803029327064,1.9521924667708246,79.59539763985521,99.91681758118219,88.2398,58.85802301103368,93.98030562889022,41.30443969725007
203,5.0,9.0,16.22732850570219,678.8275512016008,30.0,7.885714285714286,7.0,272.4582979023941,61.891913403042814,4562.849703589838,36.775913974579275,89.23785845381526,1.1303552251059588,131.45880466379754,1.665158143780557,72.68398121346972,99.8378557096983,88.3164,60.997672762245216,94.07514558341205,39.0920617199277
204,5.0,9.0,17.22732850570219,509.9624320290449,28.0,7.814285714285714,7.0,280.5099581392133,74.10682605863093,2798.1835892138706,30.020975024682016,50.00284135978365,0.6350288380915994,98.05200975458472,1.2452463126841298,57.5948596524507,99.7671838090635,88.1382,63.03503804032615,94.03881750576417,31.924024377318293
207,5.0,17.0,6.226478942538506,518.381266354056,18.57142857142857,7.885714285714286,7.0,77.85710612837465,73.12666817185908,2959.3004438530074,31.23392280469381,53.15714539194242,0.6367570197526987,102.54449541707768,1.2283565419545692,58.859299665495435,99.7284210335416,88.2248,64.10305369539422,94.08558683148586,33.19735132293541
208,5.0,17.0,7.226478942538506,671.4206513573785,21.0,8.1,7.0,85.70489599341127,60.948979105772935,4632.673028719567,37.75058844170581,90.72463392282322,1.0715973997614796,135.1233890995304,1.5960149536584605,72.90150906997629,99.82570262919312,88.24,62.53692405847908,94.00323854889773,40.15881689232341
209,5.0,17.0,8.226478942538506,740.2298628970792,22.285714285714285,7.428571428571429,7.0,94.2995936161938,48.64633610428306,5410.125491133277,39.987799770864584,114.07958770179884,1.3761690113783416,154.11373334131528,1.8591103660589314,79.39317123753065,99.9073788905395,88.3168,60.73145577151924,93.991759103056,42.54394231202812
210,5.0,17.0,9.226478942538506,723.6576227647673,24.57142857142857,6.185714285714285,7.0,105.16297027054561,36.51677132336577,5350.633546884247,40.453754872701744,120.49917746063413,1.5242076101435102,166.514071945047,2.1062551712233817,83.82009024110128,99.95873184314472,88.20360000000001,58.21371212877351,94.03258425652797,43.02099659660618
211,5.0,17.0,10.226478942538506,742.36925844376,26.57142857142857,6.1,7.0,122.02982965217983,25.205209571054144,5410.6797328004495,39.87664575470472,128.99341764966698,1.7244654283923981,173.7591046268239,2.3229213882151063,86.6657518793026,99.96440369385363,88.2114,55.52801088682241,93.96992929585865,42.435538744693005
212,5.0,17.0,11.226478942538506,821.4196845132238,28.285714285714285,5.800000000000001,7.0,154.8357180053582,16.83490660190278,5945.379687604548,39.60055390338304,143.31982046458603,2.0151580727999456,174.47819082825833,2.453262456200006,88.30027449268867,99.97238069365208,88.344,54.0022826190336,94.0307707790819,42.11446271818989
213,5.0,17.0,12.226478942538506,862.7358968869131,29.285714285714285,6.185714285714285,7.0,205.16856137014446,16.82535914502411,6191.067819279579,39.2621849428866,146.50622753963856,2.1285538323491786,169.8158475476563,2.4672137093516446,88.27604840047711,99.9696127898407,88.19500000000001,53.647006517088926,94.03166200136998,41.75421778923207
214,5.0,17.0,13.226478942538506,855.6376647485926,30.0,7.500000000000001,7.0,238.01487941563204,25.184554146351537,6120.234217147667,39.13496236218585,142.5568662556614,2.024598088422268,166.6089188553289,2.3661862629868504,86.42422301420828,99.96443079070126,88.2786,54.61453734509424,93.95507492354106,41.6528456754818
215,5.0,17.0,14.226478942538506,832.2409640325923,30.428571428571427,7.7285714285714295,7.0,254.90068332997288,36.48943104883377,5971.619490200954,39.25814817572397,131.66203411025452,1.8043180630246485,158.20181870439433,2.168023614557367,83.327280201141,99.96125901407589,88.2786,56.80632425400365,93.98504640084263,41.770632328348775
216,5.0,17.0,15.226478942538506,771.4224898317879,30.142857142857142,7.671428571428572,7.0,265.7742877424283,48.61175537391173,5473.563919473338,38.82081687682038,114.0446345657377,1.4785249087076802,147.8368028790626,1.916621472923455,78.90859007589943,99.92636847029931,88.2774,59.27942103377757,94.0820549302185,41.262722105309166
217,5.0,17.0,16.226478942538506,699.5628522226232,29.0,7.442857142857144,7.0,274.37703447718695,60.90508124195443,4702.604778237232,36.778881082980554,91.647791597556,1.148532731844801,131.00723016720553,1.6417863358463485,72.31737455755002,99.85163036707327,88.293,61.38563099748191,93.97399794526116,39.13729530205138
218,5.0,17.0,17.226478942538506,547.3009933643874,27.428571428571427,8.328571428571427,7.0,282.23271818275504,73.07055097941806,3071.6838986732328,30.70697648603644,54.35520532121869,0.692997980863312,99.31501309194509,1.266209981829726,58.81345715069764,99.7657888286718,88.1256,63.133877469312736,94.06198880137208,32.64546803372344
221,5.0,24.0,5.733830044862316,490.31753075352424,18.71428571428571,4.714285714285715,7.0,72.71567505816893,78.30824260891615,2326.1058981237015,25.956063793553717,40.18656827663657,0.49241223837610054,81.96029257790866,1.0042721450716992,48.44700406813794,99.74309555122217,88.20400000000001,64.73003294027785,94.07949034027654,27.589502982715057
222,5.0,24.0,6.733830044862316,647.2331281228054,20.857142857142858,4.857142857142858,7.0,80.3981537220885,66.340822713151,4189.86561494893,35.41817073233365,78.65249146700641,0.9330242712997288,121.52111511214699,1.441558274382237,67.56150041647967,99.79755800087959,88.2228,63.341140018308984,94.00267535979285,37.67783267526323
223,5.0,24.0,7.733830044862316,651.5969737357763,23.57142857142857,5.9714285714285715,7.0,88.2986640387012,54.09868665676975,4609.036645172206,38.700615672705574,93.96394527542257,1.1322002878287103,144.20561952076395,1.7375775724333238,76.09812701834895,99.88262831014222,88.2666,61.40240236834046,93.94467822559491,41.195112276367055
224,5.0,24.0,8.733830044862316,684.218928698993,25.428571428571427,6.185714285714286,7.0,97.45198694923677,41.81272299061307,4995.470379162469,39.945519638197105,109.68207373431109,1.3660186190967323,160.30260072293805,1.9964642335957385,81.42376013721719,99.94333776809735,88.2422,59.12586373851656,94.08258604950868,42.457931180991075
225,5.0,24.0,9.733830044862316,666.7434094814927,27.57142857142857,4.785714285714286,7.0,110.11921789677864,29.855384766349925,4826.548011119951,39.60633629123077,112.4886865308752,1.497094272377568,168.71360846049373,2.2453829330563844,85.02899602666987,99.9680453981974,88.2502,56.18757226088731,93.9681015456992,42.14870327242819
226,5.0,24.0,10.733830044862316,665.0490995501493,29.285714285714285,3.542857142857143,7.0,132.85114518614265,19.272411323801947,4748.141558602904,39.06220187460962,113.93813035719505,1.61563579437345,171.32288493325495,2.429348142063938,87.25629897471724,99.96830363308285,88.3382,53.899549542408465,94.0511105321983,41.53295123637771
227,5.0,24.0,11.733830044862316,604.4627006402764,30.71428571428571,3.6142857142857148,7.0,179.9864885975029,14.037033855587335,4245.352865054324,38.42652024053553,102.83511691302121,1.5150409459750884,170.12648887035252,2.5064258627873697,87.88226470105329,99.97029000133809,88.1858,52.74547525170259,94.03185362643602,40.865428850519166
228,5.0,24.0,12.733830044862316,567.1493354240438,31.428571428571427,3.028571428571429,7.0,227.16560816585346,19.257051406980267,3980.3080288109873,38.3977721077294,95.13264091894041,1.4031278745815325,167.7382568875128,2.474000738328377,87.38285036577625,99.96756200081208,88.1682,53.023839454683255,94.02375093612923,40.83837511844553
229,5.0,24.0,13.733830044862316,498.2863932102463,32.42857142857142,4.271428571428571,7.0,249.92507548463436,29.833381563395157,3506.9087234107387,38.5063368780559,79.94961751723302,1.1561687669857963,160.44912846636612,2.3202896622103104,84.92383889192827,99.96306869675549,88.27199999999999,54.64497718706156,94.03505715660413,40.94891633226553
230,5.0,24.0,14.733830044862316,515.6866117862425,31.857142857142854,5.157142857142856,7.0,262.6038180557126,41.78517153905696,3646.433274264081,38.68736813057541,78.31503624583934,1.0726042072717836,151.86556031495684,2.079953566288026,81.27700796769585,99.94718146228008,88.2266,57.398956679519166,94.04319719289373,41.137869920801435
231,5.0,24.0,15.733830044862316,460.5067947459277,31.71428571428571,5.585714285714285,7.0,271.76432488279704,54.064307528964285,3157.439867771259,37.51334726452394,63.44235373391053,0.833179823830909,137.76637925378094,1.8092671668190992,75.75423823303797,99.89418828594087,88.27000000000001,59.785022330187374,93.93623236791586,39.934907243881234
232,5.0,24.0,16.733830044862316,422.9452620758706,30.57142857142857,5.385714285714286,7.0,279.6710692580443,66.29751137883252,2645.8177705426638,34.226503619165406,49.53908569097867,0.6347751711419589,117.12883470507359,1.5008447382207322,66.94958730579195,99.81525976969807,88.232,61.77224676106234,93.9719349585127,36.42204838527155
233,5.0,24.0,17.733830044862316,371.70099519025445,29.428571428571427,5.085714285714285,7.0,287.359748121925,78.25328519754014,1713.5017847573747,25.221888930449957,29.007520945343472,0.38803834103468215,78.03993349680441,1.0439529246782497,48.19960428537294,99.75694003159099,88.1264,63.274039325599865,94.07179428176956,26.811319081364417
236,5.0,32.0,5.750483080988943,451.0617725844055,20.5375,5.3500000000000005,8.0,71.61407998215958,77.60531844100119,2191.0052143866196,26.57627814910688,38.07106998433153,0.46411195291955637,84.40322877773339,1.0289321355263128,49.622973443149434,99.73405581880426,88.214,64.7258335473986,94.04868523181855,28.25800071909521
237,5.0,32.0,6.750483080988943,675.185385123618,22.65,5.625000000000001,8.0,79.18042500340285,65.69929845634377,4365.447266492731,35.37467715038001,81.55702448333157,0.9763625397358816,120.79204657014239,1.4460658676092668,67.48188159397954,99.78842355158478,88.28960000000001,63.28902146129295,94.01284805790593,37.62749228551342
238,5.0,32.0,7.750483080988943,783.7474329337185,25.250000000000004,5.937500000000001,8.0,86.90051676509492,53.489212796136336,5529.487728852908,38.60073185898444,110.72906923116133,1.3559119282220653,141.281571815401,1.7300368348852184,75.86114893852307,99.8886495067468,88.19,61.47155580882671,93.96506830848325,41.07987420629537
239,5.0,32.0,8.750483080988943,845.4394014328661,27.987500000000004,5.3500000000000005,8.0,95.76156040459698,41.192897582015675,6088.480944607686,39.40154382674999,133.84250332747385,1.7081630696102228,158.31117298369952,2.0204441225653746,81.07080007314602,99.95653453467051,88.346,58.50323188491138,94.0742662031481,41.88344530018929
240,5.0,32.0,9.750483080988943,895.2781703586954,30.2875,5.1000000000000005,8.0,107.95759363300554,29.14778928819449,6338.893570629353,38.73844970821738,147.7489801744011,2.0457184821763517,165.03136686020738,2.285008782640963,84.59137218246913,99.96487554612861,88.2576,55.18086382111518,94.0650149329762,41.18263281605765
241,5.0,32.0,10.750483080988943,893.1613827355076,32.074999999999996,5.2875,8.0,130.23885811548092,18.31289649937837,6207.42029610955,38.024891726679385,148.73377313329385,2.2080752738803953,166.52508270987178,2.4722019072495818,86.68894419673578,99.97034864113029,88.3602,52.826771118708535,93.99879993142464,40.45252891996478
242,5.0,32.0,11.750483080988943,890.7612625240826,33.975,4.8375,8.0,179.98665837985706,12.76305630079491,6060.726538141563,37.22632275673486,147.15111643518566,2.2892040535604186,165.19703160217668,2.5699411838742012,87.45799993594439,99.96984421020173,88.2086,51.33882198181035,94.0209756226862,39.593635899000994
243,5.0,32.0,12.750483080988943,853.6131645157709,35.1375,5.4750000000000005,8.0,229.77354493375543,18.301302468038305,5789.448280233857,37.107598244245054,137.72490517438013,2.175260460075187,161.34346434606283,2.548297695606823,86.88920322816288,99.96648072528464,88.3074,51.43784734100759,94.0508542509943,39.45482318025065
244,5.0,32.0,13.750483080988943,828.5182671984222,35.65,6.462500000000001,8.0,252.07558067434164,29.131557563034796,5640.638038007559,37.24885394983983,130.1047654658661,1.9851152686399727,157.03306808889857,2.3959824993992034,84.65956477926431,99.96759074591145,88.24640000000001,53.045077070613864,94.02331863097069,39.616612657586295
245,5.0,32.0,14.750483080988943,756.2118983840527,36.05,6.9625,8.0,264.27972865991194,41.17265005599041,5161.485101807683,37.34375141168509,112.63406978127963,1.624151950991304,148.94511713180802,2.1477471519053726,80.68079499908201,99.95289097658365,88.3058,55.77686083372421,94.01759054254433,39.71996218599806
246,5.0,32.0,15.750483080988943,596.5869264810311,35.2,7.087500000000001,8.0,273.14576979840547,53.46391249145988,3990.0164550257086,36.592133043015785,80.58960363394651,1.112541370714,135.08442786251518,1.864843698933074,75.46263392963513,99.90510249609879,88.3058,58.48631860533654,93.97765020989267,38.93705892974527
247,5.0,32.0,16.750483080988943,564.4271446498274,34.9625,6.562500000000001,8.0,280.87019073150447,65.66735176514625,3455.6512371740278,33.49722145622762,64.96717155867967,0.8813875003465044,115.10284750565201,1.5615611486816785,66.95266444983855,99.8341651506673,88.28059999999999,60.404247159445475,93.97860126829562,35.64345606783164
248,5.0,32.0,17.750483080988943,428.4247011479041,33.35,7.65,8.0,288.4408092859019,77.56471206823728,1985.9179171580367,25.361419822060974,34.048148039313794,0.47325303330564017,79.47288741308927,1.1046352650480349,49.332453767148635,99.77647805585782,88.224,62.08154789223283,94.07265354520901,26.95939666448645
251,6.0,9.0,5.774054949586571,419.2083872068012,22.04285714285714,4.8,7.0,70.85983589997228,77.12820794903625,2064.932567125742,26.950242808563743,35.53147193918947,0.43641370513834676,84.7584948763473,1.041042399094601,50.285745115261996,99.73295793294025,88.22579999999999,64.75402942600425,94.06253729562,28.651409565813058
252,6.0,9.0,6.774054949586571,620.5201230717545,23.885714285714286,5.457142857142857,7.0,78.34409861190255,65.26748874336334,4031.7558189287943,35.54881456953684,74.5448702477468,0.8945875108707906,120.13288123313082,1.4416736502312335,67.60026198501684,99.81220210587361,88.2864,63.47006261872933,94.02219194639032,37.80896172874389
253,6.0,9.0,7.774054949586571,735.6327914625623,26.685714285714283,5.671428571428572,7.0,85.93666091264258,53.08346148102246,5154.793567978039,38.33866353266231,102.71824867255458,1.2776735574096092,139.6325039675479,1.736836057660478,75.58020481226971,99.89684130338179,88.2136,61.19565242060493,94.06347817057069,40.75828820952231
254,6.0,9.0,8.77405494958657,792.259202775903,28.4,4.714285714285714,7.0,94.58871243188591,40.78544830576281,5677.040967621258,39.20500443123631,125.01013311055036,1.6020689710793021,157.78943642755073,2.022152554954241,80.87174477337415,99.95447266434574,88.29860000000001,58.41778233006717,94.02505110689584,41.696339400724874
255,6.0,9.0,9.77405494958657,836.1374568547805,30.328571428571426,4.728571428571429,7.0,106.43519400624244,28.687233749389474,5904.684498891165,38.63721278012998,139.0392733350428,1.9107373644120804,166.28757890844136,2.285195273513426,84.38541577695214,99.96288047512992,88.36319999999999,55.159265666180616,93.97443475690854,41.11459981650973
256,6.0,9.0,10.77405494958657,827.7183373118158,32.0,4.371428571428572,7.0,128.31337610469458,17.683335349382926,5734.328354657295,37.90414916591813,138.6014682174138,2.0384095432193066,167.45003942712006,2.4626850117148034,86.46295539984885,99.96624935160247,88.2946,52.820150275081346,94.03066389827892,40.31041321469592
257,6.0,9.0,11.77405494958657,771.877764148305,33.34285714285715,3.557142857142858,7.0,179.9882654228379,11.899126521601678,5255.974256745543,37.25559217377463,127.82308973831542,1.9683476604794388,165.60017100551698,2.5500769058314905,87.18633351378305,99.97052314613263,88.2048,51.55411504806145,93.9973339082002,39.634732842698746
258,6.0,9.0,12.77405494958657,703.92120865526,34.285714285714285,4.785714285714286,7.0,231.6934512447001,17.67587165984174,4787.198224161225,37.208668735715634,112.9547496579779,1.7699126264715064,160.46504675397077,2.5143618415087525,86.49276544004714,99.96850843249024,88.2776,51.81881432025909,94.07260004373497,39.55314163573355
259,6.0,9.0,13.77405494958657,661.667037338032,33.371428571428574,5.528571428571429,7.0,253.5849302975409,28.676993147550586,4564.568359957357,37.74391864868803,104.88329554091744,1.547789945343282,158.51370798653636,2.3392278260833903,84.36054162313043,99.96280917706233,88.1938,53.990086319347554,93.99767218088078,40.154099322860866
260,6.0,9.0,14.77405494958657,583.7032429357912,33.01428571428571,5.914285714285715,7.0,265.4363375695745,40.77277059967793,4050.651271321102,37.96815737161583,88.24009682331267,1.2186385621200433,151.1728740438389,2.087770758289408,80.52426528193521,99.95578662397998,88.2086,56.90351322904947,93.97986111664767,40.4003122801914
261,6.0,9.0,15.77405494958657,521.6793077059026,32.957142857142856,5.242857142857143,7.0,274.09136403327784,53.06768692847803,3529.5148736207934,37.016740731648284,70.79808458433997,0.9486327138039525,135.71188954316833,1.8184212020514825,75.14563688925757,99.91174114356322,88.3764,59.3904306306796,93.93449375295572,39.40697314982179
262,6.0,9.0,16.77405494958657,495.15967456472055,32.857142857142854,6.257142857142857,7.0,281.68647475741915,65.24763318128987,3062.580973721433,33.83990092953578,56.655573496185085,0.7570713444317374,114.41879540370333,1.5289438605784191,66.92833056350453,99.8245092948856,88.2098,61.05638521378683,94.04462531992144,35.98281221751807
263,6.0,9.0,17.77405494958657,349.5328999478682,31.44285714285714,5.885714285714286,7.0,289.1732217147571,77.10304205586479,1660.2476675276735,25.98792413036002,28.06631235459009,0.38480671680867123,80.29662546437287,1.1009170148677392,50.06246100125218,99.77347452438721,88.202,62.711159493739935,94.06347848776528,27.628070477683043
266,6.0,16.0,5.798259523703564,504.34935201425066,20.957142857142856,7.171428571428572,7.0,70.50093421531767,76.90361011070598,2504.698701134986,27.1713236133677,42.754607858212275,0.5260493006434539,84.77181082410554,1.0430256300370742,50.581601654140165,99.7285883877516,88.2792,64.8758058873507,94.04969500878907,28.890389927185307
267,6.0,16.0,6.798259523703564,716.3751166538456,23.157142857142855,7.457142857142857,7.0,77.94620982630413,65.06571022353137,4652.141765805796,35.53032827176036,84.70308427424789,1.0294715210012715,118.23845120401725,1.4370565044328794,67.55560170467533,99.79618764339412,88.2184,63.57415951639395,93.96889036587588,37.81073516290338
268,6.0,16.0,7.798259523703564,821.1412768636944,25.885714285714283,8.17142857142857,7.0,85.4779738027773,52.8955488962522,5767.402547054923,38.42812129581455,115.61038405326029,1.420964972427152,140.7923183387249,1.7304756349046932,75.6021540600805,99.89774262885336,88.2088,61.404743152977915,93.9389011070247,40.90756954036895
269,6.0,16.0,8.798259523703564,867.6014918368255,28.42857142857143,8.314285714285715,7.0,94.02951818795924,40.59860481170554,6204.158013246893,39.12454786964371,135.5023253070877,1.7472629886412931,156.18037380296752,2.0139003967617777,80.67050151269241,99.95421753921539,88.24340000000001,58.47737605296872,94.02932987971802,41.608876634228594
270,6.0,16.0,9.798259523703564,865.6365278916409,30.5,7.428571428571428,7.0,105.7041750203054,28.477711454268107,6095.19524504306,38.524660395086144,141.64311805559734,1.9771061350713,163.62885979475215,2.2839911110114235,84.29498009961475,99.96716083941423,88.3092,55.06784080688535,94.01036738388119,40.97916162562673
271,6.0,16.0,10.798259523703564,871.2911401329059,32.857142857142854,8.085714285714287,7.0,127.36362923166138,17.395790224231337,6001.85004918276,37.68847931295898,144.9638796755363,2.158580772815634,166.37823225589514,2.4774506171224995,86.4192668694257,99.96445060332081,88.3278,52.529434948650234,94.0269417182676,40.08263868230955
272,6.0,16.0,11.798259523703564,877.4003149712238,34.214285714285715,7.057142857142858,7.0,179.98579279484775,11.495407768898732,5926.151706892823,36.95402520354563,144.52070372876977,2.2506162207267733,164.7146704449378,2.565096207881561,87.06783059446037,99.96938928216733,88.2044,51.15823328880189,94.08734205275991,39.276298381161084
273,6.0,16.0,12.798259523703564,843.736889795555,35.8,8.97142857142857,7.0,232.6317863464181,17.390411029541546,5637.996553796228,36.55986134442592,132.72486123604455,2.153909016399116,157.30598346624973,2.552820722252677,86.35970119908613,99.9664621917864,88.2586,51.04036087907604,94.00875813858465,38.88984608277727
274,6.0,16.0,13.798259523703564,825.1794734768353,36.58571428571428,8.442857142857141,7.0,254.300860783319,28.470726578339963,5547.484819707204,36.78192697566477,127.64802985132079,1.9878883620662227,154.6912325793622,2.409037580261656,84.31928462036478,99.96758295815708,88.2252,52.60361510534419,94.02430455268501,39.11959482247976
275,6.0,16.0,14.798259523703564,774.0249772115352,36.42857142857142,8.314285714285715,7.0,265.97870971648484,40.59051448971726,5238.629615944566,37.0296400253984,114.45703278051889,1.669187075270211,147.8725314431793,2.156502857677207,80.48626965531284,99.95467319372678,88.248,55.49179212769817,93.99201604961979,39.396580243421845
276,6.0,16.0,15.798259523703564,744.788311233345,36.199999999999996,9.128571428571426,7.0,274.53186651750485,52.88617207498997,4931.415168949133,36.22642569207757,98.50754822948466,1.3973867768289416,132.26247880603736,1.8762200691830342,75.17571581082316,99.90895687681322,88.30980000000001,58.112148558190356,93.9869714464035,38.544093010525245
277,6.0,16.0,16.798259523703564,660.748189124668,34.74285714285714,10.742857142857142,7.0,282.06477461985196,65.0546865935354,4052.0712095876584,33.55272975702207,74.99667442138421,1.0294761031379682,113.50265601293093,1.558046045501503,67.04110005798847,99.83716162275927,88.1856,60.49340087685423,93.9699134052828,35.70582172648443
278,6.0,16.0,17.798259523703564,494.3509160242828,33.099999999999994,10.057142857142855,7.0,289.51100497264656,76.89047431227151,2339.100738046491,25.88811054077196,39.86074598149184,0.5573233451497408,80.63249139308535,1.1273840648094697,50.357940057757254,99.76519224318469,88.2424,62.115608302133694,94.01026998953984,27.53753450942374
281,6.0,24.0,5.827173857927846,494.7604475093367,22.9875,6.462500000000001,8.0,70.44580378107037,76.86985483484555,2451.3090948877357,27.107525469187614,41.57107628375676,0.5192515063901095,84.02263457604352,1.0495008422845091,50.609243553663795,99.73713550211652,88.25840000000001,64.72921759835685,94.00408573013121,28.836539665954987
282,6.0,24.0,6.827173857927846,707.359504765509,25.737500000000004,6.850000000000001,8.0,77.88702344963183,65.03643969893984,4572.7019668341845,35.36873072264104,83.45156200718716,1.027372913433627,117.976165507031,1.4524056106013632,67.546819862268,99.81212677476744,88.251,63.23423231144392,94.00682226211849,37.62357866328327
283,6.0,24.0,7.827173857927846,802.0779857270445,28.262499999999996,6.137500000000001,8.0,85.41196159466408,52.86927216928745,5584.412715073199,38.09321976801279,112.55124508805078,1.4079274604422596,140.32456580394557,1.7553498356722037,75.60698758318802,99.90202593137732,88.1866,60.87023638992874,93.95153169683816,40.54560801726107
284,6.0,24.0,8.827173857927846,856.7119543171139,30.837500000000006,6.200000000000001,8.0,93.95170359645874,40.57343435917831,6035.727560165322,38.54620023275458,132.26313812509096,1.758184074039045,154.384606703099,2.0522464583098947,80.602814230893,99.95376875311608,88.252,57.69675506058187,93.9628647214854,41.022802302813
285,6.0,24.0,9.827173857927846,884.6065215737835,33.0,5.975000000000001,8.0,105.6057349671983,28.45048988120512,6123.607132602822,37.87424245832013,144.23291094382742,2.0613554256488533,163.0475329157939,2.3302512194704854,84.2732275196144,99.96806443283792,88.3028,54.1430943895526,94.03196176973968,40.278052000089616
286,6.0,24.0,10.827173857927846,894.7634497159552,35.00000000000001,5.300000000000001,8.0,127.238936269898,17.359574274069402,6056.07080161814,37.031344493954286,145.72241914917961,2.2609753151196657,162.86139000809607,2.5268972663528193,86.4305558007765,99.96671715696597,88.3338,51.593578575926,94.04250275464558,39.37724263949896
287,6.0,24.0,11.827173857927846,892.442122775703,36.875,5.862500000000002,8.0,179.98394962539288,11.445756839777502,5884.4623209122765,36.07559455903572,143.27826103887605,2.3455943534420314,160.54627788438233,2.628287362934737,87.05542632695071,99.96938824100297,88.20139999999999,49.96983251374549,94.05182861785813,38.357143172212446
288,6.0,24.0,12.827173857927846,857.2578797596161,37.925000000000004,5.425000000000001,8.0,232.74362188202682,17.356831432217735,5622.844302758296,35.886519837847956,132.09376118144328,2.2293682923358618,154.08871041055198,2.600580694529165,86.32585176649096,99.96736987605085,88.262,50.08840209807646,94.06352812334539,38.15136488479361
289,6.0,24.0,13.827173857927846,836.7495972345905,38.41250000000001,5.3375,8.0,254.38185767377348,28.44746938750801,5535.911828978169,36.197653968295995,127.828181838775,2.052007210336816,152.76754510697086,2.4523551814289273,84.30803299940838,99.96736351603721,88.2448,51.747075360478824,94.05422219885563,38.48594259996593
290,6.0,24.0,14.827173857927846,775.7028535846739,38.675000000000004,6.512500000000001,8.0,266.03709007926,40.57084689384469,5154.967170090045,36.3594484230121,113.30815338375741,1.7139162790299847,146.07159540555816,2.2095010623070985,80.53961568776936,99.95739569877853,88.254,54.4356831609542,94.01014551906242,38.676089928655095
291,6.0,24.0,15.827173857927846,741.4455214094332,38.3875,6.387500000000001,8.0,274.5769062635776,52.867506555470335,4827.484328115591,35.622828326672945,97.32009700304424,1.4252328268184886,131.25724573539256,1.9222353978337154,75.17838851325108,99.91123489917688,88.323,57.119869091139854,94.00696753509558,37.893817086881235
292,6.0,24.0,16.827173857927846,640.76386515796,37.599999999999994,7.537500000000001,8.0,282.10141155754684,65.03586547108468,3855.6874686508627,32.92233146584751,72.34638278293205,1.0303432155341072,112.9064647943238,1.6079920725244217,67.08000836575886,99.83851579687465,88.182,59.309901453436865,93.99228591892937,35.026631328281375
293,6.0,24.0,17.827173857927846,455.461702708968,36.362500000000004,6.562500000000002,8.0,289.54188045253693,76.87089297879358,2102.2651084724293,25.25354716048366,36.895068837315925,0.5339491215326913,81.00586419862226,1.1723249580741926,50.30687296656039,99.77267936912291,88.24539999999999,60.61414189140074,94.06268972185372,26.84757073730209
296,7.0,2.0,5.854229877910257,525.9623036237473,21.357142857142858,5.9714285714285715,7.0,70.7708776213992,77.07164188849639,2591.8278728872992,26.961143552899056,44.46983950128233,0.5467384588549326,84.5494804378496,1.039501224874944,50.30082864656037,99.73514198702468,88.1982,64.78560693733615,94.05387763123724,28.665637432416403
297,7.0,2.0,6.854229877910257,727.310560786077,24.44285714285714,6.128571428571429,7.0,78.25135765170143,65.21938892590964,4716.544934388479,35.480591730509104,87.03917278674618,1.0516455614662623,119.67263708184612,1.4459374277882673,67.57409930733725,99.80769709914811,88.29820000000001,63.37503006976185,94.01053509849349,37.74108050053815
298,7.0,2.0,7.854229877910257,814.6546302202472,26.885714285714283,6.771428571428572,7.0,85.83661265957143,53.04121846742085,5714.084726571157,38.376018696598535,114.61544064210736,1.4158491886279203,140.69206310301132,1.7379747639133116,75.62253914847544,99.8979971167185,88.2328,61.23336222584261,94.02291524619808,40.81560180952836
299,7.0,2.0,8.854229877910257,861.8306137559817,29.11428571428571,6.7,7.0,94.47527263104618,40.7460608497436,6156.32291058571,39.08285181372664,134.76910324264745,1.7471453304260096,156.3753956886079,2.0272490934288108,80.82082951880507,99.95174335621559,88.278,58.30018337311329,94.0048287954838,41.575366196086584
300,7.0,2.0,9.854229877910257,901.7899276105293,31.514285714285712,5.742857142857143,7.0,106.29849246152635,28.646218164736393,6317.3832465911755,38.32821691749075,148.75160256000967,2.0777735061733877,164.95150145905538,2.3040549052026558,84.34498531649162,99.96309603859747,88.3374,54.72273307906252,94.0388388090094,40.757858564517605
301,7.0,2.0,10.854229877910257,918.8311427683132,33.97142857142857,5.6000000000000005,7.0,128.15272836810902,17.631968757840074,6274.413559064238,37.36149151235489,150.6975198610676,2.300088700959889,164.01002626776068,2.503276819753883,86.47812790742138,99.96602422246433,88.29820000000001,52.0359540581999,94.06111749747448,39.72044188541353
302,7.0,2.0,11.854229877910257,928.172853832238,35.957142857142856,5.228571428571429,7.0,179.99194966931492,11.834880300057794,6177.568128611844,36.41459237066983,150.14901995044224,2.423656293037326,161.76838110542374,2.6112122144388725,87.173809430796,99.97029720929811,88.2072,50.416302831675765,93.96008781400705,38.75538350150556
303,7.0,2.0,12.854229877910257,921.4626602823076,37.842857142857135,5.371428571428571,7.0,231.82980409411613,17.6356134199295,6063.828155710569,36.004427983182275,143.095772740086,2.398606557501797,155.29199272843667,2.6030425983478684,86.50834698839557,99.9698642304276,88.2672,50.17848926684542,93.9965400268306,38.303992862827805
304,7.0,2.0,13.854229877910257,899.4930904202162,39.44285714285714,5.957142857142857,7.0,253.67767877495498,28.651708826864454,5894.894335087438,35.85625806087095,136.90650562889184,2.230691632799867,152.20406591998747,2.4799430440958194,84.38434434304888,99.9653057290899,88.19900000000001,51.25668606893172,94.02419001509111,38.135141664199324
305,7.0,2.0,14.854229877910257,869.9786210878572,39.75714285714286,5.328571428571429,7.0,265.4981107424618,40.753661886641375,5727.969661255738,36.022918893558405,125.6092127435779,1.942223006061189,144.38195341686782,2.2324950969858928,80.54962253766296,99.95782924926995,88.2128,53.9253489627516,94.05329239311027,38.30054002043336
306,7.0,2.0,15.854229877910257,807.1797378153663,38.88571428571429,6.557142857142858,7.0,274.13462466918475,53.051701464110174,5237.366276786737,35.50009110315855,105.9753306227362,1.5608175350722004,131.29087074157567,1.93366788331005,75.17797249373918,99.91671457087635,88.3708,56.85638955708675,94.06166214498852,37.7412968191419
307,7.0,2.0,16.854229877910257,712.2864344256539,38.88571428571428,6.400000000000001,7.0,281.7176843931817,65.23374981159851,4201.79759759369,32.27507252180693,80.38073814822901,1.171027038453954,112.84889654404739,1.644039506941055,66.89688787009686,99.83806843309664,88.1854,58.34584621535483,93.92009219532326,34.3643961237658
308,7.0,2.0,17.854229877910257,508.09162147562995,37.614285714285714,8.02857142857143,7.0,289.19578731898986,77.09109437990021,2308.6497258852028,24.86009499954478,40.78747551232534,0.6034639223523034,80.27582780024579,1.187706895460483,50.08944942021538,99.78957059249029,88.2006,59.96659660285179,94.03519541641089,26.437011046192005
311,7.0,9.0,5.873887437751364,287.3904644498808,25.171428571428567,3.9857142857142853,7.0,71.35489458187705,77.44395667185222,1395.6913720733517,26.57074987329132,23.745796050096402,0.29989463500266766,82.62555299303442,1.043509343905067,49.852809602711,99.75103113471302,88.2038,64.39792599125752,94.06706671373102,28.246601920896058
312,7.0,9.0,6.873887437751364,478.46123826510745,27.299999999999997,4.6571428571428575,7.0,78.90309240403325,65.55794878760075,3066.493652631638,35.06566518814222,57.65809054249841,0.7056910802643992,120.50733880045475,1.4749179741774345,67.5469828138274,99.81797079371988,88.2276,62.690224488173776,94.02927762301347,37.29228392961723
313,7.0,9.0,7.873887437751364,563.0284031623661,30.15714285714285,4.357142857142858,7.0,86.59245871329698,53.36062046715124,3890.5452335228542,37.80654027338375,78.58033385728687,1.0037448574965258,139.56726413076868,1.7827606064965533,75.76977243616551,99.9021646358073,88.10719999999999,60.306063325797254,93.99909573866847,40.22011060456537
314,7.0,9.0,8.873887437751364,586.5315914148207,32.628571428571426,4.2,7.0,95.40094418330598,41.067818220702485,4116.305269687493,38.39749900885026,90.74620745151572,1.2262132829901211,154.71665768696172,2.0906176256120697,80.98482913798321,99.95699294684329,88.3576,57.105331092985026,94.00815303597487,40.84486054540012
315,7.0,9.0,9.873887437751364,613.3382759426222,34.6,4.057142857142857,7.0,107.50884842927677,29.010890215943967,4206.311729656267,37.5221883048487,97.89558145600749,1.4567446264699024,159.61107482743444,2.375107968324776,84.53342233347456,99.96604045261284,88.3404,53.45100916766315,94.03552331641343,39.902142277225344
316,7.0,9.0,10.873887437751364,624.1538894779312,36.32857142857142,4.485714285714285,7.0,129.69970765992827,18.132595510606475,4174.11325178858,36.58973958420425,100.3376464751107,1.6033243829917756,160.75786463341174,2.5687965901051486,86.57383692156544,99.96898410491976,88.3418,50.9051751469749,94.0111129400355,38.92065356948048
317,7.0,9.0,11.873887437751364,639.929197675255,37.94285714285714,4.2,7.0,179.9816481608557,12.526870527641307,4193.293943170901,35.851732924145956,101.42626552635265,1.7056126950502932,158.4960740888455,2.6653146961358702,87.37250061936663,99.97029929693221,88.2134,49.52079213309868,93.95983604680451,38.15644474548361
318,7.0,9.0,12.873887437751364,631.4879302559019,39.2,4.942857142857143,7.0,230.26089930657304,18.135019252206597,4113.486998198066,35.63952000709905,96.7311317046165,1.669432748160186,153.17969999112657,2.6436494953809664,86.69095864148052,99.96987849483065,88.309,49.52583980498944,94.02688769652308,37.903541082979956
319,7.0,9.0,13.873887437751364,685.8944560206709,40.22857142857143,4.185714285714286,7.0,252.44776010672575,29.015527605853965,4475.0016779213665,35.69625715239211,105.20675445877956,1.716916579423919,153.38621494209735,2.503178972148123,84.53860563553198,99.96963124627473,88.2486,50.90782550344699,94.01716252744268,37.967809485818854
320,7.0,9.0,14.873887437751364,667.0182026551458,40.957142857142856,5.585714285714285,7.0,264.55297032024004,41.0756493873244,4357.627597572495,35.74367466440171,96.21330687255418,1.5117020601467226,144.24389992591745,2.2663580306042794,80.7401731746142,99.95581797913702,88.27120000000001,53.39819249661688,93.96277995687093,38.04024815018043
321,7.0,9.0,15.873887437751364,615.1644916443191,39.2142857142857,7.371428571428571,7.0,273.3585830483399,53.373020272729576,3982.093268977987,35.41660601127655,81.29663264025659,1.198786948839474,132.15429977590668,1.948725853202526,75.4276617553979,99.9059801176268,88.2792,56.65550216449235,93.96894012167787,37.689694025937214
322,7.0,9.0,16.873887437751364,608.9652108295519,39.18571428571428,6.714285714285715,7.0,281.04452183139546,65.57658075294653,3592.528821166571,32.27710312127354,69.24506886750963,1.0016590151098135,113.7094002023232,1.6448542499584196,66.85287551422832,99.84265821464685,88.21560000000001,58.29707709635228,94.02993795061757,34.32641116728669
323,7.0,9.0,17.873887437751364,397.2877700974168,37.91428571428572,6.9,7.0,288.58871626636096,77.47083141341749,1781.3942039095268,24.532488863777232,31.378140826473498,0.46739555876842775,78.98088788079087,1.1764660126683995,49.49878507999555,99.78688479989843,88.21520000000001,59.870585455404694,94.04087859376423,26.087047707999574
326,7.0,17.0,5.889345956305078,470.07248861632263,23.485714285714284,3.8142857142857145,7.0,72.35181872203701,78.07680352506168,2249.581924961079,26.183261970999943,38.05917152460935,0.4755772705664842,80.9644734509736,1.011710495898973,48.83442747181821,99.75302034123563,88.1854,64.75816095926228,94.11967096278144,27.81911762245091
327,7.0,17.0,6.889345956305078,696.3187412363768,26.128571428571426,4.199999999999999,7.0,80.01018625868095,66.13592339738543,4485.532812843064,35.244611308326576,84.07527982854786,1.0165432065778408,120.74252041423532,1.4598820143385436,67.50935948881677,99.80724408878096,88.29820000000001,62.96137436456064,94.08938374310193,37.45864826212181
328,7.0,17.0,7.889345956305078,807.2746964025613,29.11428571428571,4.357142857142857,7.0,87.86964385977075,53.909808345721096,5634.129971954296,38.1849558684816,114.03835440823512,1.4420339650906544,141.26338273257107,1.7862989779275327,76.20287503488672,99.89579486993614,88.2874,60.45009150137082,93.9892186321843,40.62695320184958
329,7.0,17.0,8.889345956305078,863.7038259650651,31.44285714285714,4.657142857142858,7.0,96.95367399320767,41.6264104256217,6120.591627698675,38.771743602755535,136.00501927918097,1.7948478762232916,157.46719557160102,2.0780825813962402,81.29679776471231,99.95218921288944,88.2646,57.51781860389198,93.9854484112282,41.252921870534564
330,7.0,17.0,9.889345956305078,900.4303639270653,33.57142857142856,4.2,7.0,109.51030215860241,29.649618814781384,6273.076434198658,38.11686896490966,145.64791423991696,2.117200007452528,161.75366810677033,2.351320093448138,84.97721336764285,99.96985596591232,88.24300000000001,54.08563487061363,94.01203879913817,40.54466795082322
331,7.0,17.0,10.889345956305078,916.7102016317142,36.042857142857144,3.9857142857142858,7.0,132.15855637025453,19.00502647992633,6212.264173432412,37.07700305855535,147.68302997323497,2.3523471569018675,161.1011088459188,2.566075028634749,87.13175879978604,99.9680670365757,88.31,51.237514414069494,94.07384808570657,39.412656984942416
332,7.0,17.0,11.889345956305078,924.4713228494769,38.32857142857142,2.8714285714285714,7.0,179.98766171695644,13.701038108939501,6079.4324793738015,35.97960300847308,146.11696113985676,2.47640443458419,158.05461730222606,2.6787249894904526,87.76583243925622,99.97052047239809,88.1968,49.43019684521406,94.06190487116535,38.25098275200103
333,7.0,17.0,12.889345956305078,913.1644528719277,39.82857142857143,3.9142857142857137,7.0,227.80161812302515,19.01269463527797,5964.169974879494,35.7345063100894,139.8259496324403,2.4311692901258297,153.12241863191653,2.662356470928905,87.22243017981567,99.9668986031664,88.21379999999999,49.400689009192085,94.04459666053008,37.99740503867454
334,7.0,17.0,13.889345956305078,883.2154315063245,40.957142857142856,3.5285714285714285,7.0,250.43640929956388,29.66157118096973,5760.3935280487,35.683896986050264,133.2974578013896,2.227485370399131,150.92292666812978,2.522018174660007,84.77797388052142,99.96738997513486,88.3164,50.70338303453713,94.0270033597827,37.95069045166763
335,7.0,17.0,14.889345956305078,857.8459478289445,41.5,4.557142857142857,7.0,262.9865168970178,41.64306566471055,5612.917877779985,35.79860930356209,124.54899104469588,1.9676728649611146,145.18806244863336,2.2937368532671214,81.21465846222031,99.95040817019735,88.321,53.098874907677185,94.03680489480354,38.06872143689807
336,7.0,17.0,15.889345956305078,802.9735258610319,41.42857142857142,4.285714285714286,7.0,272.06542716990003,53.932791098966376,5106.308726012009,34.79305899210741,105.39476097692398,1.6114812880981344,131.25558637055778,2.0068921778836186,75.64464923037394,99.89671527390837,88.2996,55.50287727699402,93.94830692304865,37.03425865950493
337,7.0,17.0,16.88934595630508,696.4288933691099,40.785714285714285,5.014285714285714,7.0,279.91960419381456,66.16740860230018,4039.3228264756412,31.73354237943768,78.77891429412799,1.1747375433308402,113.11838874607815,1.686801846557255,66.90803097590415,99.8412946727156,88.21379999999999,57.32487981669918,93.93997013163472,33.78066049517644
338,7.0,17.0,17.88934595630508,463.60010289657373,39.67142857142857,6.457142857142857,7.0,287.5721639671113,78.11949159003734,1996.2241172413924,23.558766411921972,35.91109024875869,0.5478559654108033,77.46135090218094,1.1817425448954797,48.42719796562633,99.7824833229646,88.0852,58.835683144165216,94.07303414241736,25.04306002956842
341,7.0,24.0,6.395237936978447,486.06797961994715,28.65714285714286,4.285714285714286,7.0,77.3900920754557,72.8541946794587,2741.872978768143,30.862925530318186,49.246381558590436,0.6202906468820678,101.31583157791181,1.2761397024487569,59.118489212412165,99.77796929217789,88.18599999999999,63.05906794165714,94.08749626030443,32.80236668742058
342,7.0,24.0,7.395237936978447,637.6612032603945,31.214285714285708,3.6142857142857148,7.0,85.20112385768017,60.70087650509043,4277.116771960109,36.69846376357791,84.22300012697396,1.0703311321537412,132.08111093530144,1.6785263501700953,72.78899385051629,99.85069892838533,88.278,60.87318568469202,93.9620630146075,39.05668158634693
343,7.0,24.0,8.395237936978447,754.7945396006611,33.642857142857146,4.942857142857143,7.0,93.73324095832648,48.40765191118125,5267.209087111539,38.18023352421895,112.41074987194415,1.5007892699198542,148.92893890225713,1.9883414507925246,79.23643260631678,99.92665634422623,88.35119999999999,58.0463129088965,94.02540636525065,40.60629461775916
344,7.0,24.0,9.395237936978447,799.085708588367,35.87142857142857,4.128571428571429,7.0,104.49543452888717,36.266056104202356,5519.864078182102,37.793907155164725,125.77963466659277,1.8371695154301912,157.40443523735405,2.299089441451358,83.78648992219621,99.96847993940892,88.1978,54.42622207099921,93.9980328251465,40.207125637903815
345,7.0,24.0,10.395237936978447,757.5836814728043,37.842857142857135,4.042857142857143,7.0,121.23694841246254,24.9047181450815,5069.269476213463,36.61015256569996,121.14379958831385,1.9322675448962368,159.9081428903015,2.550566481500435,86.45235709964287,99.96894339537099,88.226,51.100357602048106,93.95914781072914,38.963904440094836
346,7.0,24.0,11.395237936978447,729.9047658612532,39.128571428571426,4.7857142857142865,7.0,154.26300388279597,16.434728664410343,4829.308667970251,36.199747121631134,114.24538912344539,1.9661281707368221,156.52095241307435,2.6936776723424782,88.12613109372384,99.97080080490184,88.3586,49.46656281698304,94.00849521228876,38.50688923366482
347,7.0,24.0,12.395237936978447,713.3455806956214,40.55714285714286,3.9857142857142858,7.0,205.70336358753397,16.44035344231227,4634.417831070347,35.54528355029529,108.01620037666599,1.9436924414161119,151.42198017310716,2.724755706092289,88.03654571150719,99.97232493251367,88.166,48.70458444139884,94.052039413916,37.79320870849291
348,7.0,24.0,13.395237936978447,674.6258568966072,40.65714285714286,5.014285714285714,7.0,238.70571931657076,24.917354873019253,4401.602620314956,35.69723846984441,101.57913372915851,1.7639060726815083,150.57106496990744,2.6146434422122122,86.42143628006684,99.96849022857052,88.2266,49.851018381202465,93.94559679767104,37.99777710361978
349,7.0,24.0,14.395237936978447,610.6884459097206,40.39999999999999,5.757142857142857,7.0,255.43568376193855,36.28403408542563,4041.8609560470736,36.21166029635162,90.45408829309982,1.4603635107323734,148.11822443824627,2.3913396765791477,83.34367573719662,99.96125164000735,88.26180000000001,52.395848918025656,93.9884398065225,38.52778104508831
350,7.0,24.0,15.395237936978447,556.266675054428,40.17142857142857,6.857142857142857,7.0,266.19064787138774,48.432242198100646,3666.07399257738,36.05827568359391,77.16476214904549,1.1797078748400782,138.71900944182084,2.1207595704428086,78.8741752017751,99.92660367570603,88.2878,55.0919828162724,94.05890074438624,38.335846366720375
351,7.0,24.0,16.395237936978447,512.9864012273368,39.628571428571426,7.885714285714287,7.0,274.7161266620647,60.73433299414018,3217.317791765086,34.314279127918745,65.35921992114044,0.9436403831508557,127.40926419251339,1.8395037000847685,72.4623988544275,99.86411751117633,88.3116,57.13877512144013,93.9732018828535,36.51496218112771
352,7.0,24.0,17.395237936978447,344.3592127028106,38.72857142857143,6.842857142857143,7.0,282.5199871764876,72.89943931371343,1806.534374921342,28.702603731264187,33.87637291612606,0.4934889834138723,98.3751027023113,1.4330645593610525,59.010529918429334,99.81676010087266,88.1904,58.75531644189175,94.04156097259172,30.52119024229034
355,7.0,32.0,6.392186016026244,494.4337469236534,27.224999999999998,4.0625,8.0,79.02854469382478,73.8352130306865,2759.3447329099126,30.53406514649375,49.965827386291586,0.6156778991696925,101.05666875931695,1.2452181975854506,58.216011459560704,99.76134301270417,88.16000000000001,63.42109571845693,94.03176128479382,32.47207616798252
356,7.0,32.0,7.392186016026244,677.9927157324746,30.3375,4.075,8.0,87.02968089797257,61.6319663872864,4562.272056753062,36.81653592369174,90.03068472604315,1.1354147487611252,132.79004720394056,1.674671014030691,72.97021045560477,99.84871750091291,88.1794,60.94859505258615,94.0208114373458,39.157858096370276
357,7.0,32.0,8.392186016026244,789.1623456667294,32.574999999999996,3.9375,8.0,95.85964216415236,49.3424236795467,5553.239092390503,38.50053716052455,118.3725455968142,1.5619687675332605,149.99771117666077,1.9792743230971317,79.60380017145496,99.91457736186797,88.267,58.3227881113394,94.03022797351261,40.94485144858925
358,7.0,32.0,9.392186016026244,831.8245570649251,34.637499999999996,3.6125000000000007,8.0,107.08171908309455,37.29003699599219,5851.630303425845,38.48858230186503,133.727558844527,1.8998325528081863,160.76413915499415,2.2839341982300985,84.31972637660483,99.96236817526456,88.2232,55.047511055675244,94.02550961554307,40.934191645692074
359,7.0,32.0,10.392186016026244,858.0411736526594,36.4,4.262500000000001,8.0,124.3772357500441,26.17759710648125,5896.919980458565,37.60138811798403,138.93166679412013,2.1666881900246646,161.9172494982864,2.5251564336955163,87.24543861949407,99.96394991078171,88.2106,51.971448919694986,94.04422643024539,39.9826651196645
360,7.0,32.0,11.392186016026244,894.8761151130038,37.987500000000004,3.8000000000000003,8.0,156.52059309610965,18.169309547297637,6029.0440808094545,36.86144145713558,142.6994399105439,2.3924633450874686,159.46278764242578,2.6735134670404643,88.71885323966531,99.97009928396847,88.2922,50.06763661576738,94.0170978851663,39.207167936792324
361,7.0,32.0,12.392186016026244,873.0150822832356,39.3875,4.262500000000001,8.0,203.4466363698087,18.176792400028845,5782.9368770716665,36.24211021665257,133.251726358717,2.3607039569756263,152.63393389518285,2.704081527207492,88.60934993435997,99.96665071043061,88.1578,49.37659142796193,93.99330802393668,38.55818140523687
362,7.0,32.0,13.392186016026244,856.1576400035965,40.137499999999996,4.0375,8.0,235.56060222784626,26.194809320426614,5669.570918932819,36.23124245150715,132.67322401134686,2.2333588904757704,154.96354621187464,2.6085837305223234,86.88714040438943,99.96443683347377,88.29360000000001,50.27157718706309,93.97892307553616,38.55251929455082
363,7.0,32.0,14.392186016026244,821.0430243990158,40.725,3.6,8.0,252.84006193003705,37.3140862978914,5472.511134410107,36.46762748060409,122.80806293422214,1.979354940492545,149.5756729973009,2.4107810208136002,83.91348888506322,99.967382810288,88.297,52.34705137297464,94.0544260677231,38.772898847254545
364,7.0,32.0,15.392186016026244,706.2574107607425,41.2,4.1875,8.0,264.0522194625064,49.37431959222349,4635.306068405217,35.908905619480954,98.85933158811481,1.5305910135893552,139.97634585048652,2.1671857742925273,79.5684110195547,99.9252000897599,88.2354,54.473093839812904,93.96401310885597,38.21559385493784
365,7.0,32.0,16.392186016026244,585.143538564831,40.0625,5.124999999999999,8.0,272.87347259185447,61.67413950758458,3655.7802888277133,34.18254898214403,73.75109783330161,1.0868700569239005,126.03932705843312,1.857441781873971,72.62313777851813,99.86357651612494,88.25460000000001,56.817671233187575,93.99430463417458,36.36661722769519
366,7.0,32.0,17.392186016026244,465.2857245808573,38.625,5.0625,8.0,280.86542406754893,73.89098553231919,2407.7247167025607,28.312216753110963,45.02553370160581,0.6516771913078936,96.7696435177892,1.4005957133005598,57.910983925102,99.79339123815738,88.2828,58.93775737681101,94.1545785796273,30.06993093720566
369,8.0,9.0,6.378400422576306,397.07259043549755,29.914285714285715,4.571428571428571,7.0,80.92510544707444,74.99493793670428,2139.416327370016,29.478960715794095,39.119528531997375,0.4938281435379289,98.51984114313261,1.2436722036046677,56.796474787090666,99.77935257100742,88.19500000000001,62.690169590138225,94.08203365743661,31.33325202464303
370,8.0,9.0,7.378400422576306,628.3002070713974,32.24285714285714,4.257142857142857,7.0,89.12781461174384,62.74776028010718,4182.100735177827,36.41782950055721,83.71198794127005,1.077722102233391,133.23565231891985,1.7152980217161111,73.06097906053712,99.8477267783337,88.2624,60.18064633260711,93.98484048570782,38.74862085454646
371,8.0,9.0,8.378400422576306,745.3497577507057,34.57142857142857,3.9285714285714284,7.0,98.27046813041103,50.47998064781089,5209.0209212670425,38.23690734533461,112.0490947884227,1.512390715044394,150.33089314546922,2.0291020414475502,80.20461244307111,99.91244803019408,88.17620000000001,57.56228788067968,94.01007260637564,40.67320265290534
372,8.0,9.0,9.378400422576306,757.731657082489,36.89999999999999,3.614285714285714,7.0,109.95199107386632,38.55152854302741,5254.328078789359,37.93923121050958,121.44556118030079,1.7809650592655084,160.27515815810747,2.3503901976628474,84.81945031793312,99.95827768468361,88.20219999999999,53.979452256781,93.98670342416246,40.36659423970819
373,8.0,9.0,10.378400422576306,792.5993310680304,38.24285714285715,3.6999999999999997,7.0,127.69941142857624,27.740393029351004,5392.100744694113,37.221259775852126,128.31534180204724,2.0426659859282146,161.8918118807164,2.577173492154876,87.63304557106024,99.96418476129597,88.23060000000001,51.167246794181345,94.11686498703716,39.547917135763775
374,8.0,9.0,11.378400422576306,749.7439770601434,39.58571428571428,3.757142857142857,7.0,158.68523931989895,20.22112535175287,5021.2664061635,36.64266479674525,117.44368964737029,2.039797165822095,156.64505916790998,2.7206582890074555,89.22437127872129,99.96489026508982,88.2946,49.504438975976505,93.98916108242705,38.98605368400958
375,8.0,9.0,12.378400422576306,842.7785622179409,40.92857142857142,3.8428571428571425,7.0,201.29767614031826,20.231877729407525,5557.271410955547,36.07737241052867,128.8771541201794,2.328358132371408,152.91935497387746,2.7627163726659902,89.23901971051768,99.9685102873946,88.2828,48.74307404679622,93.97836264650776,38.38901997710992
376,8.0,9.0,13.378400422576306,828.2116434996793,40.92857142857142,4.3,7.0,232.24460380874558,27.765554548504355,5492.316223071671,36.28281495365818,127.72257956896036,2.1887904316294944,154.2149045734948,2.6427911860555025,87.59394845601858,99.96849429950815,88.238,49.9540869423264,94.00198799035961,38.59792301135075
377,8.0,9.0,14.378400422576306,567.290847794818,40.88571428571429,4.785714285714286,7.0,249.96837365013505,38.585766205073554,3791.733883758981,36.569484980363534,85.74768793199718,1.385823772435596,151.1529549001486,2.442880539713609,84.650801798973,99.9598752278271,88.2248,52.10444792684835,94.01487684600419,38.89755133143889
378,8.0,9.0,15.378400422576306,444.75264387923147,40.88571428571427,5.242857142857143,7.0,261.63571338180327,50.523373923319014,2928.328484970524,36.02367577673428,63.38185046639885,0.9692261944350846,142.51033993540378,2.1792477409044233,79.86377936774889,99.91825347762388,88.3218,54.4149775183117,93.93057204139855,38.35138549018669
379,8.0,9.0,16.378400422576306,370.47334148602175,39.15714285714286,5.6000000000000005,7.0,270.7668675868738,62.802554851277165,2327.504560162327,34.3732304453298,47.7799430952121,0.6855084074594292,128.96998986097051,1.850358259813666,72.76759837697101,99.87056762105101,88.23140000000001,57.02042280054292,94.01370888131707,36.56193426931234
380,8.0,9.0,17.378400422576306,244.90440087984047,37.42857142857142,5.971428571428571,7.0,278.9580951504859,75.06459581876187,1241.2849164471468,27.730752856040493,23.28057446872946,0.33155909317267945,95.05984533185993,1.3538306865108363,56.513792528970406,99.78202129833565,88.08200000000001,59.35874388440096,94.05524972014783,29.48347161753398
383,8.0,16.0,6.357913321839078,584.4353677126427,23.4,5.557142857142858,7.0,82.75884276087596,76.14677987894773,3144.27867238784,29.435492843144964,57.61335290393978,0.6779221457389364,98.57951124591645,1.159960849720956,55.36088418539889,99.7478532378864,88.2026,64.26514147501369,94.03897376398552,31.30137608372965
384,8.0,16.0,7.357913321839078,794.361192246305,25.85714285714285,5.514285714285713,7.0,91.13731256741382,63.87119830257522,5429.37880594752,37.39546138707724,109.04277023767376,1.3004454366430003,137.27101890428608,1.637095881994919,73.1156959485806,99.81226660862349,88.2102,61.780733855341495,94.02698061939972,39.770990348446624
385,8.0,16.0,8.357913321839078,890.533116192118,28.271428571428572,5.5,7.0,100.54915676190016,51.64152853958217,6475.400652832926,39.783532438261076,141.30819108439408,1.7353137966871366,158.6781990641987,1.948623543734415,80.83882121182661,99.90885573131939,88.2118,59.41991163194956,93.97681008868078,42.33335053692452
386,8.0,16.0,9.357913321839078,935.6217747914613,30.728571428571428,5.457142857142857,7.0,112.60224869075542,39.85151086947382,6825.601305626815,39.91419436616069,157.22216647421484,2.087745909699079,168.04030294106585,2.2313994457476283,85.25904912541374,99.95486842672243,88.1866,56.48327562656841,94.02870559690851,42.44894589665924
387,8.0,16.0,10.357913321839078,968.8412015336617,32.18571428571428,5.4,7.0,130.61822515582384,29.339396541353146,6988.764006366823,39.46703925667553,164.9083726890957,2.3684787240271574,170.21197326047667,2.4446511154541013,88.26392884833551,99.96007821041505,88.1724,54.01759983298766,93.91971367119237,42.02210346897714
388,8.0,16.0,11.357913321839078,977.2279018538587,33.614285714285714,5.357142857142857,7.0,160.41909425148754,22.24871814615431,6959.931722076416,38.96690316532059,165.29769634572781,2.5309099398850647,169.14958735024692,2.5898871031862476,89.85049820681459,99.96988217817521,88.3198,52.245926073582105,94.01468904998093,41.44767542081074
389,8.0,16.0,12.357913321839078,973.6901352939245,35.07142857142857,5.3,7.0,199.55953495019855,22.260086890975394,6864.253398284987,38.57085881442574,162.2624232648208,2.5570698900011473,166.6468801348585,2.6261639070927356,90.05108029572551,99.96329177599826,88.2636,51.623461995303245,94.03749890225696,41.016466053097055
390,8.0,16.0,13.357913321839078,956.3319697471264,35.32857142857143,5.628571428571428,7.0,229.3229253784395,29.366876342551564,6750.349926988589,38.6192987730605,158.36147982832665,2.4022510214511326,165.5925816954552,2.5119426072165467,88.24807430398951,99.96623635008146,88.2606,52.77567470769845,93.98209791170937,41.092186311206895
391,8.0,16.0,14.357913321839078,922.9316670771758,35.628571428571426,5.928571428571429,7.0,247.3131216583228,39.88931492705444,6519.743249836011,38.649841521440536,145.47156904914348,2.1262513353536248,157.619002834561,2.303801474368337,84.866741150856,99.95692713658406,88.2226,54.890536442870975,94.08490858382399,41.07974605407184
392,8.0,16.0,15.357913321839078,853.6362027651891,35.88571428571429,6.257142857142857,7.0,259.34990431465377,51.6892901244227,5911.199402732235,37.88694225269483,126.26211129707951,1.7644430688366424,147.9109143779023,2.066973100626556,80.4031778747036,99.90958101337249,88.2558,56.85424605334784,93.99463015491165,40.307560325790654
393,8.0,16.0,16.357913321839078,740.4180785172417,34.285714285714285,6.071428571428572,7.0,268.74837500266995,63.93104767780631,4836.5601042083545,35.73932505798256,97.83890141458122,1.2907413306718118,132.14007633432317,1.743260150071761,72.71894443220073,99.84500761366108,88.2624,59.31352524124659,94.02491658759068,38.01048313048906
394,8.0,16.0,17.357913321839078,544.4923643021351,32.714285714285715,5.871428571428571,7.0,277.1134346603334,76.22228007923533,2780.019934017078,27.934627711373587,50.78776512773738,0.6767610310187667,93.27544049737233,1.2429210681148077,54.86867035024019,99.76524597005582,88.17739999999999,61.535925720469606,94.04877580200024,29.70227679537693
397,8.0,24.0,6.325946462200591,598.5691939735849,21.028571428571425,4.414285714285715,7.0,85.01749448305455,77.59725107492612,3079.5647260089513,28.14892062817337,56.93826849608758,0.66457291985831,95.12395403796923,1.1102691661202295,52.98520616679849,99.74311668448057,88.1334,64.29317346741442,93.99803956955458,29.946284791763517
398,8.0,24.0,7.325946462200591,815.1568423075265,23.48571428571428,4.7,7.0,93.58575559980505,65.30550151779316,5578.76965353426,37.444154034782265,113.49153912771062,1.3267716652105148,139.22662883677881,1.6276274654761178,73.06547070638173,99.79008503143058,88.2262,61.88730250678661,94.05574255499558,39.810598500020554
399,8.0,24.0,8.32594646220059,885.0613384065437,25.95714285714286,5.014285714285714,7.0,103.28436922641224,53.14455424214814,6515.7422374758535,40.27887172461239,143.2295674947878,1.7248038480533736,161.83010293123525,1.948795832793572,81.50351018136936,99.89620302506992,88.2492,59.654300933782224,93.97221514438161,42.8625329973618
400,8.0,24.0,9.32594646220059,910.9411690687551,28.414285714285715,5.299999999999999,7.0,115.7027905904494,41.5466304003924,6801.668757844114,40.85186795796048,156.3768031483753,2.0039569343704895,171.6650959010202,2.19987525255787,85.8914599365893,99.94694575316625,88.2116,57.33694172731067,94.0875551423315,43.418991912545266
401,8.0,24.0,10.32594646220059,969.2018874284105,30.271428571428572,4.785714285714286,7.0,133.86433501283662,31.406827865413607,7172.059970162829,40.48707784708207,171.80744323132922,2.3452161465741113,177.26693009976177,2.419739557871362,89.01584734314373,99.96486137244678,88.222,54.84210406957626,94.0395899581936,43.05322669429022
402,8.0,24.0,11.32594646220059,959.4756624005562,32.099999999999994,4.271428571428571,7.0,162.2004455785992,24.791679028692844,6981.554174064654,39.81116813802921,165.42382565927642,2.4537429047096593,172.41065317425037,2.5573789944504974,90.36327681091046,99.962859963947,88.3144,53.0910178338408,93.99866864662809,42.352906388166495
403,8.0,24.0,12.32594646220059,935.2952772589288,33.957142857142856,3.757142857142857,7.0,197.78096306208596,24.80438800004523,6706.767357083953,39.23297776232695,157.1523121335506,2.443430474176868,168.0242763484459,2.612469594990187,90.69237613634714,99.9639602883177,88.236,52.16849084283969,94.0119265975295,41.73191549438786
404,8.0,24.0,13.32594646220059,879.1082300242199,34.4,4.92857142857143,7.0,226.07959798562496,31.43843502295941,6299.550791850316,39.20613289320453,146.26133173681612,2.187794495392375,166.37465870702468,2.4886520460991473,88.59582420367647,99.96849401386262,88.2372,53.358712336780435,94.02006484318233,41.69975096124121
405,8.0,24.0,14.32594646220059,863.3051707213965,34.85714285714286,6.114285714285715,7.0,244.21194043312073,41.59038708926896,6199.40298969469,39.28911966957424,138.99781945354468,1.999737150448539,161.0065874358138,2.31637341958408,85.8500849333423,99.95152086301925,88.28540000000001,55.161565955672195,94.01922918892267,41.788387342153705
406,8.0,24.0,15.32594646220059,772.7295193128217,35.300000000000004,7.2857142857142865,7.0,256.61095322681155,53.199221777288855,5398.111812030974,38.22092068429669,117.04320401310738,1.5957657075744294,151.4672354140067,2.0651025587757057,80.84635054635903,99.8941515921459,88.2394,57.05102897465568,94.01012563583505,40.65617445545412
407,8.0,24.0,16.32594646220059,644.714217494922,33.6,7.314285714285713,7.0,266.2936915748834,65.37281018956004,4211.484997970165,35.74001924775335,85.22279629215711,1.1210520539934699,132.1869348923244,1.7388356322424356,72.62784902144155,99.83122840799683,88.285,59.33829536171371,94.09427439462775,37.9832029926296
408,8.0,24.0,17.32594646220059,403.192450286358,31.999999999999993,7.3428571428571425,7.0,274.84618480726215,77.68066015854951,1973.59811541058,26.781389264782174,35.70533643425285,0.47768701533837105,88.55656004693037,1.184761805433373,52.47363574601995,99.75059344689387,88.1292,61.74948299044243,94.02066185735654,28.484578533826486
411,8.0,31.0,6.791816885562184,605.9098802482606,24.385714285714283,4.114285714285715,7.0,91.38050940205336,72.8183744214163,3653.8022222703135,32.993149341700146,72.32072667754554,0.8396983969125023,119.35888328461228,1.3858470117180646,63.51627767709347,99.75405190978125,88.23,62.721188915273885,94.0974008564783,35.06276373353056
412,8.0,31.0,7.791816885562184,770.1333827936485,27.271428571428572,3.9000000000000004,7.0,100.55314406044549,60.59200276066304,5497.522864550316,39.056009422095705,119.2335715663038,1.413764762127295,154.82197529703961,1.8357401376354867,78.39612640628779,99.84124284175313,88.185,60.14447157703447,94.07903433533129,41.514041569438454
413,8.0,31.0,8.791816885562184,852.638635004466,30.128571428571426,3.6714285714285717,7.0,111.59685662876257,48.7750727765885,6307.756394494314,40.47591512087525,141.20359407098758,1.810217571360478,165.6077830325481,2.1230771126750505,84.4634840548134,99.92853934419536,88.16040000000001,57.88343356330606,93.97456161337261,43.071140131943444
414,8.0,31.0,9.791816885562184,888.8571428571429,33.01428571428571,3.4571428571428573,7.0,126.57157516715148,38.00939369501811,6530.8386397307595,40.199787599601024,150.72633100487795,2.1287034631091877,169.57317856543645,2.394876927316669,88.26311241003705,99.95623612537783,88.2006,54.907102833420296,94.0880695433737,42.72570135055147
415,8.0,31.0,10.791816885562184,897.0697037793929,34.3,3.4857142857142853,7.0,148.85087387487994,29.66855450046288,6464.343079344004,39.42620533040576,152.83212285924466,2.3141265765070482,170.36816895649963,2.579650797209553,90.38810175980484,99.95805692468838,88.21480000000001,52.6218617384421,94.00441371700488,41.94080232136353
416,8.0,31.0,11.791816885562184,913.5398854997627,35.62857142857143,3.5285714285714276,7.0,179.99190754270867,26.303269888996756,6506.137418867388,38.96570067015147,152.4914029001867,2.430859308898619,166.9236399205104,2.6609230176838845,91.20501430171772,99.96643298276967,88.1818,51.555831845376524,94.00540402573513,41.45049007978747
417,8.0,31.0,12.791816885562184,868.4573058150397,36.91428571428572,3.5571428571428574,7.0,211.11249703986306,29.693229443169766,6136.259380587347,38.658233742836444,143.57637886326407,2.290309842683155,165.32347405209387,2.6372163920409637,90.4210025420934,99.96599125295026,88.2126,51.560965541954985,94.03050070599413,41.11244059383395
418,8.0,31.0,13.791816885562184,773.5088574643099,37.25714285714286,3.942857142857143,7.0,233.35638462685802,38.05038934709034,5462.302705540477,38.636452546368716,126.08056406836563,1.9244195934001531,162.99821631219402,2.4879089293285137,87.86683347062356,99.95694646179226,88.2622,52.990676027665884,94.05569126385544,41.078271848517346
419,8.0,31.0,14.791816885562184,760.7686940767036,37.599999999999994,4.328571428571428,7.0,248.305776849838,48.82802634914035,5309.79262826265,38.18666215394832,118.0705801877844,1.731920383573301,155.1990520996387,2.276540027288087,84.19764286395858,99.92561616124965,88.19120000000001,54.7790880289042,93.94958818752797,40.64590690671882
420,8.0,31.0,15.791816885562184,737.4502509774759,37.94285714285714,4.714285714285714,7.0,259.3304435959706,60.656885207440645,4923.318810168647,36.526831678365156,104.99518082870466,1.4837454458935018,142.37595104149142,2.0119939533911966,78.00278399568876,99.87067462097019,88.3044,56.47430213334361,94.0222629144179,38.8491305634848
421,8.0,31.0,16.791816885562184,586.9923224847519,36.52857142857142,4.671428571428571,7.0,268.4856045611757,72.8975587543415,3296.718834503281,30.728139085914634,65.2081107706494,0.9001253087224044,111.08852411326605,1.5334532910279872,63.14736459570217,99.80811453248897,88.1776,58.773707964239776,94.07491039287937,32.663479516043715
424,9.0,8.0,6.7477515998953095,439.85417468447963,20.487499999999997,4.4375,8.0,93.91713753696466,74.4819905125068,2575.7857247636853,32.03965163172118,51.0786824067181,0.5886593466535774,116.1264013087027,1.3383056943266258,61.592446637986995,99.74014253612722,88.20219999999999,62.87088083843907,94.05055921778215,34.06641268079078
425,9.0,8.0,7.7477515998953095,581.4458504372932,22.55,4.6,8.0,103.26783102195988,62.3267190942238,4178.276267904313,39.3164817881391,90.45154631263624,1.0517886858372094,155.56314701465243,1.8089194119214735,78.43749733292456,99.81049258311091,88.1232,60.61903538352043,94.01030042274495,41.82146170296338
426,9.0,8.0,8.74775159989531,687.0576548939541,24.599999999999998,4.7375,8.0,114.5362517501815,50.69096785246288,5201.548242617351,41.421537932438646,117.43737573200954,1.427145354338356,170.92797801683142,2.0771842714693762,84.99410671768857,99.90403658860282,88.15859999999999,58.89002429774962,93.96106950881874,44.08372334305009
427,9.0,8.0,9.74775159989531,718.1124200052345,26.6625,4.900000000000001,8.0,129.6120771137809,40.25088728316128,5524.598577529565,42.09156377129148,128.01915883514636,1.6494906925446096,178.27175142606944,2.2969811502948048,88.9651841193672,99.95896919742844,88.2264,57.035588988345644,94.06081137499552,44.74930968167346
428,9.0,8.0,10.74775159989531,694.6837790940065,28.0125,5.1499999999999995,8.0,151.21379009585965,32.35692227990038,5286.055925082417,41.632392273587875,127.34841178934965,1.7037023825775943,183.31853372974257,2.4524862014189117,90.93218651403954,99.9601013787694,88.2236,55.1947875230756,94.05983309844397,44.261605514454814
429,9.0,8.0,11.74775159989531,752.4912201937709,29.349999999999998,5.424999999999999,8.0,179.98948267116268,29.25463947704128,5687.940659764637,41.35617757407479,132.5168078025236,1.9028324092233135,176.1041248672639,2.52871044626052,91.89853245205722,99.96574821992819,88.1706,54.295646491279825,94.03548950610576,43.97932928438632
430,9.0,8.0,12.74775159989531,789.352917753337,30.7,5.675,8.0,208.74699925356242,32.38200200346253,5913.253358567611,40.9866138487297,137.34028938628984,1.9686835042399915,173.99098210365642,2.4940472885604517,90.83912643778746,99.96848229793525,88.2044,54.41874601651685,94.03016801223725,43.588791464666556
431,9.0,8.0,13.74775159989531,743.3251076093175,30.575,6.025,8.0,230.31520722673895,40.29341709975565,5595.322125968066,41.18443035422016,127.64443794275138,1.7468350941110284,171.72087507346748,2.350028374164839,88.66820463879917,99.9569538749442,88.2774,55.95278299716453,94.07644756989735,43.77762066708648
432,9.0,8.0,14.74775159989531,664.7306748049205,30.4125,6.4125,8.0,245.36468358243613,50.7462180404902,4947.2904665363585,40.72006483751923,110.42027497538422,1.4186199437964209,166.1128020123179,2.134127395599346,84.90705452542042,99.91071570202612,88.25739999999999,57.88706103294904,93.95501919912232,43.33995691195561
433,9.0,8.0,15.74775159989531,584.4700225189752,30.2875,6.762499999999999,8.0,256.6123229167788,62.39410201856957,4087.579738607345,38.26403527932115,86.21106045930988,1.0938312062918265,147.50296360411025,1.8714924019158135,77.98482712941986,99.83249922936047,88.2384,59.24854638292848,94.00985584108031,40.70215291469533
434,9.0,8.0,16.74775159989531,393.46480327309735,28.7625,6.449999999999999,8.0,265.94358710753187,74.56348774374666,2243.9135397309715,31.202328251076782,43.55074605844291,0.5422099772666243,110.6852396863947,1.3780393386045398,61.161128438737165,99.77910426097448,88.18639999999999,61.650202973920244,94.04501631426623,33.17807734416174
437,9.0,16.0,6.700718503894677,492.51492406353697,17.542857142857144,4.714285714285715,7.0,96.50001117380052,76.22923631173639,2749.0188992342946,30.538317235189115,56.203131826849265,0.6335265544022417,114.11457619018013,1.2863093552075053,58.84817189698326,99.73969139371677,88.203,62.741692375195235,94.01659540546416,32.48183696025889
438,9.0,16.0,7.700718503894677,683.340247462487,20.057142857142853,4.8,7.0,105.98733774031622,64.17152173900087,4890.032051620196,39.152678363914845,106.38665498014473,1.2279987168527398,155.68621250570342,1.7970531099445486,78.07145464969919,99.80689986930003,88.1408,60.60752114911118,94.06003361041923,41.62520133267082
439,9.0,16.0,8.700718503894677,821.0195683323719,22.557142857142857,4.857142857142857,7.0,117.41132464702235,52.74297204885784,6273.054313035949,41.803467891850566,143.42973177045462,1.7126505790118387,174.69709286196965,2.0860045790266835,85.6270491266982,99.90232228207783,88.2494,58.98016405938078,93.88755125118273,44.52503802129353
440,9.0,16.0,9.700718503894677,873.1663990441658,25.07142857142857,4.942857142857143,7.0,132.47342549317852,42.64257211726743,6785.446020256789,42.51754270498345,156.63167559537717,1.998537694051171,179.3835353339731,2.288839442560916,89.42213537128198,99.94488933642678,88.1862,57.346467341974375,94.07088505415105,45.197345257790026
441,9.0,16.0,10.700718503894677,865.1341324527075,26.171428571428567,4.8428571428571425,7.0,153.31766922324846,35.175032291451885,6714.268124567598,42.46215243396835,158.01515431868285,2.1059147433597962,182.64815638553105,2.4342060547182447,91.5961698821527,99.95874998866758,88.2424,55.88191279504796,94.04924205537702,45.148851288951654
442,9.0,16.0,11.700718503894677,856.2601195161351,27.299999999999994,4.728571428571429,7.0,179.99216217824028,32.30575469151159,6612.831040692379,42.25406353436772,153.21513043647977,2.136928367225947,178.93526388109754,2.4956532699823812,92.49811417081,99.96142097881786,88.1308,55.152060006719886,94.0185892580762,44.942243728399795
443,9.0,16.0,12.700718503894677,869.291938974328,28.400000000000006,4.628571428571428,7.0,206.65029670096163,35.20229538319775,6671.848735037955,41.99207259744558,154.72340185840915,2.1426246745316133,177.9878484102433,2.464792986645755,91.51550521180157,99.9648777746558,88.2632,55.27143151819857,94.09029019504914,44.6295494576497
444,9.0,16.0,13.700718503894677,881.5625056298725,28.657142857142855,4.6428571428571415,7.0,227.46077471015255,42.68943345707903,6757.998602717226,41.94225329148129,155.30261717546648,2.052213463887223,176.16744834729948,2.3279273457994063,89.30800298844487,99.95080413698668,88.2188,56.644597019123246,94.02762149976175,44.6063110206266
445,9.0,16.0,14.700718503894677,767.1673593944989,28.857142857142854,4.628571428571428,7.0,242.49427391634464,52.80381709380129,5755.22108793684,41.04484942169399,129.209190236137,1.6311335642873792,168.42373264957175,2.1261769603633573,85.29934250309441,99.90143117403403,88.2632,58.11477473513261,93.90204397054059,43.71028327623069
446,9.0,16.0,15.700718503894677,711.7888849871485,29.114285714285714,4.642857142857142,7.0,253.8950657220266,64.24484219952471,4979.964728016022,38.27911041125418,107.65665530037036,1.3161830140036883,151.24801408259432,1.8491199311540982,77.61723031289753,99.83564041296196,88.2212,59.51323967201129,94.08741438846175,40.684623613111505
447,9.0,16.0,16.700718503894677,550.7524972057997,27.657142857142855,5.214285714285714,7.0,263.3607275590242,76.31633869017315,3005.5634136922745,29.85768913879811,59.19227671760036,0.7259680469526543,107.47527613203354,1.3181384571759496,58.41688769784845,99.76288491530957,88.2272,61.73055511372674,94.06890712997387,31.740231761748973
450,9.0,23.0,7.159294019113986,714.9864687581311,21.11428571428571,3.2857142857142856,7.0,103.38613460256894,71.7709448454683,4611.177578269078,35.28586727492996,98.2082136098667,1.1180543820643833,137.35674435971603,1.5637420159941573,69.28306945794219,99.7859774414782,88.215,61.47487907009504,94.1161252171342,37.49184020647084
451,9.0,23.0,8.159294019113986,835.9394873526273,24.37142857142857,2.828571428571428,7.0,113.76271249465034,60.11481665383321,6224.560950401188,40.73996531901214,140.09073011407412,1.6585830874552656,167.58477405790876,1.9840946773646302,82.86476661773996,99.8429394126886,88.2462,59.36014600329597,94.00315100342634,43.338935859210935
452,9.0,23.0,9.159294019113986,888.3123326717201,27.614285714285714,2.357142857142857,7.0,126.77554133590093,49.48398534683071,6808.851684255411,41.9367677239542,156.84135580209085,1.9846417138287813,176.56104731808588,2.2341710689298906,88.03919814745329,99.92199617237031,88.2008,57.502155857123405,93.9942144291978,44.61632875877009
453,9.0,23.0,10.159294019113986,901.1333780245751,29.085714285714282,2.585714285714286,7.0,144.15886558663254,40.82812565996279,6941.08767995404,42.14297842285126,160.8542585603083,2.184547874826081,178.5021645884718,2.4242225713744516,91.1929076728437,99.94781764308175,88.1524,55.76575594962454,94.05656460397451,44.80599371271363
454,9.0,23.0,11.159294019113986,949.7940768266229,30.52857142857143,2.814285714285714,7.0,167.0688436975752,35.70847809532271,7236.883055348508,41.68778971130908,169.89966664012672,2.4276031201809642,178.88052872237537,2.555925731072024,92.64488550740504,99.95921548723898,88.2688,54.19005177213009,94.11043765973555,44.29666968719761
455,9.0,23.0,12.159294019113986,978.6700498289696,32.0,3.0428571428571427,7.0,192.91543395437614,35.72326604701961,7385.336672127507,41.287707739832406,172.65032037397924,2.5222927548587144,176.41320525150562,2.577265703900416,92.58080862991721,99.95919237169402,88.2188,53.78599908372155,94.0257221168037,43.91107753316974
456,9.0,23.0,13.159294019113986,960.7470954211193,32.457142857142856,3.1714285714285717,7.0,215.79693869765146,40.86777922492628,7255.589501672751,41.31905641703233,165.9804132362138,2.3856254642135077,172.7618163273868,2.4830941207975536,91.11027509455738,99.95373604143799,88.1896,54.68866280652714,94.0739388558603,43.92189475593364
457,9.0,23.0,14.159294019113986,932.9101874921141,32.871428571428574,3.285714285714286,7.0,233.14813571418696,49.5409820497455,6950.349510294827,40.76182126643287,157.85550237830785,2.1671816187863344,169.20760915116728,2.323033500804871,87.92227394121134,99.93161448685956,88.3228,55.86659778116163,94.02139965767037,43.35376990221978
458,9.0,23.0,15.159294019113986,875.9170491815687,33.32857142857142,3.4142857142857146,7.0,246.1341840326541,60.18507670782583,6251.603004487282,39.049473538774805,137.8156747415738,1.8326541822359292,157.3387284450562,2.0922691069300545,82.43224535116991,99.85864603744521,88.289,57.15539867656033,94.0088032291737,41.53810302592662
459,9.0,23.0,16.159294019113986,735.6722189380362,31.32857142857143,2.657142857142856,7.0,256.487202873522,71.8538491093728,4568.728334710145,33.97799517136118,95.33231478158,1.1987958920828135,129.58531303410493,1.6295244828101698,68.69098387013278,99.82989802953878,88.1824,59.70188248872006,94.11686359571513,36.101920392625686
462,9.0,31.0,7.114228087494666,643.4638267931838,22.671428571428574,4.3428571428571425,7.0,105.97582732352723,73.65986118139041,3974.887226332578,33.79772327064384,85.02128442764298,0.9769387611403462,132.13063561220162,1.518249698680179,66.69927508129538,99.77854872268446,88.1458,61.22982674364928,94.09455544826561,35.9188936167792
463,9.0,31.0,8.114228087494666,818.7587613654657,25.814285714285717,3.9142857142857137,7.0,116.4058453654533,62.19389121951909,6052.91003923916,40.44781171219845,136.5823561814292,1.6360067646705074,166.81635986850043,1.9981548190606175,82.73904944605502,99.83045084661242,88.234,59.06880219425914,93.95660998185676,43.049458382980205
464,9.0,31.0,9.114228087494666,895.5642515568563,28.97142857142857,3.4571428571428573,7.0,129.37725202039923,51.85735215676144,6879.5108238978855,42.02885711730907,157.63984344276653,2.0323601352731973,176.02292986653288,2.2693627305244997,88.72912521915624,99.92225589370591,88.2382,57.17276703081334,93.96655359162054,44.727464731724496
465,9.0,31.0,10.114228087494666,909.0027241054204,30.571428571428566,3.7,7.0,146.32894926927912,43.57719848409003,7003.565938001559,42.15419583050359,161.69634842502376,2.234888079534702,177.88323856141847,2.4586153817461103,91.7073398392368,99.94901150300493,88.2552,55.42510956782776,94.0180730038085,44.83626869144191
466,9.0,31.0,11.114228087494666,904.2530776892872,32.18571428571428,3.9571428571428573,7.0,167.98257961564923,38.770296168852546,6860.683752508944,41.51109377405251,159.57725701902086,2.3360978281244447,176.4741099104709,2.5834557667130853,93.07253182465898,99.95304418836766,88.168,53.830738959633074,94.01676250864264,44.15286451736363
467,9.0,31.0,12.114228087494666,914.146000282056,33.785714285714285,4.2,7.0,192.00604740181427,38.78545333337991,6868.653872043823,41.10956108721259,157.29023640255772,2.3910043871642648,172.06248931136435,2.6155607380292976,93.0556372426005,99.95760319767112,88.2142,53.26185572622278,94.06531728152694,43.70320780843836
468,9.0,31.0,13.114228087494666,899.6325633233948,34.128571428571426,3.9571428571428573,7.0,213.63332458728954,43.61831854594564,6745.4631707487115,41.02356327724284,154.36782296936045,2.2836762022817463,171.58985708465198,2.538454359461445,91.65842946855875,99.95172257479601,88.24,53.92494563331799,94.10560045752348,43.593115688964424
469,9.0,31.0,14.114228087494666,852.2624025413694,34.42857142857142,3.714285714285714,7.0,230.55320336400152,51.91691775678187,6302.995030525568,40.46321683446055,144.82863292627925,2.0224295911661723,169.93432127759402,2.373012801146068,88.48054902224422,99.92501081792581,88.2794,55.15478409126978,93.99306940054014,43.049149360184664
470,9.0,31.0,15.114228087494666,781.0495574968598,34.771428571428565,3.471428571428572,7.0,243.49671087888856,62.26716848838874,5512.208066449536,38.61302117809681,120.967499659338,1.658172235120341,154.8781360903906,2.1230051527517926,82.39764835771739,99.86313599840476,88.2628,56.58709809171564,93.95472863243579,41.0974750713787
471,9.0,31.0,16.114228087494666,621.9222069189681,32.771428571428565,3.1714285714285713,7.0,253.90166767281585,73.74545749915985,3680.682258246729,32.38016332465454,75.90192591243772,0.9993896690167252,122.04408375841639,1.6069367806751085,66.26317546894474,99.82731308681257,88.2522,58.974481213351226,94.05193585390828,34.4279604993468
474,10.0,8.0,7.078970062538247,489.04522245035633,18.97142857142857,4.014285714285713,7.0,108.17726914353874,75.32065070720648,2896.8716270372493,32.40910226371111,62.55668604010965,0.7135081379719276,127.91595371624324,1.45898192072484,64.06632217043004,99.76600800570668,88.0372,61.23404894843746,94.05792951623759,34.45653378763372
475,10.0,8.0,8.078970062538247,670.9339129312377,21.728571428571428,4.142857142857142,7.0,118.61234120156104,64.03342138532064,4982.747392060375,40.63272022859392,111.59910053337386,1.312754333518314,166.33396878957788,1.9566075111377697,82.32813198484823,99.82459917285139,88.255,59.58692488779821,94.0155668410285,43.2191408230299
476,10.0,8.0,9.078970062538247,791.6802741578232,24.514285714285716,4.257142857142857,7.0,131.49428906996843,53.955944317570655,6205.844955771071,42.88820486787331,142.7689844381896,1.7562984781462356,180.33667011605786,2.2184441566572537,89.16207193111492,99.89745288391076,88.1546,58.126230636285804,93.96933680286939,45.64063802838683
477,10.0,8.0,10.078970062538247,840.6083352488416,25.89999999999999,4.314285714285714,7.0,148.03568620530783,45.98732905142615,6629.1911353071855,43.14729961914623,154.23426722354404,2.0115675092440695,183.47934555976863,2.3929902011364113,91.96242757456825,99.93901139512,88.2132,56.61494973876864,94.00337397869023,45.89973507645306
478,10.0,8.0,11.078970062538247,775.5844172108326,27.328571428571426,4.371428571428571,7.0,168.67889402004482,41.42562801595674,6110.99678902659,43.109179040195336,142.56191458587816,1.9332116645003572,183.81224715494065,2.492587037079213,93.49974415630726,99.95104194526671,88.2388,55.61706026150964,93.99491965636328,45.86330750406351
479,10.0,8.0,12.078970062538247,724.503247159851,28.71428571428571,4.428571428571428,7.0,191.30996918344297,41.44050838758692,5663.532869538685,42.7694692318895,129.07522804198805,1.8102110944895848,178.15686616723957,2.4985548395895436,93.22760554858162,99.95078773639462,88.18939999999999,55.348399246704325,94.0332954820302,45.48332482940871
480,10.0,8.0,13.078970062538247,675.5473257384652,29.042857142857144,4.385714285714285,7.0,211.92931805166347,46.02805497483879,5283.542662124988,42.79137197245553,121.71772267712072,1.6437485966179495,180.17645550452986,2.43321013049842,92.16875446388224,99.94309809344608,88.222,56.00203239584538,94.02405929766293,45.511087579175765
481,10.0,8.0,14.078970062538247,656.9477639470952,29.34285714285714,4.314285714285714,7.0,228.44033779026296,54.015356948878576,5038.709933138447,41.963846581508285,115.57519991877514,1.4921953657755718,175.92753375758892,2.27140641564881,88.76691003022425,99.9079832466049,88.2448,57.044630663902105,93.99832182070523,44.643186993860574
482,10.0,8.0,15.078970062538247,560.8982031181703,29.671428571428567,4.271428571428571,7.0,241.29442146098208,64.10653240171456,4046.2793961662046,39.469224236091094,89.6160909245062,1.1339184333057386,159.77246927572315,2.021611812984974,81.87276849504455,99.83929716877424,88.2374,58.22992294734357,93.97637334788881,41.99909278258797
483,10.0,8.0,16.078970062538247,357.5137718665311,27.97142857142857,4.0285714285714285,7.0,251.70382761072932,75.40555037084337,2071.8929219154834,31.70744898345829,43.32546109912935,0.5303399678270915,121.18543258608744,1.483411296460716,63.457541434760735,99.78534345047923,88.1408,60.382073776940956,94.08627864499972,33.70039652975838
486,10.0,16.0,7.045982091747646,566.1970813225971,17.974999999999998,4.35,8.0,110.5900887757645,77.19381462017702,3158.839911500864,30.52437370676659,68.56728701249405,0.7841006081782336,121.10144907904792,1.3848545569091046,60.32747215643091,99.76114866397496,88.172,61.164328898812435,94.04620731956655,32.45678329488138
487,10.0,16.0,8.045982091747646,778.4237106977632,21.2,3.7875000000000005,8.0,120.98921383515288,66.11970541278602,5707.588532871239,40.11653110550957,129.14018933007273,1.5081108562672927,165.89960911431396,1.9373906980755413,81.4353740738454,99.80747295210408,88.1954,59.490193761814744,94.07103000767665,42.64493659975432
488,10.0,16.0,9.045982091747646,856.1273971194817,24.375,3.2250000000000005,8.0,133.72165542016913,56.33397406762969,6725.1452968975,42.978380659227824,155.9695053685549,1.9010807718432747,182.1802524873383,2.220558269995369,89.25490870491986,99.89487826041645,88.2786,58.110943031644545,93.96396958958427,45.73921349528841
489,10.0,16.0,10.045982091747646,877.0675223853154,25.9875,3.425,8.0,149.7789153718854,48.69817547401734,6980.61607042513,43.545922455618495,161.3794673430112,2.0952756535466213,183.9989091194664,2.388955924223722,92.45575817767286,99.93220231373776,88.20360000000001,56.811256151879086,94.05618704518768,46.29777564201875
490,10.0,16.0,11.045982091747646,855.5479372291841,27.624999999999996,3.6,8.0,169.37220227516366,44.38622125728839,6774.704964335363,43.324425220479384,157.08573507810803,2.133729182442509,183.60833828534837,2.493991382122783,93.8892108227673,99.9433071866078,88.1946,55.73296605804553,93.93106649079095,46.12363815194937
491,10.0,16.0,12.045982091747646,804.4788535960513,29.237499999999997,3.8,8.0,190.61542017358087,44.40036956319994,6329.031050900031,43.043677139690466,143.83659639864194,2.0226358077945026,178.7947511058704,2.5142187376998697,93.85764063202502,99.94512695626936,88.20360000000001,55.34942918852206,93.98935101878533,45.796334024146496
492,10.0,16.0,13.045982091747646,765.9898447338578,29.3875,3.8249999999999997,8.0,210.1878068475838,48.737219635263166,6008.719934303671,42.9186172816701,138.4608721833143,1.8715743656417518,180.76071521734386,2.443340963994148,92.53251739173672,99.93857382474273,88.236,55.94737236028296,94.01403454720139,45.65128758528288
493,10.0,16.0,14.045982091747646,735.3424685686257,29.5125,3.8375,8.0,226.21701119876926,56.39134653385824,5655.076388868152,42.07611163215004,129.26893848657264,1.676512252476097,175.79419659821897,2.2799067429622237,89.01568418545669,99.90806346790939,88.3218,57.02318433918173,93.93969505699795,44.79055590570135
494,10.0,16.0,15.045982091747646,664.710719192226,29.662499999999998,3.8625000000000003,8.0,238.92244098434898,66.19037164912122,4734.027517492361,38.9659139685774,104.784379749701,1.3262085972138122,157.63907023650492,1.9951665573039894,80.80224695809413,99.84085493995788,88.2214,58.226632304356215,94.0280697102167,41.44072518840991
495,10.0,16.0,16.045982091747646,490.90827111818635,27.412499999999998,3.5,8.0,249.29591493806694,77.27542914132957,2679.639437479387,29.865018153610556,55.592955159445644,0.6894749323878532,113.24509777115085,1.4044883188001163,59.777379992174914,99.80062511624531,88.1756,60.432864620146866,93.94443107286841,31.790088898878555
498,10.0,24.0,7.523288604870686,638.2907500337125,15.457142857142857,4.799999999999999,7.0,117.80350035665467,73.44373010097057,4057.9279260540416,34.78344156103943,91.85124204768422,1.0654579837496265,143.90188490563733,1.6692361336794437,70.39102119826818,99.76484834192003,88.19839999999999,59.685649668716124,94.09078792033208,36.96795651290648
499,10.0,24.0,8.523288604870686,789.8294160942854,18.185714285714283,4.514285714285714,7.0,129.12783916783553,63.17897235823059,5994.4385223113495,41.52426727337729,139.82109609152306,1.6526475746857832,177.0269544820701,2.0924107674517143,85.8081238084338,99.81725013604208,88.208,58.50456802518661,93.9442531167858,44.20096588745757
500,10.0,24.0,9.523288604870686,855.2767406046551,20.957142857142856,4.214285714285714,7.0,143.1115141741791,54.63907557531612,6840.500677551638,43.75906162748475,160.13499197547787,1.9579202154796962,187.23178635989473,2.2892242037302513,91.36571629978609,99.89205859676176,88.196,57.83193796197084,94.0020097977641,46.55119791760621
501,10.0,24.0,10.523288604870686,885.359511333639,22.7,3.6999999999999997,7.0,160.3141920948586,48.790051734507045,7141.377551113466,44.13154260898084,164.72678162171394,2.13783470167339,186.0563754192711,2.414651533424107,93.62717322645156,99.92292888376089,88.2302,56.88741887112617,93.98283658869224,46.957023442608694
502,10.0,24.0,11.523288604870686,905.124409555813,24.44285714285714,3.1571428571428566,7.0,179.9936743246769,46.68361749232201,7300.22979831503,44.12807936538713,164.18728961387393,2.2322534886556387,181.3974829100547,2.466239408736209,94.43564991886512,99.9326547410382,88.20219999999999,56.39938826540568,93.9978274863212,46.94585028766623
503,10.0,24.0,12.523288604870686,849.6800091291565,26.185714285714287,2.642857142857143,7.0,199.66467163680971,48.81550487283113,6807.004273711809,43.831607089212156,157.06392948802272,2.0670961209105565,184.85068237511996,2.4327936384300006,93.54095353473278,99.93063206430816,88.2252,56.56753323351935,93.95655294933852,46.650931428749
504,10.0,24.0,13.523288604870686,817.9297313255481,26.57142857142857,2.7285714285714286,7.0,216.84426629329906,54.68497514655015,6457.919436668624,43.19797607489901,148.01151351575484,1.9011903987165346,180.9587154582159,2.324393313879714,91.0577444338325,99.91101671889434,88.3312,57.18086492635911,94.00875086200746,45.9510159201115
505,10.0,24.0,14.523288604870686,798.4986453728517,26.899999999999995,2.8000000000000003,7.0,230.8020972586738,63.23959416085143,5986.397843598561,41.01834784465996,133.98539639723353,1.6853447012449567,167.7966483395476,2.110641904042305,85.2421411657155,99.86324452921419,88.1866,58.16069765857426,93.94765305604473,43.660854220797134
506,10.0,24.0,15.523288604870686,601.9126030826059,27.28571428571429,2.885714285714286,7.0,242.10138373966134,73.5152926189633,3787.351009111845,34.42618449454231,81.66737614341403,1.005603650132919,135.6797909283951,1.670680502423225,69.91649809001463,99.81267710528228,88.08319999999999,59.56809852794984,94.01923194427472,36.61610904771775
509,10.0,31.0,7.513643891040374,410.4607037674536,12.142857142857142,4.942857142857142,7.0,119.61360760117114,75.02446586715475,2462.2591342619044,32.8207834282915,56.31744070625174,0.6717627929376002,137.2054381560442,1.636606834154305,67.45613694027645,99.74242245440765,88.1288,58.81335763317702,94.11389222020195,34.87347367538411
510,10.0,31.0,8.513643891040374,540.4254240772674,14.285714285714285,4.857142857142857,7.0,130.82019664538993,64.97121854451404,4026.7492117562238,40.76670230031626,94.68294486640279,1.1281297852954724,175.20075971271382,2.087484664922385,84.9869336358593,99.79724774599887,88.0878,58.06218234268996,93.97790055248619,43.379030666415304
511,10.0,31.0,9.513643891040374,807.8488731968677,16.5,4.785714285714286,7.0,144.53204834649105,56.67585120377494,6432.108399694731,43.56221989951061,151.0004080340418,1.8574704043968187,186.9166536514361,2.299279563325163,91.43620550585531,99.87961340258774,88.2158,57.509283891880116,94.02224537804513,46.33182256428296
512,10.0,31.0,10.513643891040374,746.0146878927286,18.228571428571428,4.785714285714286,7.0,161.17242289820123,51.0457417131742,6047.279669994682,44.35059467544305,139.1237094456001,1.784390746712027,186.48923634276363,2.3918976069390867,93.68128654354071,99.91205363821405,88.2356,57.16009891331473,93.9489434663195,47.2071244647287
513,10.0,31.0,11.513643891040374,798.8097929515683,20.014285714285716,4.785714285714286,7.0,179.99697444591231,49.03191352323708,6501.2950959367,44.529033657600785,145.86672604560786,1.9446761688470406,182.60507987344081,2.4344671109520886,94.55151004905146,99.9190338492941,88.185,56.86954113780393,93.98361198807419,47.37957258255959
514,10.0,31.0,12.513643891040374,805.5447116399267,21.742857142857144,4.785714285714286,7.0,198.81647175606884,51.07128519535542,6532.494662857765,44.36864689663263,148.66920073621486,1.9239725057990098,184.55735428211594,2.3884118137678407,93.52226706539935,99.91843670348344,88.275,57.22186320193191,93.99739258273001,47.201997499645984
515,10.0,31.0,13.513643891040374,792.4612334414174,22.085714285714285,4.742857142857142,7.0,215.43490503064294,56.72211282862429,6334.161662732029,43.73185393951083,146.45808280431066,1.8127346536661118,184.81419232116613,2.2874742349148844,91.29747129358174,99.88147845989982,88.254,57.85995140069019,93.91646014367726,46.564631878808086
516,10.0,31.0,14.513643891040374,731.1477582225132,22.42857142857143,4.757142857142857,7.0,229.1215575564669,65.03239747006462,5495.8205151713755,41.12578112004855,124.40732698820399,1.5052005412223821,170.15346841881802,2.058681742910163,84.46696171187618,99.83170016807333,88.2948,58.77508049127472,93.97892217418159,43.76064352368882
517,10.0,31.0,15.513643891040374,602.433529031082,22.77142857142857,4.714285714285715,7.0,240.3033862221227,75.09640092078244,3673.6348502970704,33.363655104035566,80.06039312814146,0.9487685213410229,132.89498221804786,1.5748932880063387,66.91225568277834,99.79105791393673,88.1584,60.23561453244246,94.09342577530863,35.458008706906526
520,11.0,8.0,7.51580449465655,599.419519797613,9.971428571428573,4.328571428571428,7.0,121.47473197840779,76.69695769432488,3373.2399660705128,30.78953481420774,78.098769145933,0.9472541850996228,130.29066716462978,1.5802858495823626,63.858564963347106,99.75683835421303,88.1718,58.270935702965296,94.07183105186758,32.72981345205409
521,11.0,8.0,8.51580449465655,793.7089547201712,12.57142857142857,4.5857142857142845,7.0,132.5331079173298,66.86907928030179,5766.780359886254,39.751992537659625,135.53817970710946,1.6552074302774662,170.7655922250425,2.085408537265431,83.57650080662444,99.78598083803011,88.2164,57.51309816466653,93.9483362764037,42.31260936937298
522,11.0,8.0,9.51580449465655,740.8128025823369,15.157142857142855,4.857142857142857,7.0,145.94202103984975,58.82495061698194,5854.507264362368,43.23830310958079,137.84898785024146,1.7028276547175787,186.07803127824639,2.298593718658527,91.19311407934532,99.85755502730952,88.17439999999999,57.2941368877259,93.98812214055202,46.00400787337918
523,11.0,8.0,10.51580449465655,791.3834157295527,16.52857142857143,5.014285714285714,7.0,162.00601265968592,53.4120214670298,6401.3183065626,44.255703600015494,147.32096755940717,1.9044902107984572,186.15624819935908,2.4065328802003827,93.98430101684384,99.8927641900409,88.21679999999999,56.902120010621616,93.9074733663852,47.12692399608007
524,11.0,8.0,11.51580449465655,785.785321941974,17.914285714285715,5.214285714285713,7.0,179.99504253430004,51.486777993587424,6402.494599942718,44.57918047160866,143.83835010417025,1.9087114705905677,183.0504414980558,2.429049534640602,94.59411729972894,99.9079385954967,88.202,56.87351907835607,94.03281095986623,47.40811214357436
525,11.0,8.0,12.51580449465655,609.348336064547,19.285714285714285,5.371428571428571,7.0,197.9782762573981,53.4335626560167,4945.392856788625,44.403984180696895,114.14731972534963,1.4514469332041278,187.3268752362003,2.381965859754771,93.66348333761579,99.90482211933947,88.2558,57.240977273912975,93.93228506213543,47.27233469442804
526,11.0,8.0,13.51580449465655,425.0580959633535,19.057142857142857,5.214285714285713,7.0,214.02430832390962,58.86415774688432,3387.2405128214914,43.599801716337616,78.06972800197774,0.9670775305818947,183.66837084949572,2.2751655356430893,91.01495014265534,99.8663213679629,88.2714,57.84371334514608,93.94562198967665,46.409615257141674
527,11.0,8.0,14.51580449465655,340.36904335005704,18.814285714285713,5.042857142857142,7.0,227.41178232729254,66.92109018517503,2521.5243702478842,40.53217298804827,57.499260989190326,0.6891530439676173,168.9321109324694,2.024723039394769,83.36522621976196,99.82078446496223,88.16199999999999,58.79141857188309,93.97202872892298,43.13216766339021
528,11.0,8.0,15.51580449465655,376.5437491978012,18.585714285714285,4.885714285714286,7.0,238.44830940982382,76.75806402479587,2172.3319319227176,31.564398318662178,47.301606125469306,0.5642936792130769,125.6204789649062,1.4986138540747607,63.380798692927456,99.77314128987325,88.1606,60.16148139053167,94.10942129769607,33.540104575518114
531,11.0,15.0,7.529927776590739,524.9333649233542,10.785714285714285,5.4714285714285715,7.0,122.90439598616732,78.0022232333584,2822.604655336559,29.41932117606762,65.31886459436954,0.786308497813737,124.43267842939794,1.497920594033009,60.7290151352658,99.75934057957865,88.17439999999999,58.54401095015813,94.07145326099199,31.273378008147283
532,11.0,15.0,8.529927776590739,655.8788165298181,13.328571428571427,5.514285714285714,7.0,133.83228340977377,68.35266871027609,4729.8978971459055,39.456170636225515,109.97927131718264,1.3379035574945126,167.6823043303498,2.039863956230835,82.29568132300228,99.80714536616318,88.253,57.890530273787846,94.02411377560226,41.96388463750004
533,11.0,15.0,9.529927776590739,771.1046752623508,15.871428571428574,5.514285714285714,7.0,146.99599848754156,60.501524669491026,6097.651285646199,43.26493140502039,143.347516015957,1.760407642079135,185.898906613666,2.2829684458600856,90.8652243964439,99.84255286372554,88.28359999999999,57.47260751084015,93.99001164649914,46.03141402699452
534,11.0,15.0,10.529927776590739,881.1111603130513,18.085714285714285,5.0,7.0,162.62201976337707,55.25110457176485,7161.987254911735,44.47230231621686,164.95428897106902,2.1037783503083327,187.21166681450518,2.387642382785026,93.93638408258211,99.89457336220285,88.213,57.2140263277349,93.9028502290894,47.35990676291543
535,11.0,15.0,11.529927776590739,884.8853015805186,20.32857142857143,4.485714285714286,7.0,179.99626629458598,53.39124224860181,7213.661475042165,44.60212474999053,162.39785489186613,2.1490264532294416,183.5241862440282,2.428593230547513,94.57096247872366,99.90796447337998,88.22680000000001,56.916283966528106,94.00708004114078,47.44549530787584
536,11.0,15.0,12.529927776590739,886.5636128517102,22.542857142857144,3.9714285714285706,7.0,197.36630761092752,55.27043703140566,7175.066818138712,44.279511274547914,163.4619185791675,2.1160182513956047,184.37697668797594,2.386764154000461,93.58688432243429,99.90319392048752,88.21759999999999,57.14960025960999,93.93772137422766,47.13709320044913
537,11.0,15.0,13.529927776590739,757.9808326707655,22.814285714285717,3.771428571428571,7.0,212.9767513784389,60.53681960964234,6012.3359327141525,43.39820693464286,136.65369196094022,1.7203048332265636,180.28647436827305,2.2695888326951805,90.54875424520709,99.8720463079132,88.31320000000001,57.77469892358521,94.05503420504185,46.14129089574716
538,11.0,15.0,14.529927776590739,645.7138406801915,23.07142857142857,3.585714285714286,7.0,226.12147867493422,68.3995588660578,4710.592562631236,39.91372108659758,104.6245774376216,1.2867012409818401,162.02932451844399,1.992680286404324,81.82226909369956,99.83884786422422,88.2396,58.88482520483011,94.03384994988049,42.44612031504758
539,11.0,15.0,15.529927776590739,468.0122305945429,23.342857142857138,3.385714285714286,7.0,237.029706043905,78.05720981250754,2577.184228864342,30.128328221320235,55.24189264190554,0.6695009771943388,118.03514743990466,1.4305202587202328,60.33823373464971,99.80187875160945,88.22879999999999,60.26415608603811,94.09667389051164,32.018483731291866
542,11.0,23.0,8.06001693915914,585.1188261325709,10.8125,4.8625,8.0,129.43912087827542,74.35398506692448,3644.814806572092,34.081458079735604,85.17468747746723,1.0448420314574298,145.5681883292696,1.785692042013871,71.29534859535683,99.77308379351305,88.2264,57.69441370864583,94.1263571600159,36.20819832833511
543,11.0,23.0,9.06001693915914,738.6816388636469,12.9875,5.075000000000001,8.0,141.23907721492847,65.69779538280713,5508.69078654324,40.801662843621955,129.98227151279264,1.612939920610102,175.96521244625933,2.1835386663886394,86.4189343870266,99.8074738252842,88.1958,57.08358893963147,93.96080273202729,43.42413182653066
544,11.0,23.0,10.06001693915914,774.5297967300903,14.725,4.675,8.0,155.3244275406448,59.21564385827751,6162.636013117789,43.53265540899101,144.07398856422077,1.82473486921831,186.0147784791138,2.3559259784736173,92.40365476082437,99.85993508965969,88.2448,56.866906033962316,94.01258785355944,46.30513466643479
545,11.0,23.0,11.06001693915914,769.880019056554,16.5125,4.262499999999999,8.0,171.48469941428266,55.69211843379153,6263.159225082954,44.50995712158742,141.3473449932113,1.8639501374665308,183.59658842221253,2.421091717318109,94.48813138254549,99.89143294908001,88.2404,56.84432171681533,94.01499245587284,47.34346720548719
546,11.0,23.0,12.06001693915914,759.8046802733712,18.25,3.8625000000000003,8.0,188.5162545362021,55.700916327566915,6208.751793294923,44.708397713841904,139.52332214989954,1.8263813225851953,183.63051159371676,2.4037510823545847,94.37686599702339,99.88265569640899,88.2872,57.15484511859348,93.99022245502091,47.56707298489174
547,11.0,23.0,13.06001693915914,745.4798179040392,18.525000000000002,3.8624999999999994,8.0,204.66664247444106,59.24041786436519,5986.488873879883,43.9362574980928,137.07285925451768,1.731829768681171,183.87199218874383,2.323107516914828,92.23950197782366,99.86242441275395,88.2424,57.51500777340248,93.9821793586779,46.74956230841642
548,11.0,23.0,14.06001693915914,710.2290768158268,18.8,3.875,8.0,218.736742439563,65.73489008746253,5415.010683182922,41.71455749857159,122.4719069039833,1.5050781191588756,172.44000689617235,2.119144608816354,86.25946041218789,99.82974575214519,88.221,58.41186863296348,94.00433093978283,44.37514429552511
549,11.0,23.0,15.06001693915914,604.9775417045297,19.075,3.8750000000000004,8.0,230.51994256506543,74.39971631890312,3865.1842093631926,34.95567681482828,84.95774836027357,1.0264345688656094,140.43124331674255,1.696649045803619,70.79143272124709,99.81336429565998,88.1932,59.62789366183263,94.07273059806133,37.15813986965172
552,11.0,31.0,8.103834254136927,498.86860931236725,9.028571428571427,2.7857142857142856,7.0,130.45574218711448,75.42794693134505,2978.7012394534763,32.66837561478914,69.99437432161344,0.8753375599065915,140.30623096949833,1.7546454989684421,69.03334900193384,99.7702692589426,88.19019999999999,57.154189908578026,94.10204300775922,34.715904746186496
553,11.0,31.0,9.103834254136927,652.7563378047655,11.828571428571427,2.942857142857143,7.0,142.10416568210746,66.91547604883357,4796.419215939094,40.20247667459308,112.38800644094918,1.4184303404849565,172.1745158674562,2.1729859341621567,85.55174641341735,99.8065290217808,88.17859999999999,56.81756203981456,93.97648188144949,42.77929527656521
554,11.0,31.0,10.103834254136927,720.8872691396473,13.514285714285714,2.9571428571428573,7.0,155.93171150777349,60.5676293745233,5687.235040353649,43.16389154758573,131.36022607929132,1.7010360290504165,182.22020515921298,2.3596422101898695,92.12463353577664,99.8310944850649,88.215,56.63366111779802,93.94245614035087,45.947160975968615
555,11.0,31.0,11.103834254136927,719.6868981847363,15.314285714285711,2.4,7.0,171.7056578203284,57.12862520280333,5825.160173927542,44.28442874114221,132.04044787010315,1.7354913506500729,183.46929505476382,2.4114533070248974,94.14366898489389,99.86875480269019,88.2318,56.75813700122566,94.05394597404675,47.08407316941498
556,11.0,31.0,12.103834254136927,675.3651033943054,16.514285714285712,2.4285714285714284,7.0,188.2894219295336,57.13455719091337,5474.642667914245,44.35105273750144,124.32549860685448,1.6286268641870238,184.0863526735527,2.411476186734756,94.09407218764359,99.8724983750903,88.3126,56.8204081632653,94.0521514259033,47.155808841270726
557,11.0,31.0,13.103834254136927,661.3409486975643,16.871428571428567,2.1428571428571423,7.0,204.05674068825317,60.584359895522745,5276.603631598423,43.65317430929912,120.7575569186766,1.5367378165670516,182.59500966406944,2.323669537767897,91.91070741737929,99.8640534723009,88.27000000000001,57.31684628474192,94.00373677877003,46.43770110121604
558,11.0,31.0,14.103834254136927,611.083029203497,17.04285714285714,2.5142857142857142,7.0,217.8738456868977,66.94056497544256,4589.207117629239,41.08887090392025,105.6717796176359,1.287453821666579,172.92540386102937,2.106839431205745,85.36279854723495,99.82445317390476,88.1816,58.175691948361184,93.99377467770093,43.71445986163611
559,11.0,31.0,15.103834254136927,509.1984988168046,17.07142857142857,2.371428571428571,7.0,229.51048279566464,75.4588733102814,3140.5288619445028,33.74445714806704,70.03303135707012,0.8472439651976191,137.53581662122306,1.6638775785205797,68.7114280235287,99.80301975922622,88.2322,59.291333932935416,94.06140468483653,35.87492368536457
562,12.0,8.0,8.15155495063118,440.3956564415166,8.585714285714285,2.4285714285714284,7.0,131.0883013625909,76.09986768021017,2563.2934490723123,31.845060058562094,60.9684469580597,0.7612982521674782,138.44016412581524,1.728668848187372,67.4960896185341,99.76024781945618,88.2578,56.96850062807934,94.06283269469243,33.85509360740204
563,12.0,8.0,9.15155495063118,430.85564186190976,10.514285714285714,3.9714285714285715,7.0,142.6389992234497,67.67715208896261,3114.7802044755535,39.55326995045564,73.64844403197267,0.9341298887996864,170.93531307541093,2.1680809023711873,84.70521584757243,99.78887021754758,88.1922,56.48501238551917,93.93484636955796,42.107132208259955
564,12.0,8.0,10.15155495063118,436.51630000392834,12.057142857142857,3.7714285714285714,7.0,156.30532896395334,61.41202618803688,3403.9808343838195,42.66516331879045,78.8455003103413,1.0355625141470026,180.62441267286408,2.3723341239208784,91.6863942312694,99.82421724573794,88.2908,56.20294183054294,93.94163295299465,45.416672009670854
565,12.0,8.0,11.15155495063118,486.1301220026074,13.514285714285712,4.342857142857143,7.0,171.84280149310217,58.02447776433946,3901.622082805771,43.911618050946544,87.33149489122177,1.177533917102614,179.6463352887097,2.4222607565476024,93.95311300691635,99.8587410494429,88.2068,56.436828326267964,94.01940825736057,46.70484410064217
566,12.0,8.0,12.15155495063118,541.2596509971972,14.128571428571428,4.271428571428571,7.0,188.15462887291307,58.02853966313926,4352.780941773453,43.99951910063691,99.61553940220777,1.3124331019411222,184.0439042863803,2.4247754280651495,94.13393501400667,99.85734794175079,88.1866,56.44645517642356,94.03345994141694,46.791343345282314
567,12.0,8.0,13.15155495063118,495.9485033813622,14.614285714285714,4.185714285714286,7.0,203.68765223228448,61.42349431114208,3919.394585643019,43.23835629676573,90.2675666745578,1.1538510127386106,182.00995881450638,2.326554077432815,91.57409290075935,99.83726016840626,88.239,57.03067356524858,93.97986521076244,46.00810631064209
568,12.0,8.0,14.15155495063118,358.4027628496424,14.771428571428569,4.328571428571428,7.0,217.34692253839617,67.69436810810409,2650.0134830459915,40.4541896694875,61.551547061243,0.7532591683821181,171.73848374340014,2.101711388586941,84.51761977379515,99.8190878217539,88.2196,57.85714285714286,93.94649551512296,43.06088209855089
569,12.0,8.0,15.15155495063118,328.5037223532776,14.614285714285714,3.657142857142857,7.0,228.8895964165946,76.12109082129557,1974.2185813268618,32.88074974665207,43.702968926386205,0.5382173958179791,133.03644967342987,1.6383905544886714,67.2495986113767,99.79229637221579,88.2026,59.056753397546444,94.0597983124733,34.95728285257416
572,12.0,16.0,8.21363855371601,600.9277245094169,9.442857142857141,3.314285714285714,7.0,131.4998734068139,76.53805779987256,3456.7569478083765,31.47265454916828,81.46241825238548,1.0141823156004257,135.56109150878245,1.6876943336711252,66.38820121325601,99.77224987183384,88.1668,57.2789486847191,94.08764339300599,33.450359063311176
573,12.0,16.0,9.21363855371601,734.932048140181,12.07142857142857,2.557142857142857,7.0,142.98516048463503,68.17314812612791,5339.923063816061,39.75342808621738,125.0205547569116,1.5643136150279895,170.11171995191745,2.1285146279668186,84.15988806370066,99.80544173569554,88.1998,57.09374950300018,93.98510901616838,42.29758150238306
574,12.0,16.0,10.21363855371601,750.1155387367804,14.285714285714285,2.4285714285714284,7.0,156.54616854625885,61.960625677405865,5872.558434646207,42.833736084504324,136.69451963871376,1.7530575693425954,182.23128648809475,2.33705006604023,91.38292588559743,99.84046657286797,88.132,56.687130787781534,93.9715075040397,45.581620665884245
575,12.0,16.0,11.21363855371601,817.7495765404227,16.2,1.6857142857142855,7.0,171.93173175892625,58.60517017756855,6617.438315703408,44.27477322686072,149.14838191191916,1.961369999392946,182.38882194584238,2.3984971141051914,93.91072173619747,99.87211928277964,88.2072,56.94164441780636,93.98593368738338,47.10787188019832
576,12.0,16.0,12.21363855371601,874.2000825972895,17.54285714285714,1.8999999999999997,7.0,188.0702241723088,58.6071572249441,7073.381588306324,44.26933682115919,161.78812424334646,2.094702051070568,185.06990271914222,2.3961357277010427,93.80805998796222,99.88101740318783,88.2482,56.97682861525336,93.96708959562893,47.111533422674476
577,12.0,16.0,13.21363855371601,835.2491979695125,18.32857142857143,2.228571428571428,7.0,203.45371618209845,61.96624253254538,6650.155014215747,43.56146461469255,153.7573431697193,1.918367263972806,184.085592112513,2.296760378383301,91.35408503171396,99.85313748642994,88.2458,57.56603212576121,94.00532281912271,46.339359632336915
578,12.0,16.0,14.21363855371601,750.3446058975575,18.485714285714284,1.6999999999999997,7.0,217.01145670884603,68.18159468222437,5576.519188041854,40.66204416041303,126.84073159046982,1.552150118935764,169.04330436112582,2.0685830306983974,84.06077077414926,99.82656718651168,88.21860000000001,58.45210842826257,93.97002886770974,43.271290485242616
579,12.0,16.0,15.21363855371601,594.7093426038502,17.84285714285714,1.7142857142857142,7.0,228.4930816283292,76.54848530690428,3539.0327794011146,32.55866548364097,78.52745158029617,0.9498278022573978,132.0434134033861,1.5971294449465212,66.12749457440049,99.80621342391835,88.1382,59.47589675266064,94.10696605847927,34.59750839635888
582,12.0,23.0,8.271275889244862,534.7308720342616,6.5857142857142845,1.9857142857142858,7.0,131.57598831148397,76.62285989811116,3001.9639536033096,30.71545735872627,71.28495783941133,0.9265976264454283,133.3099724880742,1.7328298680799916,66.24336251763359,99.76725088358461,88.1636,56.024893586058866,94.09277049266822,32.64380164161458
583,12.0,23.0,9.271275889244862,601.7135033288006,9.385714285714286,2.142857142857143,7.0,143.04735251917847,68.26711204828969,4295.37901081247,39.05696607167921,100.2122034541068,1.3044136779280986,166.5447142198283,2.167831818152358,84.02491700481299,99.79664843983787,88.2216,56.189872583829114,93.95966913815826,41.56779864161704
584,12.0,23.0,10.271275889244862,647.3434299224589,11.342857142857143,2.8000000000000003,7.0,156.58757189495535,62.06226243385521,5000.334532685764,42.26210138473741,116.34357133154006,1.5381644416384557,179.72464993655086,2.3761181013649932,91.41625723493073,99.81378406209315,88.1772,55.888334677831686,93.98524060257375,44.96674277129007
585,12.0,23.0,11.271275889244862,721.7385440925801,12.314285714285711,1.757142857142857,7.0,171.9448381472918,58.71030814597797,5758.811951754387,43.65558072064928,127.58844288055658,1.7575462757000044,176.77931146239342,2.4351564567051267,93.8486590292781,99.8561356448295,88.2776,56.11623743910988,94.03680852612257,46.42392846469493
586,12.0,23.0,12.271275889244862,735.0296402038574,13.257142857142856,3.0142857142857142,7.0,188.052499704054,58.70949546007573,5876.533580610042,43.74245375763443,133.70609400886053,1.7878544610044411,181.90571739634566,2.432356959793604,93.90057006434517,99.86357991678828,88.2568,56.20197784343358,94.04333150295552,46.513083977952995
587,12.0,23.0,13.271275889244862,699.7127968415817,13.871428571428572,2.942857142857143,7.0,203.41056159744377,62.059962684374796,5495.099675449071,42.967741779952554,127.08120404096577,1.6310974175577593,181.619093740453,2.3310955936783406,91.34803747646032,99.83189355372949,88.2774,56.78834435883762,93.98645273442963,45.716952315844104
588,12.0,23.0,14.271275889244862,683.4338963304347,13.957142857142857,2.3428571428571425,7.0,216.95201549558917,68.26364685684378,5013.503981970802,40.135772015376,114.93630228039409,1.4323097878548092,168.1747172587169,2.0957546816821906,84.0029553054187,99.80758291046146,88.2458,57.69971388346428,94.01687537879087,42.68996587439255
589,12.0,23.0,15.271275889244862,581.6361097792729,13.342857142857143,2.657142857142857,7.0,228.42472007608873,76.61857111863789,3412.850510486882,32.103521696984345,76.24089092945944,0.941011184456671,131.080050993382,1.6178692633333556,65.98629793139071,99.79619303107262,88.12259999999999,58.76169791796959,94.14630936900117,34.099607209408916
592,12.0,31.0,8.33663482328302,256.9654222192171,6.25,3.3625000000000003,8.0,131.33939930903355,76.37077354993684,1459.573120196861,31.076917909527488,34.350516338702995,0.4488241105710758,133.67758215110587,1.746632316110547,66.93976096931729,99.7507953460634,88.2006,56.06814214010329,94.11302028007752,33.02084856807647
593,12.0,31.0,9.33663482328302,281.84779199581135,7.625,3.6750000000000007,8.0,142.84614209480088,67.97834792494373,1989.3318349735478,38.61707426496451,46.94256854419867,0.6244237726927724,166.5529050690463,2.2154644826951566,84.4026329517905,99.77766042559557,88.24340000000001,55.304881926966445,93.9602911217717,41.099355700076664
594,12.0,31.0,10.33663482328302,365.2556810939011,9.237499999999999,3.500000000000001,8.0,156.44591732587492,61.73911081620283,2793.1223822474703,41.83885175330014,64.89320138021901,0.8847584923470005,177.66513907701838,2.4222990582849935,91.68993695771309,99.81228022843773,88.2166,55.16689191491295,93.93885743695316,44.53838687720913
595,12.0,31.0,11.33663482328302,414.9882896958727,10.85,4.7625,8.0,171.89163611487396,58.36420432562123,3283.9124571112648,43.29547422732184,73.73199710975585,1.020506115846644,177.67247640599908,2.4591202720311207,93.91276311840716,99.8538130983464,88.2432,55.66253793372692,93.99591408986555,46.0610172756327
596,12.0,31.0,12.33663482328302,373.41391830831594,11.587500000000002,4.9625,8.0,188.10265854852685,58.36044538124185,2962.5556423867088,43.40730132343346,67.45008699092989,0.9175110929572413,180.63088622004312,2.4570886299949906,94.00525241456157,99.85263912000617,88.2188,55.770313592647426,93.99113325761184,46.18233637471131
597,12.0,31.0,13.33663482328302,329.69797224539616,11.8875,4.6875,8.0,203.55225922653148,61.72848593934419,2568.2749359360273,42.619859038011185,59.088230221749605,0.7803698027457142,179.21927095678308,2.3669232705043157,91.60202857255798,99.8157415213903,88.2456,56.203353655075325,93.98371093371254,45.34813385701626
598,12.0,31.0,14.33663482328302,237.87240673095266,11.8125,5.4,8.0,217.15812076865183,67.96236862979504,1729.100514469305,39.77067343637605,40.188084087518476,0.5077021967875499,168.9480702693419,2.134346743974345,84.25847323853843,99.80446889401445,88.27239999999999,57.01738255932477,93.96522549281138,42.324884794129105
599,12.0,31.0,15.33663482328302,256.8069799895284,11.375000000000002,5.4,8.0,228.67161896765163,76.3510370395018,1507.4362351358684,32.11581136800063,33.789854786085414,0.42451727940140566,131.5768550662573,1.6530597393369755,66.62257365949313,99.77226433668585,88.1724,58.20332925625997,94.1471493523741,34.11235665542832
